2026-05-25T00:02:50.359+08:00  INFO 12956 --- [store] [main] com.example.store.StoreApplication       : Starting StoreApplication using Java 23.0.2 with PID 12956 (D:\1A\store-system\store_springboot\target\classes started by chenchuang in D:\1A\store-system\store_springboot)
2026-05-25T00:02:50.372+08:00  INFO 12956 --- [store] [main] com.example.store.StoreApplication       : No active profile set, falling back to 1 default profile: "default"
2026-05-25T00:02:51.534+08:00  INFO 12956 --- [store] [main] .s.d.r.c.RepositoryConfigurationDelegate : Multiple Spring Data modules found, entering strict repository configuration mode
2026-05-25T00:02:51.536+08:00  INFO 12956 --- [store] [main] .s.d.r.c.RepositoryConfigurationDelegate : Bootstrapping Spring Data Elasticsearch repositories in DEFAULT mode.
2026-05-25T00:02:51.748+08:00  INFO 12956 --- [store] [main] .s.d.r.c.RepositoryConfigurationDelegate : Finished Spring Data repository scanning in 200 ms. Found 1 Elasticsearch repository interface.
2026-05-25T00:02:51.755+08:00  INFO 12956 --- [store] [main] .s.d.r.c.RepositoryConfigurationDelegate : Multiple Spring Data modules found, entering strict repository configuration mode
2026-05-25T00:02:51.756+08:00  INFO 12956 --- [store] [main] .s.d.r.c.RepositoryConfigurationDelegate : Bootstrapping Spring Data Reactive Elasticsearch repositories in DEFAULT mode.
2026-05-25T00:02:51.770+08:00  INFO 12956 --- [store] [main] .s.d.r.c.RepositoryConfigurationDelegate : Finished Spring Data repository scanning in 13 ms. Found 0 Reactive Elasticsearch repository interfaces.
2026-05-25T00:02:51.780+08:00  INFO 12956 --- [store] [main] .s.d.r.c.RepositoryConfigurationDelegate : Multiple Spring Data modules found, entering strict repository configuration mode
2026-05-25T00:02:51.782+08:00  INFO 12956 --- [store] [main] .s.d.r.c.RepositoryConfigurationDelegate : Bootstrapping Spring Data Redis repositories in DEFAULT mode.
2026-05-25T00:02:51.803+08:00  INFO 12956 --- [store] [main] .RepositoryConfigurationExtensionSupport : Spring Data Redis - Could not safely identify store assignment for repository candidate interface com.example.store.repository.GoodsDocRepository; If you want this repository to be a Redis repository, consider annotating your entities with one of these annotations: org.springframework.data.redis.core.RedisHash (preferred), or consider extending one of the following types with your repository: org.springframework.data.keyvalue.repository.KeyValueRepository
2026-05-25T00:02:51.804+08:00  INFO 12956 --- [store] [main] .s.d.r.c.RepositoryConfigurationDelegate : Finished Spring Data repository scanning in 15 ms. Found 0 Redis repository interfaces.
2026-05-25T00:02:52.659+08:00  INFO 12956 --- [store] [main] o.s.b.w.embedded.tomcat.TomcatWebServer  : Tomcat initialized with port 8088 (http)
2026-05-25T00:02:52.678+08:00  INFO 12956 --- [store] [main] o.apache.catalina.core.StandardService   : Starting service [Tomcat]
2026-05-25T00:02:52.679+08:00  INFO 12956 --- [store] [main] o.apache.catalina.core.StandardEngine    : Starting Servlet engine: [Apache Tomcat/10.1.46]
2026-05-25T00:02:52.788+08:00  INFO 12956 --- [store] [main] o.a.c.c.C.[Tomcat].[localhost].[/store]  : Initializing Spring embedded WebApplicationContext
2026-05-25T00:02:52.791+08:00  INFO 12956 --- [store] [main] w.s.c.ServletWebServerApplicationContext : Root WebApplicationContext: initialization completed in 2346 ms
2026-05-25T00:02:55.207+08:00  INFO 12956 --- [store] [main] r$InitializeUserDetailsManagerConfigurer : Global AuthenticationManager configured with UserDetailsService bean with name userDetailsServiceImpl
2026-05-25T00:02:56.207+08:00  WARN 12956 --- [store] [main] ConfigServletWebServerApplicationContext : Exception encountered during context initialization - cancelling refresh attempt: org.springframework.context.ApplicationContextException: Failed to start bean 'webServerStartStop'
2026-05-25T00:02:56.238+08:00  INFO 12956 --- [store] [main] .s.b.a.l.ConditionEvaluationReportLogger : 

Error starting ApplicationContext. To display the condition evaluation report re-run your application with 'debug' enabled.
2026-05-25T00:02:56.261+08:00 ERROR 12956 --- [store] [main] o.s.b.d.LoggingFailureAnalysisReporter   : 

***************************
APPLICATION FAILED TO START
***************************

Description:

Web server failed to start. Port 8088 was already in use.

Action:

Identify and stop the process that's listening on port 8088 or configure this application to listen on another port.

2026-05-25T00:06:23.067+08:00  INFO 19508 --- [store] [main] com.example.store.StoreApplication       : Starting StoreApplication using Java 23.0.2 with PID 19508 (D:\1A\store-system\store_springboot\target\classes started by chenchuang in D:\1A\store-system\store_springboot)
2026-05-25T00:06:23.070+08:00  INFO 19508 --- [store] [main] com.example.store.StoreApplication       : No active profile set, falling back to 1 default profile: "default"
2026-05-25T00:06:24.271+08:00  INFO 19508 --- [store] [main] .s.d.r.c.RepositoryConfigurationDelegate : Multiple Spring Data modules found, entering strict repository configuration mode
2026-05-25T00:06:24.274+08:00  INFO 19508 --- [store] [main] .s.d.r.c.RepositoryConfigurationDelegate : Bootstrapping Spring Data Elasticsearch repositories in DEFAULT mode.
2026-05-25T00:06:24.463+08:00  INFO 19508 --- [store] [main] .s.d.r.c.RepositoryConfigurationDelegate : Finished Spring Data repository scanning in 179 ms. Found 1 Elasticsearch repository interface.
2026-05-25T00:06:24.470+08:00  INFO 19508 --- [store] [main] .s.d.r.c.RepositoryConfigurationDelegate : Multiple Spring Data modules found, entering strict repository configuration mode
2026-05-25T00:06:24.471+08:00  INFO 19508 --- [store] [main] .s.d.r.c.RepositoryConfigurationDelegate : Bootstrapping Spring Data Reactive Elasticsearch repositories in DEFAULT mode.
2026-05-25T00:06:24.487+08:00  INFO 19508 --- [store] [main] .s.d.r.c.RepositoryConfigurationDelegate : Finished Spring Data repository scanning in 14 ms. Found 0 Reactive Elasticsearch repository interfaces.
2026-05-25T00:06:24.500+08:00  INFO 19508 --- [store] [main] .s.d.r.c.RepositoryConfigurationDelegate : Multiple Spring Data modules found, entering strict repository configuration mode
2026-05-25T00:06:24.503+08:00  INFO 19508 --- [store] [main] .s.d.r.c.RepositoryConfigurationDelegate : Bootstrapping Spring Data Redis repositories in DEFAULT mode.
2026-05-25T00:06:24.519+08:00  INFO 19508 --- [store] [main] .RepositoryConfigurationExtensionSupport : Spring Data Redis - Could not safely identify store assignment for repository candidate interface com.example.store.repository.GoodsDocRepository; If you want this repository to be a Redis repository, consider annotating your entities with one of these annotations: org.springframework.data.redis.core.RedisHash (preferred), or consider extending one of the following types with your repository: org.springframework.data.keyvalue.repository.KeyValueRepository
2026-05-25T00:06:24.523+08:00  INFO 19508 --- [store] [main] .s.d.r.c.RepositoryConfigurationDelegate : Finished Spring Data repository scanning in 12 ms. Found 0 Redis repository interfaces.
2026-05-25T00:06:25.405+08:00  INFO 19508 --- [store] [main] o.s.b.w.embedded.tomcat.TomcatWebServer  : Tomcat initialized with port 8090 (http)
2026-05-25T00:06:25.426+08:00  INFO 19508 --- [store] [main] o.apache.catalina.core.StandardService   : Starting service [Tomcat]
2026-05-25T00:06:25.427+08:00  INFO 19508 --- [store] [main] o.apache.catalina.core.StandardEngine    : Starting Servlet engine: [Apache Tomcat/10.1.46]
2026-05-25T00:06:25.554+08:00  INFO 19508 --- [store] [main] o.a.c.c.C.[Tomcat].[localhost].[/store]  : Initializing Spring embedded WebApplicationContext
2026-05-25T00:06:25.558+08:00  INFO 19508 --- [store] [main] w.s.c.ServletWebServerApplicationContext : Root WebApplicationContext: initialization completed in 2410 ms
2026-05-25T00:06:28.402+08:00  INFO 19508 --- [store] [main] r$InitializeUserDetailsManagerConfigurer : Global AuthenticationManager configured with UserDetailsService bean with name userDetailsServiceImpl
2026-05-25T00:06:29.421+08:00  WARN 19508 --- [store] [main] ConfigServletWebServerApplicationContext : Exception encountered during context initialization - cancelling refresh attempt: org.springframework.context.ApplicationContextException: Failed to start bean 'webServerStartStop'
2026-05-25T00:06:29.460+08:00  INFO 19508 --- [store] [main] .s.b.a.l.ConditionEvaluationReportLogger : 

Error starting ApplicationContext. To display the condition evaluation report re-run your application with 'debug' enabled.
2026-05-25T00:06:29.473+08:00 ERROR 19508 --- [store] [main] o.s.b.d.LoggingFailureAnalysisReporter   : 

***************************
APPLICATION FAILED TO START
***************************

Description:

Web server failed to start. Port 8090 was already in use.

Action:

Identify and stop the process that's listening on port 8090 or configure this application to listen on another port.

2026-05-25T00:08:56.246+08:00  INFO 11900 --- [store] [main] com.example.store.StoreApplication       : Starting StoreApplication using Java 23.0.2 with PID 11900 (D:\1A\store-system\store_springboot\target\classes started by chenchuang in D:\1A\store-system\store_springboot)
2026-05-25T00:08:56.250+08:00  INFO 11900 --- [store] [main] com.example.store.StoreApplication       : No active profile set, falling back to 1 default profile: "default"
2026-05-25T00:08:57.423+08:00  INFO 11900 --- [store] [main] .s.d.r.c.RepositoryConfigurationDelegate : Multiple Spring Data modules found, entering strict repository configuration mode
2026-05-25T00:08:57.426+08:00  INFO 11900 --- [store] [main] .s.d.r.c.RepositoryConfigurationDelegate : Bootstrapping Spring Data Elasticsearch repositories in DEFAULT mode.
2026-05-25T00:08:57.627+08:00  INFO 11900 --- [store] [main] .s.d.r.c.RepositoryConfigurationDelegate : Finished Spring Data repository scanning in 196 ms. Found 1 Elasticsearch repository interface.
2026-05-25T00:08:57.636+08:00  INFO 11900 --- [store] [main] .s.d.r.c.RepositoryConfigurationDelegate : Multiple Spring Data modules found, entering strict repository configuration mode
2026-05-25T00:08:57.636+08:00  INFO 11900 --- [store] [main] .s.d.r.c.RepositoryConfigurationDelegate : Bootstrapping Spring Data Reactive Elasticsearch repositories in DEFAULT mode.
2026-05-25T00:08:57.648+08:00  INFO 11900 --- [store] [main] .s.d.r.c.RepositoryConfigurationDelegate : Finished Spring Data repository scanning in 13 ms. Found 0 Reactive Elasticsearch repository interfaces.
2026-05-25T00:08:57.666+08:00  INFO 11900 --- [store] [main] .s.d.r.c.RepositoryConfigurationDelegate : Multiple Spring Data modules found, entering strict repository configuration mode
2026-05-25T00:08:57.667+08:00  INFO 11900 --- [store] [main] .s.d.r.c.RepositoryConfigurationDelegate : Bootstrapping Spring Data Redis repositories in DEFAULT mode.
2026-05-25T00:08:57.689+08:00  INFO 11900 --- [store] [main] .RepositoryConfigurationExtensionSupport : Spring Data Redis - Could not safely identify store assignment for repository candidate interface com.example.store.repository.GoodsDocRepository; If you want this repository to be a Redis repository, consider annotating your entities with one of these annotations: org.springframework.data.redis.core.RedisHash (preferred), or consider extending one of the following types with your repository: org.springframework.data.keyvalue.repository.KeyValueRepository
2026-05-25T00:08:57.689+08:00  INFO 11900 --- [store] [main] .s.d.r.c.RepositoryConfigurationDelegate : Finished Spring Data repository scanning in 14 ms. Found 0 Redis repository interfaces.
2026-05-25T00:08:58.576+08:00  INFO 11900 --- [store] [main] o.s.b.w.embedded.tomcat.TomcatWebServer  : Tomcat initialized with port 8091 (http)
2026-05-25T00:08:58.588+08:00  INFO 11900 --- [store] [main] o.apache.catalina.core.StandardService   : Starting service [Tomcat]
2026-05-25T00:08:58.594+08:00  INFO 11900 --- [store] [main] o.apache.catalina.core.StandardEngine    : Starting Servlet engine: [Apache Tomcat/10.1.46]
2026-05-25T00:08:58.740+08:00  INFO 11900 --- [store] [main] o.a.c.c.C.[Tomcat].[localhost].[/store]  : Initializing Spring embedded WebApplicationContext
2026-05-25T00:08:58.740+08:00  INFO 11900 --- [store] [main] w.s.c.ServletWebServerApplicationContext : Root WebApplicationContext: initialization completed in 2436 ms
2026-05-25T00:09:01.436+08:00  INFO 11900 --- [store] [main] r$InitializeUserDetailsManagerConfigurer : Global AuthenticationManager configured with UserDetailsService bean with name userDetailsServiceImpl
2026-05-25T00:09:02.393+08:00  WARN 11900 --- [store] [main] ConfigServletWebServerApplicationContext : Exception encountered during context initialization - cancelling refresh attempt: org.springframework.context.ApplicationContextException: Failed to start bean 'webServerStartStop'
2026-05-25T00:09:02.424+08:00  INFO 11900 --- [store] [main] .s.b.a.l.ConditionEvaluationReportLogger : 

Error starting ApplicationContext. To display the condition evaluation report re-run your application with 'debug' enabled.
2026-05-25T00:09:02.450+08:00 ERROR 11900 --- [store] [main] o.s.b.d.LoggingFailureAnalysisReporter   : 

***************************
APPLICATION FAILED TO START
***************************

Description:

Web server failed to start. Port 8091 was already in use.

Action:

Identify and stop the process that's listening on port 8091 or configure this application to listen on another port.

2026-05-25T00:11:51.548+08:00  INFO 10520 --- [store] [main] com.example.store.StoreApplication       : Starting StoreApplication using Java 23.0.2 with PID 10520 (D:\1A\store-system\store_springboot\target\classes started by chenchuang in D:\1A\store-system\store_springboot)
2026-05-25T00:11:51.553+08:00  INFO 10520 --- [store] [main] com.example.store.StoreApplication       : No active profile set, falling back to 1 default profile: "default"
2026-05-25T00:11:51.555+08:00 DEBUG 10520 --- [store] [main] o.s.boot.SpringApplication               : Loading source class com.example.store.StoreApplication
2026-05-25T00:11:51.650+08:00 DEBUG 10520 --- [store] [main] ConfigServletWebServerApplicationContext : Refreshing org.springframework.boot.web.servlet.context.AnnotationConfigServletWebServerApplicationContext@42530531
2026-05-25T00:11:52.918+08:00  INFO 10520 --- [store] [main] .s.d.r.c.RepositoryConfigurationDelegate : Multiple Spring Data modules found, entering strict repository configuration mode
2026-05-25T00:11:52.918+08:00  INFO 10520 --- [store] [main] .s.d.r.c.RepositoryConfigurationDelegate : Bootstrapping Spring Data Elasticsearch repositories in DEFAULT mode.
2026-05-25T00:11:52.935+08:00 DEBUG 10520 --- [store] [main] o.s.b.a.AutoConfigurationPackages        : @EnableAutoConfiguration was declared on a class in the package 'com.example.store'. Automatic @Repository and @Entity scanning is enabled.
2026-05-25T00:11:53.077+08:00  INFO 10520 --- [store] [main] .s.d.r.c.RepositoryConfigurationDelegate : Finished Spring Data repository scanning in 147 ms. Found 1 Elasticsearch repository interface.
2026-05-25T00:11:53.080+08:00  INFO 10520 --- [store] [main] .s.d.r.c.RepositoryConfigurationDelegate : Multiple Spring Data modules found, entering strict repository configuration mode
2026-05-25T00:11:53.080+08:00  INFO 10520 --- [store] [main] .s.d.r.c.RepositoryConfigurationDelegate : Bootstrapping Spring Data Reactive Elasticsearch repositories in DEFAULT mode.
2026-05-25T00:11:53.100+08:00  INFO 10520 --- [store] [main] .s.d.r.c.RepositoryConfigurationDelegate : Finished Spring Data repository scanning in 15 ms. Found 0 Reactive Elasticsearch repository interfaces.
2026-05-25T00:11:53.110+08:00  INFO 10520 --- [store] [main] .s.d.r.c.RepositoryConfigurationDelegate : Multiple Spring Data modules found, entering strict repository configuration mode
2026-05-25T00:11:53.115+08:00  INFO 10520 --- [store] [main] .s.d.r.c.RepositoryConfigurationDelegate : Bootstrapping Spring Data Redis repositories in DEFAULT mode.
2026-05-25T00:11:53.133+08:00  INFO 10520 --- [store] [main] .RepositoryConfigurationExtensionSupport : Spring Data Redis - Could not safely identify store assignment for repository candidate interface com.example.store.repository.GoodsDocRepository; If you want this repository to be a Redis repository, consider annotating your entities with one of these annotations: org.springframework.data.redis.core.RedisHash (preferred), or consider extending one of the following types with your repository: org.springframework.data.keyvalue.repository.KeyValueRepository
2026-05-25T00:11:53.133+08:00  INFO 10520 --- [store] [main] .s.d.r.c.RepositoryConfigurationDelegate : Finished Spring Data repository scanning in 12 ms. Found 0 Redis repository interfaces.
2026-05-25T00:11:54.055+08:00 DEBUG 10520 --- [store] [main] .s.b.w.e.t.TomcatServletWebServerFactory : Code archive: C:\Users\陈闯\.m2\repository\org\springframework\boot\spring-boot\3.5.6\spring-boot-3.5.6.jar
2026-05-25T00:11:54.055+08:00 DEBUG 10520 --- [store] [main] .s.b.w.e.t.TomcatServletWebServerFactory : Code archive: C:\Users\陈闯\.m2\repository\org\springframework\boot\spring-boot\3.5.6\spring-boot-3.5.6.jar
2026-05-25T00:11:54.058+08:00 DEBUG 10520 --- [store] [main] .s.b.w.e.t.TomcatServletWebServerFactory : None of the document roots [src/main/webapp, public, static] point to a directory and will be ignored.
2026-05-25T00:11:54.088+08:00  INFO 10520 --- [store] [main] o.s.b.w.embedded.tomcat.TomcatWebServer  : Tomcat initialized with port 8091 (http)
2026-05-25T00:11:54.107+08:00  INFO 10520 --- [store] [main] o.apache.catalina.core.StandardService   : Starting service [Tomcat]
2026-05-25T00:11:54.108+08:00  INFO 10520 --- [store] [main] o.apache.catalina.core.StandardEngine    : Starting Servlet engine: [Apache Tomcat/10.1.46]
2026-05-25T00:11:54.240+08:00  INFO 10520 --- [store] [main] o.a.c.c.C.[Tomcat].[localhost].[/store]  : Initializing Spring embedded WebApplicationContext
2026-05-25T00:11:54.240+08:00 DEBUG 10520 --- [store] [main] w.s.c.ServletWebServerApplicationContext : Published root WebApplicationContext as ServletContext attribute with name [org.springframework.web.context.WebApplicationContext.ROOT]
2026-05-25T00:11:54.240+08:00  INFO 10520 --- [store] [main] w.s.c.ServletWebServerApplicationContext : Root WebApplicationContext: initialization completed in 2590 ms
2026-05-25T00:11:54.672+08:00 DEBUG 10520 --- [store] [main] o.s.b.w.s.ServletContextInitializerBeans : Mapping filters: springSecurityFilterChain urls=[/*] order=-100, characterEncodingFilter urls=[/*] order=-2147483648, formContentFilter urls=[/*] order=-9900, requestContextFilter urls=[/*] order=-105, jwtAuthenticationFilter urls=[/*] order=2147483647
2026-05-25T00:11:54.672+08:00 DEBUG 10520 --- [store] [main] o.s.b.w.s.ServletContextInitializerBeans : Mapping servlets: dispatcherServlet urls=[/]
2026-05-25T00:11:54.693+08:00 DEBUG 10520 --- [store] [main] o.s.b.w.s.f.OrderedRequestContextFilter  : Filter 'requestContextFilter' configured for use
2026-05-25T00:11:54.694+08:00 DEBUG 10520 --- [store] [main] s.b.w.s.f.OrderedCharacterEncodingFilter : Filter 'characterEncodingFilter' configured for use
2026-05-25T00:11:54.697+08:00 DEBUG 10520 --- [store] [main] .DelegatingFilterProxyRegistrationBean$1 : Filter 'springSecurityFilterChain' configured for use
2026-05-25T00:11:54.697+08:00 DEBUG 10520 --- [store] [main] o.s.b.w.s.f.OrderedFormContentFilter     : Filter 'formContentFilter' configured for use
2026-05-25T00:11:56.682+08:00 DEBUG 10520 --- [store] [main] s.w.s.m.m.a.RequestMappingHandlerMapping : 59 mappings in 'requestMappingHandlerMapping'
2026-05-25T00:11:56.850+08:00 DEBUG 10520 --- [store] [main] o.s.w.s.handler.SimpleUrlHandlerMapping  : Patterns [/webjars/**, /**, /image/**, /swagger-ui*/*swagger-initializer.js, /swagger-ui*/**] in 'resourceHandlerMapping'
2026-05-25T00:11:56.894+08:00  INFO 10520 --- [store] [main] r$InitializeUserDetailsManagerConfigurer : Global AuthenticationManager configured with UserDetailsService bean with name userDetailsServiceImpl
2026-05-25T00:11:57.191+08:00 DEBUG 10520 --- [store] [main] s.w.s.m.m.a.RequestMappingHandlerAdapter : ControllerAdvice beans: 0 @ModelAttribute, 0 @InitBinder, 1 RequestBodyAdvice, 1 ResponseBodyAdvice
2026-05-25T00:11:57.270+08:00 DEBUG 10520 --- [store] [main] .m.m.a.ExceptionHandlerExceptionResolver : ControllerAdvice beans: 1 @ExceptionHandler, 1 ResponseBodyAdvice
2026-05-25T00:11:57.673+08:00 DEBUG 10520 --- [store] [main] o.s.w.s.v.f.FreeMarkerConfigurer         : File system access not preferred: using SpringTemplateLoader
2026-05-25T00:11:57.841+08:00  WARN 10520 --- [store] [main] ConfigServletWebServerApplicationContext : Exception encountered during context initialization - cancelling refresh attempt: org.springframework.context.ApplicationContextException: Failed to start bean 'webServerStartStop'
2026-05-25T00:11:57.882+08:00 DEBUG 10520 --- [store] [main] .s.b.a.l.ConditionEvaluationReportLogger : 


============================
CONDITIONS EVALUATION REPORT
============================


Positive matches:
-----------------

   AopAutoConfiguration matched:
      - @ConditionalOnBooleanProperty (spring.aop.auto=true) matched (OnPropertyCondition)

   AopAutoConfiguration.AspectJAutoProxyingConfiguration matched:
      - @ConditionalOnClass found required class 'org.aspectj.weaver.Advice' (OnClassCondition)

   AopAutoConfiguration.AspectJAutoProxyingConfiguration.CglibAutoProxyConfiguration matched:
      - @ConditionalOnBooleanProperty (spring.aop.proxy-target-class=true) matched (OnPropertyCondition)

   ApplicationAvailabilityAutoConfiguration#applicationAvailability matched:
      - @ConditionalOnMissingBean (types: org.springframework.boot.availability.ApplicationAvailability; SearchStrategy: all) did not find any beans (OnBeanCondition)

   org.springframework.boot.autoconfigure.http.client.reactive.ClientHttpConnectorAutoConfiguration matched:
      - @ConditionalOnClass found required classes 'org.springframework.http.client.reactive.ClientHttpConnector', 'reactor.core.publisher.Mono' (OnClassCondition)
      - Detected ClientHttpConnectorBuilder (ConditionalOnClientHttpConnectorBuilderDetection)

   ClientHttpConnectorAutoConfiguration#clientHttpConnector matched:
      - @ConditionalOnMissingBean (types: org.springframework.http.client.reactive.ClientHttpConnector; SearchStrategy: all) did not find any beans (OnBeanCondition)

   ClientHttpConnectorAutoConfiguration#clientHttpConnectorBuilder matched:
      - @ConditionalOnMissingBean (types: org.springframework.boot.http.client.reactive.ClientHttpConnectorBuilder<?>; SearchStrategy: all) did not find any beans (OnBeanCondition)

   ClientHttpConnectorAutoConfiguration#clientHttpConnectorSettings matched:
      - @ConditionalOnMissingBean (types: org.springframework.boot.http.client.reactive.ClientHttpConnectorSettings; SearchStrategy: all) did not find any beans (OnBeanCondition)

   DataSourceAutoConfiguration matched:
      - @ConditionalOnClass found required classes 'javax.sql.DataSource', 'org.springframework.jdbc.datasource.embedded.EmbeddedDatabaseType' (OnClassCondition)
      - @ConditionalOnMissingBean (types: ?; SearchStrategy: all) did not find any beans (OnBeanCondition)

   DataSourceAutoConfiguration.PooledDataSourceConfiguration matched:
      - AnyNestedCondition 1 matched 1 did not; NestedCondition on DataSourceAutoConfiguration.PooledDataSourceCondition.PooledDataSourceAvailable PooledDataSource found supported DataSource; NestedCondition on DataSourceAutoConfiguration.PooledDataSourceCondition.ExplicitType @ConditionalOnProperty (spring.datasource.type) did not find property 'spring.datasource.type' (DataSourceAutoConfiguration.PooledDataSourceCondition)
      - @ConditionalOnMissingBean (types: javax.sql.DataSource,javax.sql.XADataSource; SearchStrategy: all) did not find any beans (OnBeanCondition)

   DataSourceAutoConfiguration.PooledDataSourceConfiguration#jdbcConnectionDetails matched:
      - @ConditionalOnMissingBean (types: org.springframework.boot.autoconfigure.jdbc.JdbcConnectionDetails; SearchStrategy: all) did not find any beans (OnBeanCondition)

   DataSourceConfiguration.Hikari matched:
      - @ConditionalOnClass found required class 'com.zaxxer.hikari.HikariDataSource' (OnClassCondition)
      - @ConditionalOnProperty (spring.datasource.type=com.zaxxer.hikari.HikariDataSource) matched (OnPropertyCondition)
      - @ConditionalOnMissingBean (types: javax.sql.DataSource; SearchStrategy: all) did not find any beans (OnBeanCondition)

   DataSourceInitializationConfiguration matched:
      - @ConditionalOnClass found required class 'org.springframework.jdbc.datasource.init.DatabasePopulator' (OnClassCondition)
      - @ConditionalOnSingleCandidate (types: javax.sql.DataSource; SearchStrategy: all) found a single bean 'dataSource'; @ConditionalOnMissingBean (types: org.springframework.boot.autoconfigure.sql.init.SqlDataSourceScriptDatabaseInitializer,org.springframework.boot.autoconfigure.sql.init.SqlR2dbcScriptDatabaseInitializer; SearchStrategy: all) did not find any beans (OnBeanCondition)

   DataSourcePoolMetadataProvidersConfiguration.HikariPoolDataSourceMetadataProviderConfiguration matched:
      - @ConditionalOnClass found required class 'com.zaxxer.hikari.HikariDataSource' (OnClassCondition)

   DataSourceTransactionManagerAutoConfiguration matched:
      - @ConditionalOnClass found required classes 'javax.sql.DataSource', 'org.springframework.jdbc.core.JdbcTemplate', 'org.springframework.transaction.TransactionManager' (OnClassCondition)

   DataSourceTransactionManagerAutoConfiguration.JdbcTransactionManagerConfiguration matched:
      - @ConditionalOnSingleCandidate (types: javax.sql.DataSource; SearchStrategy: all) found a single bean 'dataSource' (OnBeanCondition)

   DataSourceTransactionManagerAutoConfiguration.JdbcTransactionManagerConfiguration#transactionManager matched:
      - @ConditionalOnMissingBean (types: org.springframework.transaction.TransactionManager; SearchStrategy: all) did not find any beans (OnBeanCondition)

   DispatcherServletAutoConfiguration matched:
      - @ConditionalOnClass found required class 'org.springframework.web.servlet.DispatcherServlet' (OnClassCondition)
      - found 'session' scope (OnWebApplicationCondition)

   DispatcherServletAutoConfiguration.DispatcherServletConfiguration matched:
      - @ConditionalOnClass found required class 'jakarta.servlet.ServletRegistration' (OnClassCondition)
      - Default DispatcherServlet did not find dispatcher servlet beans (DispatcherServletAutoConfiguration.DefaultDispatcherServletCondition)

   DispatcherServletAutoConfiguration.DispatcherServletRegistrationConfiguration matched:
      - @ConditionalOnClass found required class 'jakarta.servlet.ServletRegistration' (OnClassCondition)
      - DispatcherServlet Registration did not find servlet registration bean (DispatcherServletAutoConfiguration.DispatcherServletRegistrationCondition)

   DispatcherServletAutoConfiguration.DispatcherServletRegistrationConfiguration#dispatcherServletRegistration matched:
      - @ConditionalOnBean (names: dispatcherServlet types: org.springframework.web.servlet.DispatcherServlet; SearchStrategy: all) found bean 'dispatcherServlet' (OnBeanCondition)

   ElasticsearchClientAutoConfiguration matched:
      - @ConditionalOnClass found required class 'co.elastic.clients.elasticsearch.ElasticsearchClient' (OnClassCondition)
      - @ConditionalOnBean (types: org.elasticsearch.client.RestClient; SearchStrategy: all) found bean 'elasticsearchRestClient' (OnBeanCondition)

   ElasticsearchClientConfigurations.ElasticsearchClientConfiguration matched:
      - @ConditionalOnBean (types: co.elastic.clients.transport.ElasticsearchTransport; SearchStrategy: all) found bean 'restClientTransport' (OnBeanCondition)

   ElasticsearchClientConfigurations.ElasticsearchClientConfiguration#elasticsearchClient matched:
      - @ConditionalOnMissingBean (types: co.elastic.clients.elasticsearch.ElasticsearchClient; SearchStrategy: all) did not find any beans (OnBeanCondition)

   ElasticsearchClientConfigurations.ElasticsearchTransportConfiguration matched:
      - @ConditionalOnMissingBean (types: co.elastic.clients.transport.ElasticsearchTransport; SearchStrategy: all) did not find any beans (OnBeanCondition)

   ElasticsearchClientConfigurations.JacksonJsonpMapperConfiguration matched:
      - @ConditionalOnClass found required class 'com.fasterxml.jackson.databind.ObjectMapper' (OnClassCondition)
      - @ConditionalOnMissingBean (types: co.elastic.clients.json.JsonpMapper; SearchStrategy: all) did not find any beans (OnBeanCondition)

   ElasticsearchDataAutoConfiguration matched:
      - @ConditionalOnClass found required class 'org.springframework.data.elasticsearch.client.elc.ElasticsearchTemplate' (OnClassCondition)

   ElasticsearchDataConfiguration.BaseConfiguration#elasticsearchConverter matched:
      - @ConditionalOnMissingBean (types: org.springframework.data.elasticsearch.core.convert.ElasticsearchConverter; SearchStrategy: all) did not find any beans (OnBeanCondition)

   ElasticsearchDataConfiguration.BaseConfiguration#elasticsearchCustomConversions matched:
      - @ConditionalOnMissingBean (types: org.springframework.data.elasticsearch.core.convert.ElasticsearchCustomConversions; SearchStrategy: all) did not find any beans (OnBeanCondition)

   ElasticsearchDataConfiguration.BaseConfiguration#elasticsearchMappingContext matched:
      - @ConditionalOnMissingBean (types: org.springframework.data.elasticsearch.core.mapping.SimpleElasticsearchMappingContext; SearchStrategy: all) did not find any beans (OnBeanCondition)

   ElasticsearchDataConfiguration.JavaClientConfiguration matched:
      - @ConditionalOnClass found required class 'co.elastic.clients.elasticsearch.ElasticsearchClient' (OnClassCondition)

   ElasticsearchDataConfiguration.JavaClientConfiguration#elasticsearchTemplate matched:
      - @ConditionalOnBean (types: co.elastic.clients.elasticsearch.ElasticsearchClient; SearchStrategy: all) found bean 'elasticsearchClient'; @ConditionalOnMissingBean (names: elasticsearchTemplate types: org.springframework.data.elasticsearch.core.ElasticsearchOperations; SearchStrategy: all) did not find any beans (OnBeanCondition)

   ElasticsearchDataConfiguration.ReactiveRestClientConfiguration#reactiveElasticsearchTemplate matched:
      - @ConditionalOnBean (types: org.springframework.data.elasticsearch.client.elc.ReactiveElasticsearchClient; SearchStrategy: all) found bean 'reactiveElasticsearchClient'; @ConditionalOnMissingBean (names: reactiveElasticsearchTemplate types: org.springframework.data.elasticsearch.core.ReactiveElasticsearchOperations; SearchStrategy: all) did not find any beans (OnBeanCondition)

   ElasticsearchRepositoriesAutoConfiguration matched:
      - @ConditionalOnClass found required class 'org.springframework.data.elasticsearch.repository.ElasticsearchRepository' (OnClassCondition)
      - @ConditionalOnBooleanProperty (spring.data.elasticsearch.repositories.enabled=true) matched (OnPropertyCondition)
      - @ConditionalOnMissingBean (types: org.springframework.data.elasticsearch.repository.support.ElasticsearchRepositoryFactoryBean; SearchStrategy: all) did not find any beans (OnBeanCondition)

   ElasticsearchRestClientAutoConfiguration matched:
      - @ConditionalOnClass found required class 'org.elasticsearch.client.RestClientBuilder' (OnClassCondition)

   ElasticsearchRestClientConfigurations.RestClientBuilderConfiguration matched:
      - @ConditionalOnMissingBean (types: org.elasticsearch.client.RestClientBuilder; SearchStrategy: all) did not find any beans (OnBeanCondition)

   ElasticsearchRestClientConfigurations.RestClientBuilderConfiguration#elasticsearchConnectionDetails matched:
      - @ConditionalOnMissingBean (types: org.springframework.boot.autoconfigure.elasticsearch.ElasticsearchConnectionDetails; SearchStrategy: all) did not find any beans (OnBeanCondition)

   ElasticsearchRestClientConfigurations.RestClientConfiguration matched:
      - @ConditionalOnMissingBean (types: org.elasticsearch.client.RestClient; SearchStrategy: all) did not find any beans (OnBeanCondition)

   EmbeddedWebServerFactoryCustomizerAutoConfiguration matched:
      - @ConditionalOnWebApplication (required) found 'session' scope (OnWebApplicationCondition)
      - @ConditionalOnWarDeployment the application is not deployed as a WAR file. (OnWarDeploymentCondition)

   EmbeddedWebServerFactoryCustomizerAutoConfiguration.TomcatWebServerFactoryCustomizerConfiguration matched:
      - @ConditionalOnClass found required classes 'org.apache.catalina.startup.Tomcat', 'org.apache.coyote.UpgradeProtocol' (OnClassCondition)

   ErrorMvcAutoConfiguration matched:
      - @ConditionalOnClass found required classes 'jakarta.servlet.Servlet', 'org.springframework.web.servlet.DispatcherServlet' (OnClassCondition)
      - found 'session' scope (OnWebApplicationCondition)

   ErrorMvcAutoConfiguration#basicErrorController matched:
      - @ConditionalOnMissingBean (types: org.springframework.boot.web.servlet.error.ErrorController; SearchStrategy: current) did not find any beans (OnBeanCondition)

   ErrorMvcAutoConfiguration#errorAttributes matched:
      - @ConditionalOnMissingBean (types: org.springframework.boot.web.servlet.error.ErrorAttributes; SearchStrategy: current) did not find any beans (OnBeanCondition)

   ErrorMvcAutoConfiguration.DefaultErrorViewResolverConfiguration#conventionErrorViewResolver matched:
      - @ConditionalOnBean (types: org.springframework.web.servlet.DispatcherServlet; SearchStrategy: all) found bean 'dispatcherServlet'; @ConditionalOnMissingBean (types: org.springframework.boot.autoconfigure.web.servlet.error.ErrorViewResolver; SearchStrategy: all) did not find any beans (OnBeanCondition)

   ErrorMvcAutoConfiguration.WhitelabelErrorViewConfiguration matched:
      - @ConditionalOnBooleanProperty (server.error.whitelabel.enabled=true) matched (OnPropertyCondition)
      - ErrorTemplate Missing did not find error template view (ErrorMvcAutoConfiguration.ErrorTemplateMissingCondition)

   ErrorMvcAutoConfiguration.WhitelabelErrorViewConfiguration#beanNameViewResolver matched:
      - @ConditionalOnMissingBean (types: org.springframework.web.servlet.view.BeanNameViewResolver; SearchStrategy: all) did not find any beans (OnBeanCondition)

   ErrorMvcAutoConfiguration.WhitelabelErrorViewConfiguration#defaultErrorView matched:
      - @ConditionalOnMissingBean (names: error; SearchStrategy: all) did not find any beans (OnBeanCondition)

   FreeMarkerAutoConfiguration matched:
      - @ConditionalOnClass found required classes 'freemarker.template.Configuration', 'org.springframework.ui.freemarker.FreeMarkerConfigurationFactory' (OnClassCondition)

   FreeMarkerServletWebConfiguration matched:
      - @ConditionalOnClass found required classes 'jakarta.servlet.Servlet', 'org.springframework.web.servlet.view.freemarker.FreeMarkerConfigurer' (OnClassCondition)
      - found 'session' scope (OnWebApplicationCondition)

   FreeMarkerServletWebConfiguration#freeMarkerConfigurer matched:
      - @ConditionalOnMissingBean (types: org.springframework.web.servlet.view.freemarker.FreeMarkerConfig; SearchStrategy: all) did not find any beans (OnBeanCondition)

   FreeMarkerServletWebConfiguration#freeMarkerViewResolver matched:
      - @ConditionalOnBooleanProperty (spring.freemarker.enabled=true) matched (OnPropertyCondition)
      - @ConditionalOnMissingBean (names: freeMarkerViewResolver; SearchStrategy: all) did not find any beans (OnBeanCondition)

   GenericCacheConfiguration matched:
      - Cache org.springframework.boot.autoconfigure.cache.GenericCacheConfiguration automatic cache type (CacheCondition)

   HttpClientAutoConfiguration matched:
      - @ConditionalOnClass found required class 'org.springframework.http.client.ClientHttpRequestFactory' (OnClassCondition)
      - NoneNestedConditions 0 matched 1 did not; NestedCondition on NotReactiveWebApplicationCondition.ReactiveWebApplication did not find reactive web application classes (NotReactiveWebApplicationCondition)

   HttpClientAutoConfiguration#clientHttpRequestFactoryBuilder matched:
      - @ConditionalOnMissingBean (types: org.springframework.boot.http.client.ClientHttpRequestFactoryBuilder<?>; SearchStrategy: all) did not find any beans (OnBeanCondition)

   HttpClientAutoConfiguration#clientHttpRequestFactorySettings matched:
      - @ConditionalOnMissingBean (types: org.springframework.boot.http.client.ClientHttpRequestFactorySettings; SearchStrategy: all) did not find any beans (OnBeanCondition)

   HttpEncodingAutoConfiguration matched:
      - @ConditionalOnClass found required class 'org.springframework.web.filter.CharacterEncodingFilter' (OnClassCondition)
      - found 'session' scope (OnWebApplicationCondition)
      - @ConditionalOnBooleanProperty (server.servlet.encoding.enabled=true) matched (OnPropertyCondition)

   HttpEncodingAutoConfiguration#characterEncodingFilter matched:
      - @ConditionalOnMissingBean (types: org.springframework.web.filter.CharacterEncodingFilter; SearchStrategy: all) did not find any beans (OnBeanCondition)

   HttpMessageConvertersAutoConfiguration matched:
      - @ConditionalOnClass found required class 'org.springframework.http.converter.HttpMessageConverter' (OnClassCondition)
      - NoneNestedConditions 0 matched 1 did not; NestedCondition on HttpMessageConvertersAutoConfiguration.NotReactiveWebApplicationCondition.ReactiveWebApplication did not find reactive web application classes (HttpMessageConvertersAutoConfiguration.NotReactiveWebApplicationCondition)

   HttpMessageConvertersAutoConfiguration#messageConverters matched:
      - @ConditionalOnMissingBean (types: org.springframework.boot.autoconfigure.http.HttpMessageConverters; SearchStrategy: all) did not find any beans (OnBeanCondition)

   HttpMessageConvertersAutoConfiguration.StringHttpMessageConverterConfiguration matched:
      - @ConditionalOnClass found required class 'org.springframework.http.converter.StringHttpMessageConverter' (OnClassCondition)

   HttpMessageConvertersAutoConfiguration.StringHttpMessageConverterConfiguration#stringHttpMessageConverter matched:
      - @ConditionalOnMissingBean (types: org.springframework.http.converter.StringHttpMessageConverter; SearchStrategy: all) did not find any beans (OnBeanCondition)

   JacksonAutoConfiguration matched:
      - @ConditionalOnClass found required class 'com.fasterxml.jackson.databind.ObjectMapper' (OnClassCondition)

   JacksonAutoConfiguration.Jackson2ObjectMapperBuilderCustomizerConfiguration matched:
      - @ConditionalOnClass found required class 'org.springframework.http.converter.json.Jackson2ObjectMapperBuilder' (OnClassCondition)

   JacksonAutoConfiguration.JacksonObjectMapperBuilderConfiguration matched:
      - @ConditionalOnClass found required class 'org.springframework.http.converter.json.Jackson2ObjectMapperBuilder' (OnClassCondition)

   JacksonAutoConfiguration.JacksonObjectMapperBuilderConfiguration#jacksonObjectMapperBuilder matched:
      - @ConditionalOnMissingBean (types: org.springframework.http.converter.json.Jackson2ObjectMapperBuilder; SearchStrategy: all) did not find any beans (OnBeanCondition)

   JacksonAutoConfiguration.JacksonObjectMapperConfiguration matched:
      - @ConditionalOnClass found required class 'org.springframework.http.converter.json.Jackson2ObjectMapperBuilder' (OnClassCondition)

   JacksonAutoConfiguration.JacksonObjectMapperConfiguration#jacksonObjectMapper matched:
      - @ConditionalOnMissingBean (types: com.fasterxml.jackson.databind.ObjectMapper; SearchStrategy: all) did not find any beans (OnBeanCondition)

   JacksonAutoConfiguration.ParameterNamesModuleConfiguration matched:
      - @ConditionalOnClass found required class 'com.fasterxml.jackson.module.paramnames.ParameterNamesModule' (OnClassCondition)

   JacksonAutoConfiguration.ParameterNamesModuleConfiguration#parameterNamesModule matched:
      - @ConditionalOnMissingBean (types: com.fasterxml.jackson.module.paramnames.ParameterNamesModule; SearchStrategy: all) did not find any beans (OnBeanCondition)

   JacksonHttpMessageConvertersConfiguration.MappingJackson2HttpMessageConverterConfiguration matched:
      - @ConditionalOnClass found required class 'com.fasterxml.jackson.databind.ObjectMapper' (OnClassCondition)
      - @ConditionalOnPreferredJsonMapper JACKSON no property was configured and Jackson is the default (OnPreferredJsonMapperCondition)
      - @ConditionalOnBean (types: com.fasterxml.jackson.databind.ObjectMapper; SearchStrategy: all) found bean 'jacksonObjectMapper' (OnBeanCondition)

   JacksonHttpMessageConvertersConfiguration.MappingJackson2HttpMessageConverterConfiguration#mappingJackson2HttpMessageConverter matched:
      - @ConditionalOnMissingBean (types: org.springframework.http.converter.json.MappingJackson2HttpMessageConverter ignored: ?; SearchStrategy: all) did not find any beans (OnBeanCondition)

   JdbcClientAutoConfiguration matched:
      - @ConditionalOnSingleCandidate (types: org.springframework.jdbc.core.namedparam.NamedParameterJdbcTemplate; SearchStrategy: all) found a single bean 'namedParameterJdbcTemplate'; @ConditionalOnMissingBean (types: org.springframework.jdbc.core.simple.JdbcClient; SearchStrategy: all) did not find any beans (OnBeanCondition)

   JdbcTemplateAutoConfiguration matched:
      - @ConditionalOnClass found required classes 'javax.sql.DataSource', 'org.springframework.jdbc.core.JdbcTemplate' (OnClassCondition)
      - @ConditionalOnSingleCandidate (types: javax.sql.DataSource; SearchStrategy: all) found a single bean 'dataSource' (OnBeanCondition)

   JdbcTemplateConfiguration matched:
      - @ConditionalOnMissingBean (types: org.springframework.jdbc.core.JdbcOperations; SearchStrategy: all) did not find any beans (OnBeanCondition)

   LettuceConnectionConfiguration matched:
      - @ConditionalOnClass found required class 'io.lettuce.core.RedisClient' (OnClassCondition)
      - @ConditionalOnProperty (spring.data.redis.client-type=lettuce) matched (OnPropertyCondition)

   LettuceConnectionConfiguration#lettuceClientResources matched:
      - @ConditionalOnMissingBean (types: io.lettuce.core.resource.ClientResources; SearchStrategy: all) did not find any beans (OnBeanCondition)

   LettuceConnectionConfiguration#redisConnectionFactory matched:
      - @ConditionalOnMissingBean (types: org.springframework.data.redis.connection.RedisConnectionFactory; SearchStrategy: all) did not find any beans (OnBeanCondition)
      - @ConditionalOnThreading found PLATFORM (OnThreadingCondition)

   LifecycleAutoConfiguration#defaultLifecycleProcessor matched:
      - @ConditionalOnMissingBean (names: lifecycleProcessor; SearchStrategy: current) did not find any beans (OnBeanCondition)

   MultipartAutoConfiguration matched:
      - @ConditionalOnClass found required classes 'jakarta.servlet.Servlet', 'org.springframework.web.multipart.support.StandardServletMultipartResolver', 'jakarta.servlet.MultipartConfigElement' (OnClassCondition)
      - found 'session' scope (OnWebApplicationCondition)
      - @ConditionalOnBooleanProperty (spring.servlet.multipart.enabled=true) matched (OnPropertyCondition)

   MultipartAutoConfiguration#multipartConfigElement matched:
      - @ConditionalOnMissingBean (types: jakarta.servlet.MultipartConfigElement; SearchStrategy: all) did not find any beans (OnBeanCondition)

   MultipartAutoConfiguration#multipartResolver matched:
      - @ConditionalOnMissingBean (types: org.springframework.web.multipart.MultipartResolver; SearchStrategy: all) did not find any beans (OnBeanCondition)

   MybatisPlusAutoConfiguration matched:
      - @ConditionalOnClass found required classes 'org.apache.ibatis.session.SqlSessionFactory', 'org.mybatis.spring.SqlSessionFactoryBean' (OnClassCondition)
      - @ConditionalOnSingleCandidate (types: javax.sql.DataSource; SearchStrategy: all) found a single bean 'dataSource' (OnBeanCondition)

   MybatisPlusAutoConfiguration#ddlApplicationRunner matched:
      - @ConditionalOnMissingBean (types: com.baomidou.mybatisplus.autoconfigure.DdlApplicationRunner; SearchStrategy: all) did not find any beans (OnBeanCondition)

   MybatisPlusAutoConfiguration#sqlSessionFactory matched:
      - @ConditionalOnMissingBean (types: org.apache.ibatis.session.SqlSessionFactory; SearchStrategy: all) did not find any beans (OnBeanCondition)

   MybatisPlusAutoConfiguration#sqlSessionTemplate matched:
      - @ConditionalOnMissingBean (types: org.mybatis.spring.SqlSessionTemplate; SearchStrategy: all) did not find any beans (OnBeanCondition)

   MybatisPlusLanguageDriverAutoConfiguration matched:
      - @ConditionalOnClass found required class 'org.apache.ibatis.scripting.LanguageDriver' (OnClassCondition)

   NamedParameterJdbcTemplateConfiguration matched:
      - @ConditionalOnSingleCandidate (types: org.springframework.jdbc.core.JdbcTemplate; SearchStrategy: all) found a single bean 'jdbcTemplate'; @ConditionalOnMissingBean (types: org.springframework.jdbc.core.namedparam.NamedParameterJdbcOperations; SearchStrategy: all) did not find any beans (OnBeanCondition)

   NettyAutoConfiguration matched:
      - @ConditionalOnClass found required class 'io.netty.util.NettyRuntime' (OnClassCondition)

   NoOpCacheConfiguration matched:
      - Cache org.springframework.boot.autoconfigure.cache.NoOpCacheConfiguration automatic cache type (CacheCondition)

   PersistenceExceptionTranslationAutoConfiguration matched:
      - @ConditionalOnClass found required class 'org.springframework.dao.annotation.PersistenceExceptionTranslationPostProcessor' (OnClassCondition)

   PersistenceExceptionTranslationAutoConfiguration#persistenceExceptionTranslationPostProcessor matched:
      - @ConditionalOnBooleanProperty (spring.dao.exceptiontranslation.enabled=true) matched (OnPropertyCondition)
      - @ConditionalOnMissingBean (types: org.springframework.dao.annotation.PersistenceExceptionTranslationPostProcessor; SearchStrategy: all) did not find any beans (OnBeanCondition)

   PropertyPlaceholderAutoConfiguration#propertySourcesPlaceholderConfigurer matched:
      - @ConditionalOnMissingBean (types: org.springframework.context.support.PropertySourcesPlaceholderConfigurer; SearchStrategy: current) did not find any beans (OnBeanCondition)

   RabbitAnnotationDrivenConfiguration matched:
      - @ConditionalOnClass found required class 'org.springframework.amqp.rabbit.annotation.EnableRabbit' (OnClassCondition)

   RabbitAnnotationDrivenConfiguration#directRabbitListenerContainerFactoryConfigurer matched:
      - @ConditionalOnMissingBean (types: org.springframework.boot.autoconfigure.amqp.DirectRabbitListenerContainerFactoryConfigurer; SearchStrategy: all) did not find any beans (OnBeanCondition)
      - @ConditionalOnThreading found PLATFORM (OnThreadingCondition)

   RabbitAnnotationDrivenConfiguration#simpleRabbitListenerContainerFactory matched:
      - @ConditionalOnProperty (spring.rabbitmq.listener.type=simple) matched (OnPropertyCondition)
      - @ConditionalOnMissingBean (names: rabbitListenerContainerFactory; SearchStrategy: all) did not find any beans (OnBeanCondition)

   RabbitAnnotationDrivenConfiguration#simpleRabbitListenerContainerFactoryConfigurer matched:
      - @ConditionalOnMissingBean (types: org.springframework.boot.autoconfigure.amqp.SimpleRabbitListenerContainerFactoryConfigurer; SearchStrategy: all) did not find any beans (OnBeanCondition)
      - @ConditionalOnThreading found PLATFORM (OnThreadingCondition)

   RabbitAnnotationDrivenConfiguration.EnableRabbitConfiguration matched:
      - @ConditionalOnMissingBean (names: org.springframework.amqp.rabbit.config.internalRabbitListenerAnnotationProcessor; SearchStrategy: all) did not find any beans (OnBeanCondition)

   RabbitAutoConfiguration matched:
      - @ConditionalOnClass found required classes 'org.springframework.amqp.rabbit.core.RabbitTemplate', 'com.rabbitmq.client.Channel' (OnClassCondition)

   RabbitAutoConfiguration.RabbitConnectionFactoryCreator#rabbitConnectionDetails matched:
      - @ConditionalOnMissingBean (types: org.springframework.boot.autoconfigure.amqp.RabbitConnectionDetails; SearchStrategy: all) did not find any beans (OnBeanCondition)

   RabbitAutoConfiguration.RabbitConnectionFactoryCreator#rabbitConnectionFactory matched:
      - @ConditionalOnMissingBean (types: org.springframework.amqp.rabbit.connection.ConnectionFactory; SearchStrategy: all) did not find any beans (OnBeanCondition)

   RabbitAutoConfiguration.RabbitConnectionFactoryCreator#rabbitConnectionFactoryBeanConfigurer matched:
      - @ConditionalOnMissingBean (types: org.springframework.boot.autoconfigure.amqp.RabbitConnectionFactoryBeanConfigurer; SearchStrategy: all) did not find any beans (OnBeanCondition)

   RabbitAutoConfiguration.RabbitConnectionFactoryCreator#rabbitConnectionFactoryConfigurer matched:
      - @ConditionalOnMissingBean (types: org.springframework.boot.autoconfigure.amqp.CachingConnectionFactoryConfigurer; SearchStrategy: all) did not find any beans (OnBeanCondition)

   RabbitAutoConfiguration.RabbitMessagingTemplateConfiguration matched:
      - @ConditionalOnClass found required class 'org.springframework.amqp.rabbit.core.RabbitMessagingTemplate' (OnClassCondition)
      - @ConditionalOnMissingBean (types: org.springframework.amqp.rabbit.core.RabbitMessagingTemplate; SearchStrategy: all) did not find any beans (OnBeanCondition)

   RabbitAutoConfiguration.RabbitMessagingTemplateConfiguration#rabbitMessagingTemplate matched:
      - @ConditionalOnSingleCandidate (types: org.springframework.amqp.rabbit.core.RabbitTemplate; SearchStrategy: all) found a single bean 'rabbitTemplate' (OnBeanCondition)

   RabbitAutoConfiguration.RabbitTemplateConfiguration#amqpAdmin matched:
      - @ConditionalOnBooleanProperty (spring.rabbitmq.dynamic=true) matched (OnPropertyCondition)
      - @ConditionalOnSingleCandidate (types: org.springframework.amqp.rabbit.connection.ConnectionFactory; SearchStrategy: all) found a single bean 'rabbitConnectionFactory'; @ConditionalOnMissingBean (types: org.springframework.amqp.core.AmqpAdmin; SearchStrategy: all) did not find any beans (OnBeanCondition)

   RabbitAutoConfiguration.RabbitTemplateConfiguration#rabbitTemplate matched:
      - @ConditionalOnSingleCandidate (types: org.springframework.amqp.rabbit.connection.ConnectionFactory; SearchStrategy: all) found a single bean 'rabbitConnectionFactory'; @ConditionalOnMissingBean (types: org.springframework.amqp.rabbit.core.RabbitOperations; SearchStrategy: all) did not find any beans (OnBeanCondition)

   RabbitAutoConfiguration.RabbitTemplateConfiguration#rabbitTemplateConfigurer matched:
      - @ConditionalOnMissingBean (types: org.springframework.boot.autoconfigure.amqp.RabbitTemplateConfigurer; SearchStrategy: all) did not find any beans (OnBeanCondition)

   ReactiveElasticsearchClientAutoConfiguration matched:
      - @ConditionalOnClass found required classes 'org.springframework.data.elasticsearch.client.elc.ReactiveElasticsearchClient', 'co.elastic.clients.transport.ElasticsearchTransport', 'reactor.core.publisher.Mono' (OnClassCondition)
      - @ConditionalOnBean (types: org.elasticsearch.client.RestClient; SearchStrategy: all) found bean 'elasticsearchRestClient' (OnBeanCondition)

   ReactiveElasticsearchClientAutoConfiguration#reactiveElasticsearchClient matched:
      - @ConditionalOnBean (types: co.elastic.clients.transport.ElasticsearchTransport; SearchStrategy: all) found bean 'restClientTransport'; @ConditionalOnMissingBean (types: org.springframework.data.elasticsearch.client.elc.ReactiveElasticsearchClient; SearchStrategy: all) did not find any beans (OnBeanCondition)

   ReactiveElasticsearchRepositoriesAutoConfiguration matched:
      - @ConditionalOnClass found required classes 'org.springframework.data.elasticsearch.client.elc.ReactiveElasticsearchClient', 'org.springframework.data.elasticsearch.repository.ReactiveElasticsearchRepository', 'reactor.core.publisher.Mono' (OnClassCondition)
      - @ConditionalOnBooleanProperty (spring.data.elasticsearch.repositories.enabled=true) matched (OnPropertyCondition)
      - @ConditionalOnMissingBean (types: org.springframework.data.elasticsearch.repository.support.ReactiveElasticsearchRepositoryFactoryBean; SearchStrategy: all) did not find any beans (OnBeanCondition)

   ReactorAutoConfiguration matched:
      - @ConditionalOnClass found required class 'reactor.core.publisher.Hooks' (OnClassCondition)

   RedisAutoConfiguration matched:
      - @ConditionalOnClass found required class 'org.springframework.data.redis.core.RedisOperations' (OnClassCondition)

   RedisAutoConfiguration#redisConnectionDetails matched:
      - @ConditionalOnMissingBean (types: org.springframework.boot.autoconfigure.data.redis.RedisConnectionDetails; SearchStrategy: all) did not find any beans (OnBeanCondition)

   RedisAutoConfiguration#redisTemplate matched:
      - @ConditionalOnSingleCandidate (types: org.springframework.data.redis.connection.RedisConnectionFactory; SearchStrategy: all) found a single bean 'redisConnectionFactory'; @ConditionalOnMissingBean (names: redisTemplate; SearchStrategy: all) did not find any beans (OnBeanCondition)

   RedisAutoConfiguration#stringRedisTemplate matched:
      - @ConditionalOnSingleCandidate (types: org.springframework.data.redis.connection.RedisConnectionFactory; SearchStrategy: all) found a single bean 'redisConnectionFactory'; @ConditionalOnMissingBean (types: org.springframework.data.redis.core.StringRedisTemplate; SearchStrategy: all) did not find any beans (OnBeanCondition)

   RedisCacheConfiguration matched:
      - @ConditionalOnClass found required class 'org.springframework.data.redis.connection.RedisConnectionFactory' (OnClassCondition)
      - Cache org.springframework.boot.autoconfigure.cache.RedisCacheConfiguration automatic cache type (CacheCondition)

   RedisReactiveAutoConfiguration matched:
      - @ConditionalOnClass found required classes 'org.springframework.data.redis.connection.ReactiveRedisConnectionFactory', 'org.springframework.data.redis.core.ReactiveRedisTemplate', 'reactor.core.publisher.Flux' (OnClassCondition)

   RedisReactiveAutoConfiguration#reactiveRedisTemplate matched:
      - @ConditionalOnBean (types: org.springframework.data.redis.connection.ReactiveRedisConnectionFactory; SearchStrategy: all) found bean 'redisConnectionFactory'; @ConditionalOnMissingBean (names: reactiveRedisTemplate; SearchStrategy: all) did not find any beans (OnBeanCondition)

   RedisReactiveAutoConfiguration#reactiveStringRedisTemplate matched:
      - @ConditionalOnBean (types: org.springframework.data.redis.connection.ReactiveRedisConnectionFactory; SearchStrategy: all) found bean 'redisConnectionFactory'; @ConditionalOnMissingBean (names: reactiveStringRedisTemplate; SearchStrategy: all) did not find any beans (OnBeanCondition)

   RedisRepositoriesAutoConfiguration matched:
      - @ConditionalOnClass found required class 'org.springframework.data.redis.repository.configuration.EnableRedisRepositories' (OnClassCondition)
      - @ConditionalOnBooleanProperty (spring.data.redis.repositories.enabled=true) matched (OnPropertyCondition)
      - @ConditionalOnBean (types: org.springframework.data.redis.connection.RedisConnectionFactory; SearchStrategy: all) found bean 'redisConnectionFactory'; @ConditionalOnMissingBean (types: org.springframework.data.redis.repository.support.RedisRepositoryFactoryBean; SearchStrategy: all) did not find any beans (OnBeanCondition)

   RestClientAutoConfiguration matched:
      - @ConditionalOnClass found required class 'org.springframework.web.client.RestClient' (OnClassCondition)
      - AnyNestedCondition 1 matched 1 did not; NestedCondition on NotReactiveWebApplicationOrVirtualThreadsExecutorEnabledCondition.VirtualThreadsExecutorEnabled found non-matching nested conditions @ConditionalOnThreading did not find VIRTUAL; NestedCondition on NotReactiveWebApplicationOrVirtualThreadsExecutorEnabledCondition.NotReactiveWebApplication NoneNestedConditions 0 matched 1 did not; NestedCondition on NotReactiveWebApplicationCondition.ReactiveWebApplication did not find reactive web application classes (NotReactiveWebApplicationOrVirtualThreadsExecutorEnabledCondition)

   RestClientAutoConfiguration#httpMessageConvertersRestClientCustomizer matched:
      - @ConditionalOnMissingBean (types: org.springframework.boot.autoconfigure.web.client.HttpMessageConvertersRestClientCustomizer; SearchStrategy: all) did not find any beans (OnBeanCondition)

   RestClientAutoConfiguration#restClientBuilder matched:
      - @ConditionalOnMissingBean (types: org.springframework.web.client.RestClient$Builder; SearchStrategy: all) did not find any beans (OnBeanCondition)

   RestClientAutoConfiguration#restClientBuilderConfigurer matched:
      - @ConditionalOnMissingBean (types: org.springframework.boot.autoconfigure.web.client.RestClientBuilderConfigurer; SearchStrategy: all) did not find any beans (OnBeanCondition)

   RestClientAutoConfiguration#restClientSsl matched:
      - @ConditionalOnBean (types: org.springframework.boot.ssl.SslBundles; SearchStrategy: all) found bean 'sslBundleRegistry'; @ConditionalOnMissingBean (types: org.springframework.boot.autoconfigure.web.client.RestClientSsl; SearchStrategy: all) did not find any beans (OnBeanCondition)

   RestTemplateAutoConfiguration matched:
      - @ConditionalOnClass found required class 'org.springframework.web.client.RestTemplate' (OnClassCondition)
      - NoneNestedConditions 0 matched 1 did not; NestedCondition on NotReactiveWebApplicationCondition.ReactiveWebApplication did not find reactive web application classes (NotReactiveWebApplicationCondition)

   RestTemplateAutoConfiguration#restTemplateBuilder matched:
      - @ConditionalOnMissingBean (types: org.springframework.boot.web.client.RestTemplateBuilder; SearchStrategy: all) did not find any beans (OnBeanCondition)

   SecurityAutoConfiguration matched:
      - @ConditionalOnClass found required class 'org.springframework.security.authentication.DefaultAuthenticationEventPublisher' (OnClassCondition)

   SecurityAutoConfiguration#authenticationEventPublisher matched:
      - @ConditionalOnMissingBean (types: org.springframework.security.authentication.AuthenticationEventPublisher; SearchStrategy: all) did not find any beans (OnBeanCondition)

   SecurityFilterAutoConfiguration matched:
      - @ConditionalOnClass found required classes 'org.springframework.security.web.context.AbstractSecurityWebApplicationInitializer', 'org.springframework.security.config.http.SessionCreationPolicy' (OnClassCondition)
      - found 'session' scope (OnWebApplicationCondition)

   SecurityFilterAutoConfiguration#securityFilterChainRegistration matched:
      - @ConditionalOnBean (names: springSecurityFilterChain; SearchStrategy: all) found bean 'springSecurityFilterChain' (OnBeanCondition)

   ServletWebServerFactoryAutoConfiguration matched:
      - @ConditionalOnClass found required class 'jakarta.servlet.ServletRequest' (OnClassCondition)
      - found 'session' scope (OnWebApplicationCondition)

   ServletWebServerFactoryAutoConfiguration#tomcatServletWebServerFactoryCustomizer matched:
      - @ConditionalOnClass found required class 'org.apache.catalina.startup.Tomcat' (OnClassCondition)

   ServletWebServerFactoryConfiguration.EmbeddedTomcat matched:
      - @ConditionalOnClass found required classes 'jakarta.servlet.Servlet', 'org.apache.catalina.startup.Tomcat', 'org.apache.coyote.UpgradeProtocol' (OnClassCondition)
      - @ConditionalOnMissingBean (types: org.springframework.boot.web.servlet.server.ServletWebServerFactory; SearchStrategy: current) did not find any beans (OnBeanCondition)

   SimpleCacheConfiguration matched:
      - Cache org.springframework.boot.autoconfigure.cache.SimpleCacheConfiguration automatic cache type (CacheCondition)

   SpringBootWebSecurityConfiguration matched:
      - found 'session' scope (OnWebApplicationCondition)

   SpringDataWebAutoConfiguration matched:
      - @ConditionalOnClass found required classes 'org.springframework.data.web.PageableHandlerMethodArgumentResolver', 'org.springframework.web.servlet.config.annotation.WebMvcConfigurer' (OnClassCondition)
      - found 'session' scope (OnWebApplicationCondition)
      - @ConditionalOnMissingBean (types: org.springframework.data.web.PageableHandlerMethodArgumentResolver; SearchStrategy: all) did not find any beans (OnBeanCondition)

   SpringDataWebAutoConfiguration#pageableCustomizer matched:
      - @ConditionalOnMissingBean (types: org.springframework.data.web.config.PageableHandlerMethodArgumentResolverCustomizer; SearchStrategy: all) did not find any beans (OnBeanCondition)

   SpringDataWebAutoConfiguration#sortCustomizer matched:
      - @ConditionalOnMissingBean (types: org.springframework.data.web.config.SortHandlerMethodArgumentResolverCustomizer; SearchStrategy: all) did not find any beans (OnBeanCondition)

   SpringDataWebAutoConfiguration#springDataWebSettings matched:
      - @ConditionalOnMissingBean (types: org.springframework.data.web.config.SpringDataWebSettings; SearchStrategy: all) did not find any beans (OnBeanCondition)

   SpringDocConfigProperties matched:
      - @ConditionalOnProperty (springdoc.api-docs.enabled) matched (OnPropertyCondition)
      - @ConditionalOnBean (types: org.springdoc.core.configuration.SpringDocConfiguration; SearchStrategy: all) found bean 'org.springdoc.core.configuration.SpringDocConfiguration' (OnBeanCondition)

   SpringDocConfiguration matched:
      - @ConditionalOnWebApplication (required) found 'session' scope (OnWebApplicationCondition)
      - @ConditionalOnProperty (springdoc.api-docs.enabled) matched (OnPropertyCondition)

   SpringDocConfiguration#fileSupportConverter matched:
      - @ConditionalOnMissingBean (types: org.springdoc.core.converters.FileSupportConverter; SearchStrategy: all) did not find any beans (OnBeanCondition)

   SpringDocConfiguration#openAPIBuilder matched:
      - @ConditionalOnMissingBean (types: org.springdoc.core.service.OpenAPIService; SearchStrategy: all) did not find any beans (OnBeanCondition)

   SpringDocConfiguration#operationBuilder matched:
      - @ConditionalOnMissingBean (types: org.springdoc.core.service.OperationService; SearchStrategy: all) did not find any beans (OnBeanCondition)

   SpringDocConfiguration#parameterBuilder matched:
      - @ConditionalOnMissingBean (types: org.springdoc.core.service.GenericParameterService; SearchStrategy: all) did not find any beans (OnBeanCondition)

   SpringDocConfiguration#polymorphicModelConverter matched:
      - @ConditionalOnProperty (springdoc.model-converters.polymorphic-converter.enabled) matched (OnPropertyCondition)
      - @ConditionalOnMissingBean (types: org.springdoc.core.converters.PolymorphicModelConverter; SearchStrategy: all) did not find any beans (OnBeanCondition)

   SpringDocConfiguration#requestBodyBuilder matched:
      - @ConditionalOnMissingBean (types: org.springdoc.core.service.RequestBodyService; SearchStrategy: all) did not find any beans (OnBeanCondition)

   SpringDocConfiguration#responseSupportConverter matched:
      - @ConditionalOnMissingBean (types: org.springdoc.core.converters.ResponseSupportConverter; SearchStrategy: all) did not find any beans (OnBeanCondition)

   SpringDocConfiguration#schemaPropertyDeprecatingConverter matched:
      - @ConditionalOnProperty (springdoc.model-converters.deprecating-converter.enabled) matched (OnPropertyCondition)
      - @ConditionalOnMissingBean (types: org.springdoc.core.converters.SchemaPropertyDeprecatingConverter; SearchStrategy: all) did not find any beans (OnBeanCondition)

   SpringDocConfiguration#securityParser matched:
      - @ConditionalOnMissingBean (types: org.springdoc.core.service.SecurityService; SearchStrategy: all) did not find any beans (OnBeanCondition)

   SpringDocConfiguration#springDocCustomizers matched:
      - @ConditionalOnMissingBean (types: org.springdoc.core.customizers.SpringDocCustomizers; SearchStrategy: all) did not find any beans (OnBeanCondition)

   SpringDocConfiguration#springDocProviders matched:
      - @ConditionalOnMissingBean (types: org.springdoc.core.providers.SpringDocProviders; SearchStrategy: all) did not find any beans (OnBeanCondition)

   SpringDocConfiguration#springdocObjectMapperProvider matched:
      - @ConditionalOnMissingBean (types: org.springdoc.core.providers.ObjectMapperProvider; SearchStrategy: all) did not find any beans (OnBeanCondition)

   SpringDocConfiguration.QuerydslProvider matched:
      - @ConditionalOnClass found required class 'org.springframework.data.querydsl.binding.QuerydslBindingsFactory' (OnClassCondition)

   SpringDocConfiguration.QuerydslProvider#queryDslQuerydslPredicateOperationCustomizer matched:
      - @ConditionalOnMissingBean (types: org.springdoc.core.customizers.QuerydslPredicateOperationCustomizer; SearchStrategy: all) did not find any beans (OnBeanCondition)

   SpringDocConfiguration.SpringDocSpringDataWebPropertiesProvider matched:
      - @ConditionalOnClass found required class 'org.springframework.boot.autoconfigure.data.web.SpringDataWebProperties' (OnClassCondition)

   SpringDocConfiguration.SpringDocSpringDataWebPropertiesProvider#springDataWebPropertiesProvider matched:
      - @ConditionalOnMissingBean (types: org.springdoc.core.providers.SpringDataWebPropertiesProvider; SearchStrategy: all) did not find any beans (OnBeanCondition)

   SpringDocConfiguration.SpringDocWebFluxSupportConfiguration matched:
      - @ConditionalOnClass found required class 'reactor.core.publisher.Flux' (OnClassCondition)

   SpringDocConfiguration.SpringDocWebFluxSupportConfiguration#webFluxSupportConverter matched:
      - @ConditionalOnMissingBean (types: org.springdoc.core.converters.WebFluxSupportConverter; SearchStrategy: all) did not find any beans (OnBeanCondition)

   SpringDocConfiguration.WebConversionServiceConfiguration matched:
      - @ConditionalOnClass found required class 'org.springframework.boot.autoconfigure.web.format.WebConversionService' (OnClassCondition)

   SpringDocPageableConfiguration matched:
      - @ConditionalOnClass found required class 'org.springframework.data.domain.Pageable' (OnClassCondition)
      - @ConditionalOnWebApplication (required) found 'session' scope (OnWebApplicationCondition)
      - @ConditionalOnProperty (springdoc.api-docs.enabled) matched (OnPropertyCondition)
      - @ConditionalOnBean (types: org.springdoc.core.configuration.SpringDocConfiguration; SearchStrategy: all) found bean 'org.springdoc.core.configuration.SpringDocConfiguration' (OnBeanCondition)

   SpringDocPageableConfiguration#delegatingMethodParameterCustomizer matched:
      - @ConditionalOnMissingBean (types: org.springdoc.core.customizers.DelegatingMethodParameterCustomizer; SearchStrategy: all) did not find any beans (OnBeanCondition)

   SpringDocPageableConfiguration#pageOpenAPIConverter matched:
      - @ConditionalOnClass found required classes 'org.springframework.data.web.PagedModel', 'org.springframework.data.web.config.SpringDataWebSettings' (OnClassCondition)
      - @ConditionalOnMissingBean (types: org.springdoc.core.converters.PageOpenAPIConverter; SearchStrategy: all) did not find any beans (OnBeanCondition)

   SpringDocPageableConfiguration#pageableOpenAPIConverter matched:
      - @ConditionalOnProperty (springdoc.model-converters.pageable-converter.enabled) matched (OnPropertyCondition)
      - @ConditionalOnMissingBean (types: org.springdoc.core.converters.PageableOpenAPIConverter; SearchStrategy: all) did not find any beans (OnBeanCondition)

   SpringDocSecurityConfiguration matched:
      - @ConditionalOnClass found required class 'org.springframework.security.web.SecurityFilterChain' (OnClassCondition)
      - @ConditionalOnWebApplication (required) found 'session' scope (OnWebApplicationCondition)
      - @ConditionalOnExpression (#{${springdoc.api-docs.enabled:true} and ${springdoc.enable-spring-security:true}}) resulted in true (OnExpressionCondition)
      - @ConditionalOnBean (types: org.springdoc.core.configuration.SpringDocConfiguration; SearchStrategy: all) found bean 'org.springdoc.core.configuration.SpringDocConfiguration' (OnBeanCondition)

   SpringDocSecurityConfiguration.SpringSecurityLoginEndpointConfiguration matched:
      - @ConditionalOnClass found required class 'jakarta.servlet.Filter' (OnClassCondition)

   SpringDocSortConfiguration matched:
      - @ConditionalOnClass found required class 'org.springframework.data.domain.Sort' (OnClassCondition)
      - @ConditionalOnWebApplication (required) found 'session' scope (OnWebApplicationCondition)
      - @ConditionalOnProperty (springdoc.api-docs.enabled) matched (OnPropertyCondition)
      - @ConditionalOnBean (types: org.springdoc.core.configuration.SpringDocConfiguration; SearchStrategy: all) found bean 'org.springdoc.core.configuration.SpringDocConfiguration' (OnBeanCondition)

   SpringDocSortConfiguration#sortOpenAPIConverter matched:
      - @ConditionalOnProperty (springdoc.sort-converter.enabled) matched (OnPropertyCondition)
      - @ConditionalOnMissingBean (types: org.springdoc.core.converters.SortOpenAPIConverter; SearchStrategy: all) did not find any beans (OnBeanCondition)

   SpringDocUIConfiguration matched:
      - @ConditionalOnWebApplication (required) found 'session' scope (OnWebApplicationCondition)
      - @ConditionalOnBean (types: org.springdoc.core.configuration.SpringDocConfiguration; SearchStrategy: all) found bean 'org.springdoc.core.configuration.SpringDocConfiguration' (OnBeanCondition)

   SpringDocWebMvcConfiguration matched:
      - found 'session' scope (OnWebApplicationCondition)
      - @ConditionalOnProperty (springdoc.api-docs.enabled) matched (OnPropertyCondition)
      - @ConditionalOnBean (types: org.springdoc.core.configuration.SpringDocConfiguration; SearchStrategy: all) found bean 'org.springdoc.core.configuration.SpringDocConfiguration' (OnBeanCondition)

   SpringDocWebMvcConfiguration#openApiResource matched:
      - @ConditionalOnExpression (#{(${springdoc.use-management-port:false} == false ) and ${springdoc.enable-default-api-docs:true}}) resulted in true (OnExpressionCondition)
      - @ConditionalOnMissingBean (types: org.springdoc.webmvc.api.OpenApiWebMvcResource; SearchStrategy: all) did not find any beans (OnBeanCondition)

   SpringDocWebMvcConfiguration#requestBuilder matched:
      - @ConditionalOnMissingBean (types: org.springdoc.webmvc.core.service.RequestService; SearchStrategy: all) did not find any beans (OnBeanCondition)

   SpringDocWebMvcConfiguration#responseBuilder matched:
      - @ConditionalOnMissingBean (types: org.springdoc.core.service.GenericResponseService; SearchStrategy: all) did not find any beans (OnBeanCondition)

   SpringDocWebMvcConfiguration#springWebProvider matched:
      - @ConditionalOnMissingBean (types: org.springdoc.core.providers.SpringWebProvider; SearchStrategy: all) did not find any beans (OnBeanCondition)

   SpringDocWebMvcConfiguration.SpringDocWebMvcRouterConfiguration matched:
      - @ConditionalOnClass found required class 'org.springframework.web.servlet.function.RouterFunction' (OnClassCondition)

   SpringDocWebMvcConfiguration.SpringDocWebMvcRouterConfiguration#routerFunctionProvider matched:
      - @ConditionalOnMissingBean (types: org.springdoc.webmvc.core.providers.RouterFunctionWebMvcProvider; SearchStrategy: all) did not find any beans (OnBeanCondition)

   SqlInitializationAutoConfiguration matched:
      - @ConditionalOnBooleanProperty (spring.sql.init.enabled=true) matched (OnPropertyCondition)
      - NoneNestedConditions 0 matched 1 did not; NestedCondition on SqlInitializationAutoConfiguration.SqlInitializationModeCondition.ModeIsNever @ConditionalOnProperty (spring.sql.init.mode=never) did not find property 'spring.sql.init.mode' (SqlInitializationAutoConfiguration.SqlInitializationModeCondition)

   SslAutoConfiguration#sslBundleRegistry matched:
      - @ConditionalOnMissingBean (types: org.springframework.boot.ssl.SslBundleRegistry,org.springframework.boot.ssl.SslBundles; SearchStrategy: all) did not find any beans (OnBeanCondition)

   SwaggerConfig matched:
      - found 'session' scope (OnWebApplicationCondition)
      - @ConditionalOnProperty (springdoc.swagger-ui.enabled) matched (OnPropertyCondition)
      - @ConditionalOnBean (types: org.springdoc.core.configuration.SpringDocConfiguration; SearchStrategy: all) found bean 'org.springdoc.core.configuration.SpringDocConfiguration' (OnBeanCondition)

   SwaggerConfig#indexPageTransformer matched:
      - @ConditionalOnMissingBean (types: org.springdoc.webmvc.ui.SwaggerIndexTransformer; SearchStrategy: all) did not find any beans (OnBeanCondition)

   SwaggerConfig#swaggerConfigResource matched:
      - @ConditionalOnProperty (springdoc.use-management-port=false) matched (OnPropertyCondition)
      - @ConditionalOnMissingBean (types: org.springdoc.webmvc.ui.SwaggerConfigResource; SearchStrategy: all) did not find any beans (OnBeanCondition)

   SwaggerConfig#swaggerResourceResolver matched:
      - @ConditionalOnMissingBean (types: org.springdoc.webmvc.ui.SwaggerResourceResolver; SearchStrategy: all) did not find any beans (OnBeanCondition)

   SwaggerConfig#swaggerWebMvcConfigurer matched:
      - @ConditionalOnMissingBean (types: org.springdoc.webmvc.ui.SwaggerWebMvcConfigurer; SearchStrategy: all) did not find any beans (OnBeanCondition)

   SwaggerConfig#swaggerWelcome matched:
      - @ConditionalOnProperty (springdoc.use-management-port=false) matched (OnPropertyCondition)
      - @ConditionalOnMissingBean (types: org.springdoc.webmvc.ui.SwaggerWelcomeWebMvc; SearchStrategy: all) did not find any beans (OnBeanCondition)

   SwaggerUiConfigParameters matched:
      - @ConditionalOnProperty (springdoc.swagger-ui.enabled) matched (OnPropertyCondition)
      - @ConditionalOnBean (types: org.springdoc.core.configuration.SpringDocConfiguration; SearchStrategy: all) found bean 'org.springdoc.core.configuration.SpringDocConfiguration' (OnBeanCondition)

   SwaggerUiConfigProperties matched:
      - @ConditionalOnProperty (springdoc.swagger-ui.enabled) matched (OnPropertyCondition)
      - @ConditionalOnBean (types: org.springdoc.core.configuration.SpringDocConfiguration; SearchStrategy: all) found bean 'org.springdoc.core.configuration.SpringDocConfiguration' (OnBeanCondition)

   SwaggerUiOAuthProperties matched:
      - @ConditionalOnProperty (springdoc.swagger-ui.enabled) matched (OnPropertyCondition)
      - @ConditionalOnBean (types: org.springdoc.core.configuration.SpringDocConfiguration; SearchStrategy: all) found bean 'org.springdoc.core.configuration.SpringDocConfiguration' (OnBeanCondition)

   TaskExecutionAutoConfiguration matched:
      - @ConditionalOnClass found required class 'org.springframework.scheduling.concurrent.ThreadPoolTaskExecutor' (OnClassCondition)

   TaskExecutorConfigurations.AsyncConfigurerConfiguration matched:
      - @ConditionalOnMissingBean (types: org.springframework.scheduling.annotation.AsyncConfigurer; SearchStrategy: all) did not find any beans (OnBeanCondition)

   TaskExecutorConfigurations.AsyncConfigurerConfiguration#applicationTaskExecutorAsyncConfigurer matched:
      - @ConditionalOnMissingBean (types: org.springframework.scheduling.annotation.AsyncConfigurer; SearchStrategy: all) did not find any beans (OnBeanCondition)

   TaskExecutorConfigurations.SimpleAsyncTaskExecutorBuilderConfiguration#simpleAsyncTaskExecutorBuilder matched:
      - @ConditionalOnMissingBean (types: org.springframework.boot.task.SimpleAsyncTaskExecutorBuilder; SearchStrategy: all) did not find any beans (OnBeanCondition)
      - @ConditionalOnThreading found PLATFORM (OnThreadingCondition)

   TaskExecutorConfigurations.TaskExecutorConfiguration matched:
      - AnyNestedCondition 1 matched 1 did not; NestedCondition on TaskExecutorConfigurations.OnExecutorCondition.ModelCondition @ConditionalOnProperty (spring.task.execution.mode=force) did not find property 'spring.task.execution.mode'; NestedCondition on TaskExecutorConfigurations.OnExecutorCondition.ExecutorBeanCondition @ConditionalOnMissingBean (types: java.util.concurrent.Executor; SearchStrategy: all) did not find any beans (TaskExecutorConfigurations.OnExecutorCondition)

   TaskExecutorConfigurations.TaskExecutorConfiguration#applicationTaskExecutor matched:
      - @ConditionalOnThreading found PLATFORM (OnThreadingCondition)

   TaskExecutorConfigurations.ThreadPoolTaskExecutorBuilderConfiguration#threadPoolTaskExecutorBuilder matched:
      - @ConditionalOnMissingBean (types: org.springframework.boot.task.ThreadPoolTaskExecutorBuilder; SearchStrategy: all) did not find any beans (OnBeanCondition)

   TaskSchedulingAutoConfiguration matched:
      - @ConditionalOnClass found required class 'org.springframework.scheduling.concurrent.ThreadPoolTaskScheduler' (OnClassCondition)

   TaskSchedulingConfigurations.SimpleAsyncTaskSchedulerBuilderConfiguration#simpleAsyncTaskSchedulerBuilder matched:
      - @ConditionalOnMissingBean (types: org.springframework.boot.task.SimpleAsyncTaskSchedulerBuilder; SearchStrategy: all) did not find any beans (OnBeanCondition)
      - @ConditionalOnThreading found PLATFORM (OnThreadingCondition)

   TaskSchedulingConfigurations.ThreadPoolTaskSchedulerBuilderConfiguration#threadPoolTaskSchedulerBuilder matched:
      - @ConditionalOnMissingBean (types: org.springframework.boot.task.ThreadPoolTaskSchedulerBuilder; SearchStrategy: all) did not find any beans (OnBeanCondition)

   TransactionAutoConfiguration matched:
      - @ConditionalOnClass found required class 'org.springframework.transaction.PlatformTransactionManager' (OnClassCondition)

   TransactionAutoConfiguration.EnableTransactionManagementConfiguration matched:
      - @ConditionalOnBean (types: org.springframework.transaction.TransactionManager; SearchStrategy: all) found bean 'transactionManager'; @ConditionalOnMissingBean (types: org.springframework.transaction.annotation.AbstractTransactionManagementConfiguration; SearchStrategy: all) did not find any beans (OnBeanCondition)

   TransactionAutoConfiguration.EnableTransactionManagementConfiguration.CglibAutoProxyConfiguration matched:
      - @ConditionalOnBooleanProperty (spring.aop.proxy-target-class=true) matched (OnPropertyCondition)

   TransactionAutoConfiguration.TransactionTemplateConfiguration matched:
      - @ConditionalOnSingleCandidate (types: org.springframework.transaction.PlatformTransactionManager; SearchStrategy: all) found a single bean 'transactionManager' (OnBeanCondition)

   TransactionAutoConfiguration.TransactionTemplateConfiguration#transactionTemplate matched:
      - @ConditionalOnMissingBean (types: org.springframework.transaction.support.TransactionOperations; SearchStrategy: all) did not find any beans (OnBeanCondition)

   TransactionManagerCustomizationAutoConfiguration matched:
      - @ConditionalOnClass found required class 'org.springframework.transaction.PlatformTransactionManager' (OnClassCondition)

   TransactionManagerCustomizationAutoConfiguration#platformTransactionManagerCustomizers matched:
      - @ConditionalOnMissingBean (types: org.springframework.boot.autoconfigure.transaction.TransactionManagerCustomizers; SearchStrategy: all) did not find any beans (OnBeanCondition)

   ValidationAutoConfiguration matched:
      - @ConditionalOnClass found required class 'jakarta.validation.executable.ExecutableValidator' (OnClassCondition)
      - @ConditionalOnResource found location classpath:META-INF/services/jakarta.validation.spi.ValidationProvider (OnResourceCondition)

   ValidationAutoConfiguration#defaultValidator matched:
      - @ConditionalOnMissingBean (types: jakarta.validation.Validator; SearchStrategy: all) did not find any beans (OnBeanCondition)

   ValidationAutoConfiguration#methodValidationPostProcessor matched:
      - @ConditionalOnMissingBean (types: org.springframework.validation.beanvalidation.MethodValidationPostProcessor; SearchStrategy: current) did not find any beans (OnBeanCondition)

   WebMvcAutoConfiguration matched:
      - @ConditionalOnClass found required classes 'jakarta.servlet.Servlet', 'org.springframework.web.servlet.DispatcherServlet', 'org.springframework.web.servlet.config.annotation.WebMvcConfigurer' (OnClassCondition)
      - found 'session' scope (OnWebApplicationCondition)
      - @ConditionalOnMissingBean (types: org.springframework.web.servlet.config.annotation.WebMvcConfigurationSupport; SearchStrategy: all) did not find any beans (OnBeanCondition)

   WebMvcAutoConfiguration#formContentFilter matched:
      - @ConditionalOnBooleanProperty (spring.mvc.formcontent.filter.enabled=true) matched (OnPropertyCondition)
      - @ConditionalOnMissingBean (types: org.springframework.web.filter.FormContentFilter; SearchStrategy: all) did not find any beans (OnBeanCondition)

   WebMvcAutoConfiguration.EnableWebMvcConfiguration#flashMapManager matched:
      - @ConditionalOnMissingBean (names: flashMapManager; SearchStrategy: all) did not find any beans (OnBeanCondition)

   WebMvcAutoConfiguration.EnableWebMvcConfiguration#localeResolver matched:
      - @ConditionalOnMissingBean (names: localeResolver; SearchStrategy: all) did not find any beans (OnBeanCondition)

   WebMvcAutoConfiguration.EnableWebMvcConfiguration#themeResolver matched:
      - @ConditionalOnMissingBean (names: themeResolver; SearchStrategy: all) did not find any beans (OnBeanCondition)

   WebMvcAutoConfiguration.EnableWebMvcConfiguration#viewNameTranslator matched:
      - @ConditionalOnMissingBean (names: viewNameTranslator; SearchStrategy: all) did not find any beans (OnBeanCondition)

   WebMvcAutoConfiguration.WebMvcAutoConfigurationAdapter#defaultViewResolver matched:
      - @ConditionalOnMissingBean (types: org.springframework.web.servlet.view.InternalResourceViewResolver; SearchStrategy: all) did not find any beans (OnBeanCondition)

   WebMvcAutoConfiguration.WebMvcAutoConfigurationAdapter#requestContextFilter matched:
      - @ConditionalOnMissingBean (types: org.springframework.web.context.request.RequestContextListener,org.springframework.web.filter.RequestContextFilter; SearchStrategy: all) did not find any beans (OnBeanCondition)

   WebMvcAutoConfiguration.WebMvcAutoConfigurationAdapter#viewResolver matched:
      - @ConditionalOnBean (types: org.springframework.web.servlet.ViewResolver; SearchStrategy: all) found beans 'defaultViewResolver', 'beanNameViewResolver', 'mvcViewResolver'; @ConditionalOnMissingBean (names: viewResolver types: org.springframework.web.servlet.view.ContentNegotiatingViewResolver; SearchStrategy: all) did not find any beans (OnBeanCondition)

   WebSocketServletAutoConfiguration matched:
      - @ConditionalOnClass found required classes 'jakarta.servlet.Servlet', 'jakarta.websocket.server.ServerContainer' (OnClassCondition)
      - found 'session' scope (OnWebApplicationCondition)

   WebSocketServletAutoConfiguration.TomcatWebSocketConfiguration matched:
      - @ConditionalOnClass found required classes 'org.apache.catalina.startup.Tomcat', 'org.apache.tomcat.websocket.server.WsSci' (OnClassCondition)

   WebSocketServletAutoConfiguration.TomcatWebSocketConfiguration#websocketServletWebServerCustomizer matched:
      - @ConditionalOnMissingBean (names: websocketServletWebServerCustomizer; SearchStrategy: all) did not find any beans (OnBeanCondition)


Negative matches:
-----------------

   ActiveMQAutoConfiguration:
      Did not match:
         - @ConditionalOnClass did not find required class 'jakarta.jms.ConnectionFactory' (OnClassCondition)

   AopAutoConfiguration.AspectJAutoProxyingConfiguration.JdkDynamicAutoProxyConfiguration:
      Did not match:
         - @ConditionalOnBooleanProperty (spring.aop.proxy-target-class=false) did not find property 'spring.aop.proxy-target-class' (OnPropertyCondition)

   AopAutoConfiguration.ClassProxyingConfiguration:
      Did not match:
         - @ConditionalOnMissingClass found unwanted class 'org.aspectj.weaver.Advice' (OnClassCondition)

   ArtemisAutoConfiguration:
      Did not match:
         - @ConditionalOnClass did not find required class 'jakarta.jms.ConnectionFactory' (OnClassCondition)

   BatchAutoConfiguration:
      Did not match:
         - @ConditionalOnClass did not find required class 'org.springframework.batch.core.launch.JobLauncher' (OnClassCondition)

   Cache2kCacheConfiguration:
      Did not match:
         - @ConditionalOnClass did not find required class 'org.cache2k.Cache2kBuilder' (OnClassCondition)

   CacheAutoConfiguration:
      Did not match:
         - @ConditionalOnBean (types: org.springframework.cache.interceptor.CacheAspectSupport; SearchStrategy: all) did not find any beans of type org.springframework.cache.interceptor.CacheAspectSupport (OnBeanCondition)
      Matched:
         - @ConditionalOnClass found required class 'org.springframework.cache.CacheManager' (OnClassCondition)

   CacheAutoConfiguration.CacheManagerEntityManagerFactoryDependsOnPostProcessor:
      Did not match:
         - @ConditionalOnClass did not find required class 'org.springframework.orm.jpa.LocalContainerEntityManagerFactoryBean' (OnClassCondition)
         - Ancestor org.springframework.boot.autoconfigure.cache.CacheAutoConfiguration did not match (ConditionEvaluationReport.AncestorsMatchedCondition)

   CaffeineCacheConfiguration:
      Did not match:
         - @ConditionalOnClass did not find required class 'com.github.benmanes.caffeine.cache.Caffeine' (OnClassCondition)

   CassandraAutoConfiguration:
      Did not match:
         - @ConditionalOnClass did not find required class 'com.datastax.oss.driver.api.core.CqlSession' (OnClassCondition)

   CassandraDataAutoConfiguration:
      Did not match:
         - @ConditionalOnClass did not find required class 'com.datastax.oss.driver.api.core.CqlSession' (OnClassCondition)

   CassandraReactiveDataAutoConfiguration:
      Did not match:
         - @ConditionalOnClass did not find required class 'com.datastax.oss.driver.api.core.CqlSession' (OnClassCondition)

   CassandraReactiveRepositoriesAutoConfiguration:
      Did not match:
         - @ConditionalOnClass did not find required class 'org.springframework.data.cassandra.ReactiveSession' (OnClassCondition)

   CassandraRepositoriesAutoConfiguration:
      Did not match:
         - @ConditionalOnClass did not find required class 'com.datastax.oss.driver.api.core.CqlSession' (OnClassCondition)

   org.springframework.boot.autoconfigure.web.reactive.function.client.ClientHttpConnectorAutoConfiguration:
      Did not match:
         - @ConditionalOnClass did not find required class 'org.springframework.web.reactive.function.client.WebClient' (OnClassCondition)

   ClientHttpConnectorAutoConfiguration.ReactorNetty:
      Did not match:
         - @ConditionalOnClass did not find required class 'reactor.netty.http.client.HttpClient' (OnClassCondition)

   CodecsAutoConfiguration:
      Did not match:
         - @ConditionalOnClass did not find required class 'org.springframework.web.reactive.function.client.WebClient' (OnClassCondition)

   CouchbaseAutoConfiguration:
      Did not match:
         - @ConditionalOnClass did not find required class 'com.couchbase.client.java.Cluster' (OnClassCondition)

   CouchbaseCacheConfiguration:
      Did not match:
         - @ConditionalOnClass did not find required class 'com.couchbase.client.java.Cluster' (OnClassCondition)

   CouchbaseDataAutoConfiguration:
      Did not match:
         - @ConditionalOnClass did not find required class 'com.couchbase.client.java.Bucket' (OnClassCondition)

   CouchbaseReactiveDataAutoConfiguration:
      Did not match:
         - @ConditionalOnClass did not find required class 'com.couchbase.client.java.Cluster' (OnClassCondition)

   CouchbaseReactiveRepositoriesAutoConfiguration:
      Did not match:
         - @ConditionalOnClass did not find required class 'com.couchbase.client.java.Cluster' (OnClassCondition)

   CouchbaseRepositoriesAutoConfiguration:
      Did not match:
         - @ConditionalOnClass did not find required class 'com.couchbase.client.java.Bucket' (OnClassCondition)

   DataSourceAutoConfiguration.EmbeddedDatabaseConfiguration:
      Did not match:
         - EmbeddedDataSource spring.datasource.url is set (DataSourceAutoConfiguration.EmbeddedDatabaseCondition)

   DataSourceCheckpointRestoreConfiguration:
      Did not match:
         - @ConditionalOnClass did not find required class 'org.crac.Resource' (OnClassCondition)

   DataSourceConfiguration.Dbcp2:
      Did not match:
         - @ConditionalOnClass did not find required class 'org.apache.commons.dbcp2.BasicDataSource' (OnClassCondition)

   DataSourceConfiguration.Generic:
      Did not match:
         - @ConditionalOnProperty (spring.datasource.type) did not find property 'spring.datasource.type' (OnPropertyCondition)

   DataSourceConfiguration.OracleUcp:
      Did not match:
         - @ConditionalOnClass did not find required classes 'oracle.ucp.jdbc.PoolDataSourceImpl', 'oracle.jdbc.OracleConnection' (OnClassCondition)

   DataSourceConfiguration.Tomcat:
      Did not match:
         - @ConditionalOnClass did not find required class 'org.apache.tomcat.jdbc.pool.DataSource' (OnClassCondition)

   DataSourceJmxConfiguration:
      Did not match:
         - @ConditionalOnBooleanProperty (spring.jmx.enabled=true) did not find property 'spring.jmx.enabled' (OnPropertyCondition)

   DataSourcePoolMetadataProvidersConfiguration.CommonsDbcp2PoolDataSourceMetadataProviderConfiguration:
      Did not match:
         - @ConditionalOnClass did not find required class 'org.apache.commons.dbcp2.BasicDataSource' (OnClassCondition)

   DataSourcePoolMetadataProvidersConfiguration.OracleUcpPoolDataSourceMetadataProviderConfiguration:
      Did not match:
         - @ConditionalOnClass did not find required classes 'oracle.ucp.jdbc.PoolDataSource', 'oracle.jdbc.OracleConnection' (OnClassCondition)

   DataSourcePoolMetadataProvidersConfiguration.TomcatDataSourcePoolMetadataProviderConfiguration:
      Did not match:
         - @ConditionalOnClass did not find required class 'org.apache.tomcat.jdbc.pool.DataSource' (OnClassCondition)

   DispatcherServletAutoConfiguration.DispatcherServletConfiguration#multipartResolver:
      Did not match:
         - @ConditionalOnBean (types: org.springframework.web.multipart.MultipartResolver; SearchStrategy: all) did not find any beans of type org.springframework.web.multipart.MultipartResolver (OnBeanCondition)

   ElasticsearchClientConfigurations.JsonbJsonpMapperConfiguration:
      Did not match:
         - @ConditionalOnBean did not find required type 'jakarta.json.bind.Jsonb' (OnBeanCondition)
         - @ConditionalOnBean (types: ?; SearchStrategy: all) did not find any beans of type ? (OnBeanCondition)

   ElasticsearchClientConfigurations.SimpleJsonpMapperConfiguration:
      Did not match:
         - @ConditionalOnMissingBean (types: co.elastic.clients.json.JsonpMapper; SearchStrategy: all) found beans of type 'co.elastic.clients.json.JsonpMapper' jacksonJsonpMapper (OnBeanCondition)

   ElasticsearchRestClientConfigurations.RestClientSnifferConfiguration:
      Did not match:
         - @ConditionalOnClass did not find required class 'org.elasticsearch.client.sniff.Sniffer' (OnClassCondition)

   EmbeddedLdapAutoConfiguration:
      Did not match:
         - @ConditionalOnClass did not find required class 'com.unboundid.ldap.listener.InMemoryDirectoryServer' (OnClassCondition)

   EmbeddedWebServerFactoryCustomizerAutoConfiguration.JettyWebServerFactoryCustomizerConfiguration:
      Did not match:
         - @ConditionalOnClass did not find required classes 'org.eclipse.jetty.server.Server', 'org.eclipse.jetty.util.Loader', 'org.eclipse.jetty.ee10.webapp.WebAppContext' (OnClassCondition)

   EmbeddedWebServerFactoryCustomizerAutoConfiguration.NettyWebServerFactoryCustomizerConfiguration:
      Did not match:
         - @ConditionalOnClass did not find required class 'reactor.netty.http.server.HttpServer' (OnClassCondition)

   EmbeddedWebServerFactoryCustomizerAutoConfiguration.TomcatWebServerFactoryCustomizerConfiguration#tomcatVirtualThreadsProtocolHandlerCustomizer:
      Did not match:
         - @ConditionalOnThreading did not find VIRTUAL (OnThreadingCondition)

   EmbeddedWebServerFactoryCustomizerAutoConfiguration.UndertowWebServerFactoryCustomizerConfiguration:
      Did not match:
         - @ConditionalOnClass did not find required classes 'io.undertow.Undertow', 'org.xnio.SslClientAuthMode' (OnClassCondition)

   ErrorWebFluxAutoConfiguration:
      Did not match:
         - @ConditionalOnClass did not find required class 'org.springframework.web.reactive.config.WebFluxConfigurer' (OnClassCondition)

   FlywayAutoConfiguration:
      Did not match:
         - @ConditionalOnClass did not find required class 'org.flywaydb.core.Flyway' (OnClassCondition)

   FreeMarkerNonWebConfiguration:
      Did not match:
         - @ConditionalOnWebApplication found 'session' scope and did not find reactive web application classes (OnWebApplicationCondition)

   FreeMarkerReactiveWebConfiguration:
      Did not match:
         - did not find reactive web application classes (OnWebApplicationCondition)

   FreeMarkerServletWebConfiguration#resourceUrlEncodingFilter:
      Did not match:
         - @ConditionalOnEnabledResourceChain did not find class org.webjars.WebJarVersionLocator (OnEnabledResourceChainCondition)

   GraphQlAutoConfiguration:
      Did not match:
         - @ConditionalOnClass did not find required class 'graphql.GraphQL' (OnClassCondition)

   GraphQlQueryByExampleAutoConfiguration:
      Did not match:
         - @ConditionalOnClass did not find required class 'graphql.GraphQL' (OnClassCondition)

   GraphQlQuerydslAutoConfiguration:
      Did not match:
         - @ConditionalOnClass did not find required class 'com.querydsl.core.Query' (OnClassCondition)

   GraphQlRSocketAutoConfiguration:
      Did not match:
         - @ConditionalOnClass did not find required class 'graphql.GraphQL' (OnClassCondition)

   GraphQlReactiveQueryByExampleAutoConfiguration:
      Did not match:
         - @ConditionalOnClass did not find required class 'graphql.GraphQL' (OnClassCondition)

   GraphQlReactiveQuerydslAutoConfiguration:
      Did not match:
         - @ConditionalOnClass did not find required class 'com.querydsl.core.Query' (OnClassCondition)

   GraphQlWebFluxAutoConfiguration:
      Did not match:
         - @ConditionalOnClass did not find required class 'graphql.GraphQL' (OnClassCondition)

   GraphQlWebFluxSecurityAutoConfiguration:
      Did not match:
         - @ConditionalOnClass did not find required class 'graphql.GraphQL' (OnClassCondition)

   GraphQlWebMvcAutoConfiguration:
      Did not match:
         - @ConditionalOnClass did not find required class 'graphql.GraphQL' (OnClassCondition)

   GraphQlWebMvcSecurityAutoConfiguration:
      Did not match:
         - @ConditionalOnClass did not find required class 'graphql.GraphQL' (OnClassCondition)

   GroovyTemplateAutoConfiguration:
      Did not match:
         - @ConditionalOnClass did not find required class 'groovy.text.markup.MarkupTemplateEngine' (OnClassCondition)

   GsonAutoConfiguration:
      Did not match:
         - @ConditionalOnClass did not find required class 'com.google.gson.Gson' (OnClassCondition)

   GsonHttpMessageConvertersConfiguration:
      Did not match:
         - @ConditionalOnClass did not find required class 'com.google.gson.Gson' (OnClassCondition)

   H2ConsoleAutoConfiguration:
      Did not match:
         - @ConditionalOnClass did not find required class 'org.h2.server.web.JakartaWebServlet' (OnClassCondition)

   HazelcastAutoConfiguration:
      Did not match:
         - @ConditionalOnClass did not find required class 'com.hazelcast.core.HazelcastInstance' (OnClassCondition)

   HazelcastCacheConfiguration:
      Did not match:
         - @ConditionalOnClass did not find required class 'com.hazelcast.core.HazelcastInstance' (OnClassCondition)

   HazelcastJpaDependencyAutoConfiguration:
      Did not match:
         - @ConditionalOnClass did not find required class 'com.hazelcast.core.HazelcastInstance' (OnClassCondition)

   HibernateJpaAutoConfiguration:
      Did not match:
         - @ConditionalOnClass did not find required class 'jakarta.persistence.EntityManager' (OnClassCondition)

   HttpHandlerAutoConfiguration:
      Did not match:
         - @ConditionalOnClass did not find required class 'org.springframework.web.reactive.DispatcherHandler' (OnClassCondition)

   HypermediaAutoConfiguration:
      Did not match:
         - @ConditionalOnClass did not find required class 'org.springframework.hateoas.EntityModel' (OnClassCondition)

   IdentifierGeneratorAutoConfiguration:
      Did not match:
         - @ConditionalOnClass did not find required class 'org.springframework.cloud.commons.util.InetUtils' (OnClassCondition)

   InfinispanCacheConfiguration:
      Did not match:
         - @ConditionalOnClass did not find required class 'org.infinispan.spring.embedded.provider.SpringEmbeddedCacheManager' (OnClassCondition)

   IntegrationAutoConfiguration:
      Did not match:
         - @ConditionalOnClass did not find required class 'org.springframework.integration.config.EnableIntegration' (OnClassCondition)

   JCacheCacheConfiguration:
      Did not match:
         - @ConditionalOnClass did not find required class 'javax.cache.Caching' (OnClassCondition)

   JacksonHttpMessageConvertersConfiguration.MappingJackson2XmlHttpMessageConverterConfiguration:
      Did not match:
         - @ConditionalOnClass did not find required class 'com.fasterxml.jackson.dataformat.xml.XmlMapper' (OnClassCondition)

   JdbcRepositoriesAutoConfiguration:
      Did not match:
         - @ConditionalOnClass did not find required class 'org.springframework.data.jdbc.repository.config.AbstractJdbcConfiguration' (OnClassCondition)

   JedisConnectionConfiguration:
      Did not match:
         - @ConditionalOnClass did not find required class 'redis.clients.jedis.Jedis' (OnClassCondition)

   JerseyAutoConfiguration:
      Did not match:
         - @ConditionalOnClass did not find required class 'org.glassfish.jersey.server.spring.SpringComponentProvider' (OnClassCondition)

   JmsAutoConfiguration:
      Did not match:
         - @ConditionalOnClass did not find required class 'jakarta.jms.Message' (OnClassCondition)

   JmxAutoConfiguration:
      Did not match:
         - @ConditionalOnBooleanProperty (spring.jmx.enabled=true) did not find property 'spring.jmx.enabled' (OnPropertyCondition)
      Matched:
         - @ConditionalOnClass found required class 'org.springframework.jmx.export.MBeanExporter' (OnClassCondition)

   JndiConnectionFactoryAutoConfiguration:
      Did not match:
         - @ConditionalOnClass did not find required class 'org.springframework.jms.core.JmsTemplate' (OnClassCondition)

   JndiDataSourceAutoConfiguration:
      Did not match:
         - @ConditionalOnProperty (spring.datasource.jndi-name) did not find property 'spring.datasource.jndi-name' (OnPropertyCondition)
      Matched:
         - @ConditionalOnClass found required classes 'javax.sql.DataSource', 'org.springframework.jdbc.datasource.embedded.EmbeddedDatabaseType' (OnClassCondition)

   JooqAutoConfiguration:
      Did not match:
         - @ConditionalOnClass did not find required class 'org.jooq.DSLContext' (OnClassCondition)

   JpaRepositoriesAutoConfiguration:
      Did not match:
         - @ConditionalOnClass did not find required class 'org.springframework.data.jpa.repository.JpaRepository' (OnClassCondition)

   JsonbAutoConfiguration:
      Did not match:
         - @ConditionalOnClass did not find required class 'jakarta.json.bind.Jsonb' (OnClassCondition)

   JsonbHttpMessageConvertersConfiguration:
      Did not match:
         - @ConditionalOnClass did not find required class 'jakarta.json.bind.Jsonb' (OnClassCondition)

   JtaAutoConfiguration:
      Did not match:
         - @ConditionalOnClass did not find required class 'jakarta.transaction.Transaction' (OnClassCondition)

   KafkaAutoConfiguration:
      Did not match:
         - @ConditionalOnClass did not find required class 'org.springframework.kafka.core.KafkaTemplate' (OnClassCondition)

   LdapAutoConfiguration:
      Did not match:
         - @ConditionalOnClass did not find required class 'org.springframework.ldap.core.ContextSource' (OnClassCondition)

   LdapRepositoriesAutoConfiguration:
      Did not match:
         - @ConditionalOnClass did not find required class 'org.springframework.data.ldap.repository.LdapRepository' (OnClassCondition)

   LettuceConnectionConfiguration#redisConnectionFactoryVirtualThreads:
      Did not match:
         - @ConditionalOnMissingBean (types: org.springframework.data.redis.connection.RedisConnectionFactory; SearchStrategy: all) found beans of type 'org.springframework.data.redis.connection.RedisConnectionFactory' redisConnectionFactory (OnBeanCondition)

   LiquibaseAutoConfiguration:
      Did not match:
         - @ConditionalOnClass did not find required class 'liquibase.change.DatabaseChange' (OnClassCondition)

   MailSenderAutoConfiguration:
      Did not match:
         - @ConditionalOnClass did not find required class 'jakarta.mail.internet.MimeMessage' (OnClassCondition)

   MailSenderValidatorAutoConfiguration:
      Did not match:
         - @ConditionalOnBooleanProperty (spring.mail.test-connection=true) did not find property 'spring.mail.test-connection' (OnPropertyCondition)

   MessageSourceAutoConfiguration:
      Did not match:
         - ResourceBundle did not find bundle with basename messages (MessageSourceAutoConfiguration.ResourceBundleCondition)

   MongoAutoConfiguration:
      Did not match:
         - @ConditionalOnClass did not find required class 'com.mongodb.client.MongoClient' (OnClassCondition)

   MongoDataAutoConfiguration:
      Did not match:
         - @ConditionalOnClass did not find required class 'com.mongodb.client.MongoClient' (OnClassCondition)

   MongoReactiveAutoConfiguration:
      Did not match:
         - @ConditionalOnClass did not find required class 'com.mongodb.reactivestreams.client.MongoClient' (OnClassCondition)

   MongoReactiveDataAutoConfiguration:
      Did not match:
         - @ConditionalOnClass did not find required class 'com.mongodb.reactivestreams.client.MongoClient' (OnClassCondition)

   MongoReactiveRepositoriesAutoConfiguration:
      Did not match:
         - @ConditionalOnClass did not find required class 'com.mongodb.reactivestreams.client.MongoClient' (OnClassCondition)

   MongoRepositoriesAutoConfiguration:
      Did not match:
         - @ConditionalOnClass did not find required class 'com.mongodb.client.MongoClient' (OnClassCondition)

   MultipleOpenApiSupportConfiguration:
      Did not match:
         - AnyNestedCondition 0 matched 2 did not; NestedCondition on MultipleOpenApiSupportCondition.OnActuatorDifferentPort @ConditionalOnProperty (springdoc.show-actuator) did not find property 'springdoc.show-actuator'; NestedCondition on MultipleOpenApiSupportCondition.OnMultipleOpenApiSupportCondition AnyNestedCondition 0 matched 3 did not; NestedCondition on MultipleOpenApiGroupsCondition.OnListGroupedOpenApiBean @ConditionalOnBean (types: org.springdoc.core.models.GroupedOpenApi; SearchStrategy: all) did not find any beans of type org.springdoc.core.models.GroupedOpenApi; NestedCondition on MultipleOpenApiGroupsCondition.OnGroupConfigProperty @ConditionalOnProperty (springdoc.group-configs[0].group) did not find property 'springdoc.group-configs[0].group'; NestedCondition on MultipleOpenApiGroupsCondition.OnGroupedOpenApiBean @ConditionalOnBean (types: org.springdoc.core.models.GroupedOpenApi; SearchStrategy: all) did not find any beans of type org.springdoc.core.models.GroupedOpenApi (MultipleOpenApiSupportCondition)
      Matched:
         - found 'session' scope (OnWebApplicationCondition)
         - @ConditionalOnProperty (springdoc.api-docs.enabled) matched (OnPropertyCondition)

   MultipleOpenApiSupportConfiguration.SpringDocWebMvcActuatorDifferentConfiguration:
      Did not match:
         - @ConditionalOnClass did not find required class 'org.springframework.boot.actuate.endpoint.web.servlet.WebMvcEndpointHandlerMapping' (OnClassCondition)
         - Ancestor org.springdoc.webmvc.core.configuration.MultipleOpenApiSupportConfiguration did not match (ConditionEvaluationReport.AncestorsMatchedCondition)

   MustacheAutoConfiguration:
      Did not match:
         - @ConditionalOnClass did not find required class 'com.samskivert.mustache.Mustache' (OnClassCondition)

   MybatisPlusAutoConfiguration.MapperScannerRegistrarNotFoundConfiguration:
      Did not match:
         - @ConditionalOnMissingBean (types: org.mybatis.spring.mapper.MapperFactoryBean,org.mybatis.spring.mapper.MapperScannerConfigurer; SearchStrategy: all) found beans of type 'org.mybatis.spring.mapper.MapperScannerConfigurer' com.example.store.config.MybatisPlusConfig#MapperScannerRegistrar#0 (OnBeanCondition)

   MybatisPlusInnerInterceptorAutoConfiguration:
      Did not match:
         - @ConditionalOnBean (types: com.baomidou.mybatisplus.extension.plugins.inner.InnerInterceptor; SearchStrategy: all) did not find any beans of type com.baomidou.mybatisplus.extension.plugins.inner.InnerInterceptor (OnBeanCondition)

   MybatisPlusLanguageDriverAutoConfiguration.FreeMarkerConfiguration:
      Did not match:
         - @ConditionalOnClass did not find required classes 'org.mybatis.scripting.freemarker.FreeMarkerLanguageDriver', 'org.mybatis.scripting.freemarker.FreeMarkerLanguageDriverConfig' (OnClassCondition)

   MybatisPlusLanguageDriverAutoConfiguration.LegacyFreeMarkerConfiguration:
      Did not match:
         - @ConditionalOnClass did not find required class 'org.mybatis.scripting.freemarker.FreeMarkerLanguageDriver' (OnClassCondition)

   MybatisPlusLanguageDriverAutoConfiguration.LegacyVelocityConfiguration:
      Did not match:
         - @ConditionalOnClass did not find required class 'org.mybatis.scripting.velocity.Driver' (OnClassCondition)

   MybatisPlusLanguageDriverAutoConfiguration.ThymeleafConfiguration:
      Did not match:
         - @ConditionalOnClass did not find required class 'org.mybatis.scripting.thymeleaf.ThymeleafLanguageDriver' (OnClassCondition)

   MybatisPlusLanguageDriverAutoConfiguration.VelocityConfiguration:
      Did not match:
         - @ConditionalOnClass did not find required classes 'org.mybatis.scripting.velocity.VelocityLanguageDriver', 'org.mybatis.scripting.velocity.VelocityLanguageDriverConfig' (OnClassCondition)

   Neo4jAutoConfiguration:
      Did not match:
         - @ConditionalOnClass did not find required class 'org.neo4j.driver.Driver' (OnClassCondition)

   Neo4jDataAutoConfiguration:
      Did not match:
         - @ConditionalOnClass did not find required class 'org.neo4j.driver.Driver' (OnClassCondition)

   Neo4jReactiveDataAutoConfiguration:
      Did not match:
         - @ConditionalOnClass did not find required class 'org.neo4j.driver.Driver' (OnClassCondition)

   Neo4jReactiveRepositoriesAutoConfiguration:
      Did not match:
         - @ConditionalOnClass did not find required class 'org.neo4j.driver.Driver' (OnClassCondition)

   Neo4jRepositoriesAutoConfiguration:
      Did not match:
         - @ConditionalOnClass did not find required class 'org.neo4j.driver.Driver' (OnClassCondition)

   OAuth2AuthorizationServerAutoConfiguration:
      Did not match:
         - @ConditionalOnClass did not find required class 'org.springframework.security.oauth2.server.authorization.OAuth2Authorization' (OnClassCondition)

   OAuth2AuthorizationServerJwtAutoConfiguration:
      Did not match:
         - @ConditionalOnClass did not find required class 'com.nimbusds.jose.jwk.source.JWKSource' (OnClassCondition)

   OAuth2ClientAutoConfiguration:
      Did not match:
         - @ConditionalOnClass did not find required class 'org.springframework.security.oauth2.client.registration.ClientRegistration' (OnClassCondition)

   OAuth2ClientWebSecurityAutoConfiguration:
      Did not match:
         - @ConditionalOnClass did not find required class 'org.springframework.security.oauth2.client.web.OAuth2AuthorizedClientRepository' (OnClassCondition)

   OAuth2ResourceServerAutoConfiguration:
      Did not match:
         - @ConditionalOnClass did not find required class 'org.springframework.security.oauth2.server.resource.authentication.BearerTokenAuthenticationToken' (OnClassCondition)

   ProjectInfoAutoConfiguration#buildProperties:
      Did not match:
         - @ConditionalOnResource did not find resource '${spring.info.build.location:classpath:META-INF/build-info.properties}' (OnResourceCondition)

   ProjectInfoAutoConfiguration#gitProperties:
      Did not match:
         - GitResource did not find git info at classpath:git.properties (ProjectInfoAutoConfiguration.GitResourceAvailableCondition)

   PulsarAutoConfiguration:
      Did not match:
         - @ConditionalOnClass did not find required class 'org.apache.pulsar.client.api.PulsarClient' (OnClassCondition)

   PulsarReactiveAutoConfiguration:
      Did not match:
         - @ConditionalOnClass did not find required class 'org.apache.pulsar.client.api.PulsarClient' (OnClassCondition)

   QuartzAutoConfiguration:
      Did not match:
         - @ConditionalOnClass did not find required class 'org.quartz.Scheduler' (OnClassCondition)

   R2dbcAutoConfiguration:
      Did not match:
         - @ConditionalOnClass did not find required class 'io.r2dbc.spi.ConnectionFactory' (OnClassCondition)

   R2dbcDataAutoConfiguration:
      Did not match:
         - @ConditionalOnClass did not find required class 'org.springframework.data.r2dbc.core.R2dbcEntityTemplate' (OnClassCondition)

   R2dbcInitializationConfiguration:
      Did not match:
         - @ConditionalOnClass did not find required classes 'io.r2dbc.spi.ConnectionFactory', 'org.springframework.r2dbc.connection.init.DatabasePopulator' (OnClassCondition)

   R2dbcProxyAutoConfiguration:
      Did not match:
         - @ConditionalOnClass did not find required class 'io.r2dbc.proxy.ProxyConnectionFactory' (OnClassCondition)

   R2dbcRepositoriesAutoConfiguration:
      Did not match:
         - @ConditionalOnClass did not find required class 'io.r2dbc.spi.ConnectionFactory' (OnClassCondition)

   R2dbcTransactionManagerAutoConfiguration:
      Did not match:
         - @ConditionalOnClass did not find required class 'org.springframework.r2dbc.connection.R2dbcTransactionManager' (OnClassCondition)

   RSocketGraphQlClientAutoConfiguration:
      Did not match:
         - @ConditionalOnClass did not find required class 'graphql.GraphQL' (OnClassCondition)

   RSocketMessagingAutoConfiguration:
      Did not match:
         - @ConditionalOnClass did not find required class 'io.rsocket.RSocket' (OnClassCondition)

   RSocketRequesterAutoConfiguration:
      Did not match:
         - @ConditionalOnClass did not find required class 'io.rsocket.RSocket' (OnClassCondition)

   RSocketSecurityAutoConfiguration:
      Did not match:
         - @ConditionalOnClass did not find required class 'org.springframework.security.rsocket.core.SecuritySocketAcceptorInterceptor' (OnClassCondition)

   RSocketServerAutoConfiguration:
      Did not match:
         - @ConditionalOnClass did not find required class 'io.rsocket.core.RSocketServer' (OnClassCondition)

   RSocketStrategiesAutoConfiguration:
      Did not match:
         - @ConditionalOnClass did not find required class 'io.rsocket.RSocket' (OnClassCondition)

   RabbitAnnotationDrivenConfiguration#directRabbitListenerContainerFactory:
      Did not match:
         - @ConditionalOnProperty (spring.rabbitmq.listener.type=direct) did not find property 'spring.rabbitmq.listener.type' (OnPropertyCondition)

   RabbitAnnotationDrivenConfiguration#directRabbitListenerContainerFactoryConfigurerVirtualThreads:
      Did not match:
         - @ConditionalOnMissingBean (types: org.springframework.boot.autoconfigure.amqp.DirectRabbitListenerContainerFactoryConfigurer; SearchStrategy: all) found beans of type 'org.springframework.boot.autoconfigure.amqp.DirectRabbitListenerContainerFactoryConfigurer' directRabbitListenerContainerFactoryConfigurer (OnBeanCondition)

   RabbitAnnotationDrivenConfiguration#simpleRabbitListenerContainerFactoryConfigurerVirtualThreads:
      Did not match:
         - @ConditionalOnMissingBean (types: org.springframework.boot.autoconfigure.amqp.SimpleRabbitListenerContainerFactoryConfigurer; SearchStrategy: all) found beans of type 'org.springframework.boot.autoconfigure.amqp.SimpleRabbitListenerContainerFactoryConfigurer' simpleRabbitListenerContainerFactoryConfigurer (OnBeanCondition)

   RabbitStreamConfiguration:
      Did not match:
         - @ConditionalOnClass did not find required class 'org.springframework.rabbit.stream.config.StreamRabbitListenerContainerFactory' (OnClassCondition)

   ReactiveMultipartAutoConfiguration:
      Did not match:
         - @ConditionalOnClass did not find required class 'org.springframework.web.reactive.config.WebFluxConfigurer' (OnClassCondition)

   ReactiveOAuth2ClientAutoConfiguration:
      Did not match:
         - @ConditionalOnClass did not find required class 'org.springframework.security.oauth2.client.registration.ClientRegistration' (OnClassCondition)

   ReactiveOAuth2ClientWebSecurityAutoConfiguration:
      Did not match:
         - @ConditionalOnClass did not find required class 'org.springframework.security.oauth2.client.web.server.ServerOAuth2AuthorizedClientRepository' (OnClassCondition)

   ReactiveOAuth2ResourceServerAutoConfiguration:
      Did not match:
         - @ConditionalOnWebApplication did not find reactive web application classes (OnWebApplicationCondition)

   ReactiveSecurityAutoConfiguration:
      Did not match:
         - @ConditionalOnClass did not find required class 'org.springframework.web.reactive.config.WebFluxConfigurer' (OnClassCondition)

   ReactiveUserDetailsServiceAutoConfiguration:
      Did not match:
         - AnyNestedCondition 0 matched 2 did not; NestedCondition on ReactiveUserDetailsServiceAutoConfiguration.RSocketEnabledOrReactiveWebApplication.ReactiveWebApplicationCondition did not find reactive web application classes; NestedCondition on ReactiveUserDetailsServiceAutoConfiguration.RSocketEnabledOrReactiveWebApplication.RSocketSecurityEnabledCondition @ConditionalOnBean (types: org.springframework.messaging.rsocket.annotation.support.RSocketMessageHandler; SearchStrategy: all) did not find any beans of type org.springframework.messaging.rsocket.annotation.support.RSocketMessageHandler (ReactiveUserDetailsServiceAutoConfiguration.RSocketEnabledOrReactiveWebApplication)
      Matched:
         - @ConditionalOnClass found required class 'org.springframework.security.authentication.ReactiveAuthenticationManager' (OnClassCondition)
         - AnyNestedCondition 1 matched 2 did not; NestedCondition on ReactiveUserDetailsServiceAutoConfiguration.MissingAlternativeOrUserPropertiesConfigured.PasswordConfigured @ConditionalOnProperty (spring.security.user.password) did not find property 'spring.security.user.password'; NestedCondition on ReactiveUserDetailsServiceAutoConfiguration.MissingAlternativeOrUserPropertiesConfigured.NameConfigured @ConditionalOnProperty (spring.security.user.name) did not find property 'spring.security.user.name'; NestedCondition on ReactiveUserDetailsServiceAutoConfiguration.MissingAlternativeOrUserPropertiesConfigured.MissingAlternative @ConditionalOnMissingClass did not find unwanted classes 'org.springframework.security.oauth2.client.registration.ClientRegistrationRepository', 'org.springframework.security.oauth2.server.resource.introspection.ReactiveOpaqueTokenIntrospector' (ReactiveUserDetailsServiceAutoConfiguration.MissingAlternativeOrUserPropertiesConfigured)

   ReactiveWebServerFactoryAutoConfiguration:
      Did not match:
         - @ConditionalOnWebApplication did not find reactive web application classes (OnWebApplicationCondition)

   RepositoryRestMvcAutoConfiguration:
      Did not match:
         - @ConditionalOnClass did not find required class 'org.springframework.data.rest.webmvc.config.RepositoryRestMvcConfiguration' (OnClassCondition)

   Saml2RelyingPartyAutoConfiguration:
      Did not match:
         - @ConditionalOnClass did not find required class 'org.springframework.security.saml2.provider.service.registration.RelyingPartyRegistrationRepository' (OnClassCondition)

   SecurityDataConfiguration:
      Did not match:
         - @ConditionalOnClass did not find required class 'org.springframework.security.data.repository.query.SecurityEvaluationContextExtension' (OnClassCondition)

   SendGridAutoConfiguration:
      Did not match:
         - @ConditionalOnClass did not find required class 'com.sendgrid.SendGrid' (OnClassCondition)

   ServletWebServerFactoryAutoConfiguration.ForwardedHeaderFilterConfiguration:
      Did not match:
         - @ConditionalOnProperty (server.forward-headers-strategy=framework) did not find property 'server.forward-headers-strategy' (OnPropertyCondition)

   ServletWebServerFactoryConfiguration.EmbeddedJetty:
      Did not match:
         - @ConditionalOnClass did not find required classes 'org.eclipse.jetty.server.Server', 'org.eclipse.jetty.util.Loader', 'org.eclipse.jetty.ee10.webapp.WebAppContext' (OnClassCondition)

   ServletWebServerFactoryConfiguration.EmbeddedUndertow:
      Did not match:
         - @ConditionalOnClass did not find required classes 'io.undertow.Undertow', 'org.xnio.SslClientAuthMode' (OnClassCondition)

   SessionAutoConfiguration:
      Did not match:
         - @ConditionalOnClass did not find required class 'org.springframework.session.Session' (OnClassCondition)

   SpringApplicationAdminJmxAutoConfiguration:
      Did not match:
         - @ConditionalOnBooleanProperty (spring.application.admin.enabled=true) did not find property 'spring.application.admin.enabled' (OnPropertyCondition)

   SpringBootWebSecurityConfiguration.SecurityFilterChainConfiguration:
      Did not match:
         - AllNestedConditions 1 matched 1 did not; NestedCondition on DefaultWebSecurityCondition.Beans @ConditionalOnMissingBean (types: org.springframework.security.web.SecurityFilterChain; SearchStrategy: all) found beans of type 'org.springframework.security.web.SecurityFilterChain' filterChain; NestedCondition on DefaultWebSecurityCondition.Classes @ConditionalOnClass found required classes 'org.springframework.security.web.SecurityFilterChain', 'org.springframework.security.config.annotation.web.builders.HttpSecurity' (DefaultWebSecurityCondition)

   SpringBootWebSecurityConfiguration.WebSecurityEnablerConfiguration:
      Did not match:
         - @ConditionalOnMissingBean (names: springSecurityFilterChain; SearchStrategy: all) found beans named springSecurityFilterChain (OnBeanCondition)
      Matched:
         - @ConditionalOnClass found required class 'org.springframework.security.config.annotation.web.configuration.EnableWebSecurity' (OnClassCondition)

   SpringDocConfiguration#propertiesResolverForSchema:
      Did not match:
         - @ConditionalOnProperty (springdoc.api-docs.resolve-schema-properties) did not find property 'springdoc.api-docs.resolve-schema-properties' (OnPropertyCondition)

   SpringDocConfiguration#propertyCustomizingConverter:
      Did not match:
         - @ConditionalOnBean (types: org.springdoc.core.customizers.PropertyCustomizer; SearchStrategy: all) did not find any beans of type org.springdoc.core.customizers.PropertyCustomizer (OnBeanCondition)

   SpringDocConfiguration#springdocBeanFactoryPostProcessor:
      Did not match:
         - AnyNestedCondition 0 matched 2 did not; NestedCondition on CacheOrGroupedOpenApiCondition.OnCacheDisabled found non-matching nested conditions @ConditionalOnProperty (springdoc.cache.disabled) did not find property 'springdoc.cache.disabled'; NestedCondition on CacheOrGroupedOpenApiCondition.OnMultipleOpenApiSupportCondition AnyNestedCondition 0 matched 2 did not; NestedCondition on MultipleOpenApiSupportCondition.OnActuatorDifferentPort @ConditionalOnProperty (springdoc.show-actuator) did not find property 'springdoc.show-actuator'; NestedCondition on MultipleOpenApiSupportCondition.OnMultipleOpenApiSupportCondition AnyNestedCondition 0 matched 3 did not; NestedCondition on MultipleOpenApiGroupsCondition.OnListGroupedOpenApiBean @ConditionalOnBean (types: org.springdoc.core.models.GroupedOpenApi; SearchStrategy: all) did not find any beans of type org.springdoc.core.models.GroupedOpenApi; NestedCondition on MultipleOpenApiGroupsCondition.OnGroupConfigProperty @ConditionalOnProperty (springdoc.group-configs[0].group) did not find property 'springdoc.group-configs[0].group'; NestedCondition on MultipleOpenApiGroupsCondition.OnGroupedOpenApiBean @ConditionalOnBean (types: org.springdoc.core.models.GroupedOpenApi; SearchStrategy: all) did not find any beans of type org.springdoc.core.models.GroupedOpenApi (CacheOrGroupedOpenApiCondition)
      Matched:
         - @ConditionalOnClass found required class 'org.springframework.boot.context.properties.bind.BindResult' (OnClassCondition)

   SpringDocConfiguration#springdocBeanFactoryPostProcessor2:
      Did not match:
         - @ConditionalOnMissingClass found unwanted class 'org.springframework.boot.context.properties.bind.BindResult' (OnClassCondition)

   SpringDocConfiguration.SpringDocActuatorConfiguration:
      Did not match:
         - @ConditionalOnClass did not find required class 'org.springframework.boot.actuate.autoconfigure.endpoint.web.WebEndpointProperties' (OnClassCondition)

   SpringDocConfiguration.SpringDocRepositoryRestConfiguration:
      Did not match:
         - @ConditionalOnClass did not find required class 'org.springframework.data.rest.core.config.RepositoryRestConfiguration' (OnClassCondition)

   SpringDocDataRestConfiguration:
      Did not match:
         - @ConditionalOnClass did not find required class 'org.springframework.data.rest.core.config.RepositoryRestConfiguration' (OnClassCondition)

   SpringDocFunctionCatalogConfiguration:
      Did not match:
         - @ConditionalOnClass did not find required class 'org.springframework.cloud.function.web.function.FunctionEndpointInitializer' (OnClassCondition)

   SpringDocGroovyConfiguration:
      Did not match:
         - @ConditionalOnClass did not find required class 'groovy.lang.MetaClass' (OnClassCondition)

   SpringDocHateoasConfiguration:
      Did not match:
         - @ConditionalOnClass did not find required class 'org.springframework.hateoas.server.LinkRelationProvider' (OnClassCondition)

   SpringDocJacksonKotlinModuleConfiguration:
      Did not match:
         - @ConditionalOnClass did not find required class 'com.fasterxml.jackson.module.kotlin.KotlinModule' (OnClassCondition)

   SpringDocJavadocConfiguration:
      Did not match:
         - @ConditionalOnClass did not find required class 'com.github.therapi.runtimejavadoc.CommentFormatter' (OnClassCondition)

   SpringDocKotlinConfiguration:
      Did not match:
         - @ConditionalOnClass did not find required class 'kotlin.coroutines.Continuation' (OnClassCondition)

   SpringDocKotlinxConfiguration:
      Did not match:
         - @ConditionalOnClass did not find required class 'kotlinx.coroutines.flow.Flow' (OnClassCondition)

   SpringDocSecurityConfiguration.SpringDocSecurityOAuth2ClientConfiguration:
      Did not match:
         - @ConditionalOnClass did not find required class 'org.springframework.security.oauth2.client.annotation.RegisteredOAuth2AuthorizedClient' (OnClassCondition)

   SpringDocSecurityConfiguration.SpringDocSecurityOAuth2Configuration:
      Did not match:
         - @ConditionalOnClass did not find required class 'org.springframework.security.oauth2.server.authorization.OAuth2AuthorizationService' (OnClassCondition)

   SpringDocSecurityConfiguration.SpringSecurityLoginEndpointConfiguration#springSecurityLoginEndpointCustomiser:
      Did not match:
         - @ConditionalOnProperty (springdoc.show-login-endpoint) did not find property 'springdoc.show-login-endpoint' (OnPropertyCondition)

   SpringDocSortConfiguration#delegatingMethodParameterCustomizer:
      Did not match:
         - @ConditionalOnMissingBean (types: org.springdoc.core.customizers.DelegatingMethodParameterCustomizer; SearchStrategy: all) found beans of type 'org.springdoc.core.customizers.DelegatingMethodParameterCustomizer' delegatingMethodParameterCustomizer (OnBeanCondition)

   SpringDocWebMvcConfiguration.SpringDocWebMvcActuatorConfiguration:
      Did not match:
         - @ConditionalOnClass did not find required class 'org.springframework.boot.actuate.endpoint.web.servlet.WebMvcEndpointHandlerMapping' (OnClassCondition)

   SwaggerConfig#springWebProvider:
      Did not match:
         - @ConditionalOnMissingBean (types: org.springdoc.core.providers.SpringWebProvider; SearchStrategy: all) found beans of type 'org.springdoc.core.providers.SpringWebProvider' springWebProvider (OnBeanCondition)

   SwaggerConfig#swaggerUiConfigParameters:
      Did not match:
         - @ConditionalOnMissingBean (types: org.springdoc.core.properties.SwaggerUiConfigParameters; SearchStrategy: all) found beans of type 'org.springdoc.core.properties.SwaggerUiConfigParameters' org.springdoc.core.properties.SwaggerUiConfigParameters (OnBeanCondition)

   SwaggerConfig#swaggerUiHome:
      Did not match:
         - @ConditionalOnProperty (springdoc.swagger-ui.use-root-path=true) did not find property 'springdoc.swagger-ui.use-root-path' (OnPropertyCondition)

   SwaggerConfig.SwaggerActuatorWelcomeConfiguration:
      Did not match:
         - @ConditionalOnClass did not find required class 'org.springframework.boot.actuate.endpoint.web.servlet.WebMvcEndpointHandlerMapping' (OnClassCondition)

   TaskExecutorConfigurations.SimpleAsyncTaskExecutorBuilderConfiguration#simpleAsyncTaskExecutorBuilderVirtualThreads:
      Did not match:
         - @ConditionalOnMissingBean (types: org.springframework.boot.task.SimpleAsyncTaskExecutorBuilder; SearchStrategy: all) found beans of type 'org.springframework.boot.task.SimpleAsyncTaskExecutorBuilder' simpleAsyncTaskExecutorBuilder (OnBeanCondition)

   TaskExecutorConfigurations.TaskExecutorConfiguration#applicationTaskExecutorVirtualThreads:
      Did not match:
         - @ConditionalOnThreading did not find VIRTUAL (OnThreadingCondition)

   TaskSchedulingAutoConfiguration#scheduledBeanLazyInitializationExcludeFilter:
      Did not match:
         - @ConditionalOnBean (names: org.springframework.context.annotation.internalScheduledAnnotationProcessor; SearchStrategy: all) did not find any beans named org.springframework.context.annotation.internalScheduledAnnotationProcessor (OnBeanCondition)

   TaskSchedulingConfigurations.SimpleAsyncTaskSchedulerBuilderConfiguration#simpleAsyncTaskSchedulerBuilderVirtualThreads:
      Did not match:
         - @ConditionalOnMissingBean (types: org.springframework.boot.task.SimpleAsyncTaskSchedulerBuilder; SearchStrategy: all) found beans of type 'org.springframework.boot.task.SimpleAsyncTaskSchedulerBuilder' simpleAsyncTaskSchedulerBuilder (OnBeanCondition)

   TaskSchedulingConfigurations.TaskSchedulerConfiguration:
      Did not match:
         - @ConditionalOnBean (names: org.springframework.context.annotation.internalScheduledAnnotationProcessor; SearchStrategy: all) did not find any beans named org.springframework.context.annotation.internalScheduledAnnotationProcessor (OnBeanCondition)

   ThymeleafAutoConfiguration:
      Did not match:
         - @ConditionalOnClass did not find required class 'org.thymeleaf.spring6.SpringTemplateEngine' (OnClassCondition)

   TransactionAutoConfiguration#transactionalOperator:
      Did not match:
         - @ConditionalOnSingleCandidate (types: org.springframework.transaction.ReactiveTransactionManager; SearchStrategy: all) did not find any beans (OnBeanCondition)

   TransactionAutoConfiguration.AspectJTransactionManagementConfiguration:
      Did not match:
         - @ConditionalOnBean did not find required type 'org.springframework.transaction.aspectj.AbstractTransactionAspect' (OnBeanCondition)
         - @ConditionalOnBean (types: ?; SearchStrategy: all) did not find any beans of type ? (OnBeanCondition)

   TransactionAutoConfiguration.EnableTransactionManagementConfiguration.JdkDynamicAutoProxyConfiguration:
      Did not match:
         - @ConditionalOnBooleanProperty (spring.aop.proxy-target-class=false) did not find property 'spring.aop.proxy-target-class' (OnPropertyCondition)

   UserDetailsServiceAutoConfiguration:
      Did not match:
         - @ConditionalOnMissingBean (types: org.springframework.security.authentication.AuthenticationManager,org.springframework.security.authentication.AuthenticationProvider,org.springframework.security.core.userdetails.UserDetailsService,org.springframework.security.authentication.AuthenticationManagerResolver,?; SearchStrategy: all) found beans of type 'org.springframework.security.authentication.AuthenticationManager' authenticationManager and found beans of type 'org.springframework.security.core.userdetails.UserDetailsService' userDetailsServiceImpl (OnBeanCondition)
      Matched:
         - @ConditionalOnClass found required class 'org.springframework.security.authentication.AuthenticationManager' (OnClassCondition)
         - found 'session' scope (OnWebApplicationCondition)
         - AnyNestedCondition 1 matched 2 did not; NestedCondition on UserDetailsServiceAutoConfiguration.MissingAlternativeOrUserPropertiesConfigured.PasswordConfigured @ConditionalOnProperty (spring.security.user.password) did not find property 'spring.security.user.password'; NestedCondition on UserDetailsServiceAutoConfiguration.MissingAlternativeOrUserPropertiesConfigured.NameConfigured @ConditionalOnProperty (spring.security.user.name) did not find property 'spring.security.user.name'; NestedCondition on UserDetailsServiceAutoConfiguration.MissingAlternativeOrUserPropertiesConfigured.MissingAlternative @ConditionalOnMissingClass did not find unwanted classes 'org.springframework.security.oauth2.client.registration.ClientRegistrationRepository', 'org.springframework.security.oauth2.server.resource.introspection.OpaqueTokenIntrospector', 'org.springframework.security.saml2.provider.service.registration.RelyingPartyRegistrationRepository' (UserDetailsServiceAutoConfiguration.MissingAlternativeOrUserPropertiesConfigured)

   WebClientAutoConfiguration:
      Did not match:
         - @ConditionalOnClass did not find required class 'org.springframework.web.reactive.function.client.WebClient' (OnClassCondition)

   WebFluxAutoConfiguration:
      Did not match:
         - @ConditionalOnClass did not find required class 'org.springframework.web.reactive.config.WebFluxConfigurer' (OnClassCondition)

   WebMvcAutoConfiguration#hiddenHttpMethodFilter:
      Did not match:
         - @ConditionalOnBooleanProperty (spring.mvc.hiddenmethod.filter.enabled=true) did not find property 'spring.mvc.hiddenmethod.filter.enabled' (OnPropertyCondition)

   WebMvcAutoConfiguration.ProblemDetailsErrorHandlingConfiguration:
      Did not match:
         - @ConditionalOnBooleanProperty (spring.mvc.problemdetails.enabled=true) did not find property 'spring.mvc.problemdetails.enabled' (OnPropertyCondition)

   WebMvcAutoConfiguration.ResourceChainCustomizerConfiguration:
      Did not match:
         - @ConditionalOnEnabledResourceChain did not find class org.webjars.WebJarVersionLocator (OnEnabledResourceChainCondition)

   WebMvcAutoConfiguration.WebMvcAutoConfigurationAdapter#beanNameViewResolver:
      Did not match:
         - @ConditionalOnMissingBean (types: org.springframework.web.servlet.view.BeanNameViewResolver; SearchStrategy: all) found beans of type 'org.springframework.web.servlet.view.BeanNameViewResolver' beanNameViewResolver (OnBeanCondition)

   WebServiceTemplateAutoConfiguration:
      Did not match:
         - @ConditionalOnClass did not find required class 'org.springframework.ws.client.core.WebServiceTemplate' (OnClassCondition)

   WebServicesAutoConfiguration:
      Did not match:
         - @ConditionalOnClass did not find required class 'org.springframework.ws.transport.http.MessageDispatcherServlet' (OnClassCondition)

   WebSessionIdResolverAutoConfiguration:
      Did not match:
         - @ConditionalOnWebApplication did not find reactive web application classes (OnWebApplicationCondition)

   WebSocketMessagingAutoConfiguration:
      Did not match:
         - @ConditionalOnClass did not find required class 'org.springframework.web.socket.config.annotation.WebSocketMessageBrokerConfigurer' (OnClassCondition)

   WebSocketReactiveAutoConfiguration:
      Did not match:
         - @ConditionalOnWebApplication did not find reactive web application classes (OnWebApplicationCondition)

   WebSocketServletAutoConfiguration.JettyWebSocketConfiguration:
      Did not match:
         - @ConditionalOnClass did not find required class 'org.eclipse.jetty.ee10.websocket.jakarta.server.config.JakartaWebSocketServletContainerInitializer' (OnClassCondition)

   WebSocketServletAutoConfiguration.UndertowWebSocketConfiguration:
      Did not match:
         - @ConditionalOnClass did not find required class 'io.undertow.websockets.jsr.Bootstrap' (OnClassCondition)

   XADataSourceAutoConfiguration:
      Did not match:
         - @ConditionalOnClass did not find required class 'jakarta.transaction.TransactionManager' (OnClassCondition)


Exclusions:
-----------

    None


Unconditional classes:
----------------------

    org.springframework.boot.autoconfigure.context.ConfigurationPropertiesAutoConfiguration

    org.springframework.boot.autoconfigure.ssl.SslAutoConfiguration

    org.springframework.boot.autoconfigure.context.PropertyPlaceholderAutoConfiguration

    org.springframework.boot.autoconfigure.context.LifecycleAutoConfiguration

    org.springdoc.core.configuration.SpringDocSpecPropertiesConfiguration

    cn.hutool.extra.spring.SpringUtil

    org.springframework.boot.autoconfigure.availability.ApplicationAvailabilityAutoConfiguration

    org.springframework.boot.autoconfigure.info.ProjectInfoAutoConfiguration



2026-05-25T00:11:57.931+08:00 DEBUG 10520 --- [store] [main] o.s.b.d.LoggingFailureAnalysisReporter   : Application failed to start due to an exception

org.springframework.boot.web.server.PortInUseException: Port 8091 is already in use
	at org.springframework.boot.web.server.PortInUseException.lambda$throwIfPortBindingException$0(PortInUseException.java:71) ~[spring-boot-3.5.6.jar:3.5.6]
	at org.springframework.boot.web.server.PortInUseException.lambda$ifPortBindingException$1(PortInUseException.java:86) ~[spring-boot-3.5.6.jar:3.5.6]
	at org.springframework.boot.web.server.PortInUseException.ifCausedBy(PortInUseException.java:104) ~[spring-boot-3.5.6.jar:3.5.6]
	at org.springframework.boot.web.server.PortInUseException.ifPortBindingException(PortInUseException.java:83) ~[spring-boot-3.5.6.jar:3.5.6]
	at org.springframework.boot.web.server.PortInUseException.throwIfPortBindingException(PortInUseException.java:70) ~[spring-boot-3.5.6.jar:3.5.6]
	at org.springframework.boot.web.embedded.tomcat.TomcatWebServer.start(TomcatWebServer.java:250) ~[spring-boot-3.5.6.jar:3.5.6]
	at org.springframework.boot.web.servlet.context.WebServerStartStopLifecycle.start(WebServerStartStopLifecycle.java:44) ~[spring-boot-3.5.6.jar:3.5.6]
	at org.springframework.context.support.DefaultLifecycleProcessor.doStart(DefaultLifecycleProcessor.java:405) ~[spring-context-6.2.11.jar:6.2.11]
	at org.springframework.context.support.DefaultLifecycleProcessor.doStart(DefaultLifecycleProcessor.java:394) ~[spring-context-6.2.11.jar:6.2.11]
	at org.springframework.context.support.DefaultLifecycleProcessor$LifecycleGroup.start(DefaultLifecycleProcessor.java:586) ~[spring-context-6.2.11.jar:6.2.11]
	at java.base/java.lang.Iterable.forEach(Iterable.java:75) ~[na:na]
	at org.springframework.context.support.DefaultLifecycleProcessor.startBeans(DefaultLifecycleProcessor.java:364) ~[spring-context-6.2.11.jar:6.2.11]
	at org.springframework.context.support.DefaultLifecycleProcessor.onRefresh(DefaultLifecycleProcessor.java:310) ~[spring-context-6.2.11.jar:6.2.11]
	at org.springframework.context.support.AbstractApplicationContext.finishRefresh(AbstractApplicationContext.java:1006) ~[spring-context-6.2.11.jar:6.2.11]
	at org.springframework.context.support.AbstractApplicationContext.refresh(AbstractApplicationContext.java:630) ~[spring-context-6.2.11.jar:6.2.11]
	at org.springframework.boot.web.servlet.context.ServletWebServerApplicationContext.refresh(ServletWebServerApplicationContext.java:146) ~[spring-boot-3.5.6.jar:3.5.6]
	at org.springframework.boot.SpringApplication.refresh(SpringApplication.java:752) ~[spring-boot-3.5.6.jar:3.5.6]
	at org.springframework.boot.SpringApplication.refreshContext(SpringApplication.java:439) ~[spring-boot-3.5.6.jar:3.5.6]
	at org.springframework.boot.SpringApplication.run(SpringApplication.java:318) ~[spring-boot-3.5.6.jar:3.5.6]
	at org.springframework.boot.SpringApplication.run(SpringApplication.java:1361) ~[spring-boot-3.5.6.jar:3.5.6]
	at org.springframework.boot.SpringApplication.run(SpringApplication.java:1350) ~[spring-boot-3.5.6.jar:3.5.6]
	at com.example.store.StoreApplication.main(StoreApplication.java:10) ~[classes/:na]
Caused by: java.lang.IllegalArgumentException: standardService.connector.startFailed
	at org.apache.catalina.core.StandardService.addConnector(StandardService.java:222) ~[tomcat-embed-core-10.1.46.jar:10.1.46]
	at org.springframework.boot.web.embedded.tomcat.TomcatWebServer.addPreviouslyRemovedConnectors(TomcatWebServer.java:310) ~[spring-boot-3.5.6.jar:3.5.6]
	at org.springframework.boot.web.embedded.tomcat.TomcatWebServer.start(TomcatWebServer.java:236) ~[spring-boot-3.5.6.jar:3.5.6]
	... 16 common frames omitted
Caused by: org.apache.catalina.LifecycleException: Protocol handler start failed
	at org.apache.catalina.connector.Connector.startInternal(Connector.java:1106) ~[tomcat-embed-core-10.1.46.jar:10.1.46]
	at org.apache.catalina.util.LifecycleBase.start(LifecycleBase.java:164) ~[tomcat-embed-core-10.1.46.jar:10.1.46]
	at org.apache.catalina.core.StandardService.addConnector(StandardService.java:219) ~[tomcat-embed-core-10.1.46.jar:10.1.46]
	... 18 common frames omitted
Caused by: java.net.BindException: Address already in use: bind
	at java.base/sun.nio.ch.Net.bind0(Native Method) ~[na:na]
	at java.base/sun.nio.ch.Net.bind(Net.java:565) ~[na:na]
	at java.base/sun.nio.ch.ServerSocketChannelImpl.netBind(ServerSocketChannelImpl.java:344) ~[na:na]
	at java.base/sun.nio.ch.ServerSocketChannelImpl.bind(ServerSocketChannelImpl.java:301) ~[na:na]
	at org.apache.tomcat.util.net.NioEndpoint.initServerSocket(NioEndpoint.java:266) ~[tomcat-embed-core-10.1.46.jar:10.1.46]
	at org.apache.tomcat.util.net.NioEndpoint.bind(NioEndpoint.java:221) ~[tomcat-embed-core-10.1.46.jar:10.1.46]
	at org.apache.tomcat.util.net.AbstractEndpoint.bindWithCleanup(AbstractEndpoint.java:1401) ~[tomcat-embed-core-10.1.46.jar:10.1.46]
	at org.apache.tomcat.util.net.AbstractEndpoint.start(AbstractEndpoint.java:1484) ~[tomcat-embed-core-10.1.46.jar:10.1.46]
	at org.apache.coyote.AbstractProtocol.start(AbstractProtocol.java:644) ~[tomcat-embed-core-10.1.46.jar:10.1.46]
	at org.apache.catalina.connector.Connector.startInternal(Connector.java:1103) ~[tomcat-embed-core-10.1.46.jar:10.1.46]
	... 20 common frames omitted

2026-05-25T00:11:57.932+08:00 ERROR 10520 --- [store] [main] o.s.b.d.LoggingFailureAnalysisReporter   : 

***************************
APPLICATION FAILED TO START
***************************

Description:

Web server failed to start. Port 8091 was already in use.

Action:

Identify and stop the process that's listening on port 8091 or configure this application to listen on another port.

2026-05-25T00:12:52.816+08:00  INFO 25988 --- [store] [main] com.example.store.StoreApplication       : Starting StoreApplication using Java 23.0.2 with PID 25988 (D:\1A\store-system\store_springboot\target\classes started by chenchuang in D:\1A\store-system\store_springboot)
2026-05-25T00:12:52.820+08:00  INFO 25988 --- [store] [main] com.example.store.StoreApplication       : No active profile set, falling back to 1 default profile: "default"
2026-05-25T00:12:53.853+08:00  INFO 25988 --- [store] [main] .s.d.r.c.RepositoryConfigurationDelegate : Multiple Spring Data modules found, entering strict repository configuration mode
2026-05-25T00:12:53.858+08:00  INFO 25988 --- [store] [main] .s.d.r.c.RepositoryConfigurationDelegate : Bootstrapping Spring Data Elasticsearch repositories in DEFAULT mode.
2026-05-25T00:12:54.016+08:00  INFO 25988 --- [store] [main] .s.d.r.c.RepositoryConfigurationDelegate : Finished Spring Data repository scanning in 152 ms. Found 1 Elasticsearch repository interface.
2026-05-25T00:12:54.024+08:00  INFO 25988 --- [store] [main] .s.d.r.c.RepositoryConfigurationDelegate : Multiple Spring Data modules found, entering strict repository configuration mode
2026-05-25T00:12:54.024+08:00  INFO 25988 --- [store] [main] .s.d.r.c.RepositoryConfigurationDelegate : Bootstrapping Spring Data Reactive Elasticsearch repositories in DEFAULT mode.
2026-05-25T00:12:54.036+08:00  INFO 25988 --- [store] [main] .s.d.r.c.RepositoryConfigurationDelegate : Finished Spring Data repository scanning in 12 ms. Found 0 Reactive Elasticsearch repository interfaces.
2026-05-25T00:12:54.047+08:00  INFO 25988 --- [store] [main] .s.d.r.c.RepositoryConfigurationDelegate : Multiple Spring Data modules found, entering strict repository configuration mode
2026-05-25T00:12:54.050+08:00  INFO 25988 --- [store] [main] .s.d.r.c.RepositoryConfigurationDelegate : Bootstrapping Spring Data Redis repositories in DEFAULT mode.
2026-05-25T00:12:54.070+08:00  INFO 25988 --- [store] [main] .RepositoryConfigurationExtensionSupport : Spring Data Redis - Could not safely identify store assignment for repository candidate interface com.example.store.repository.GoodsDocRepository; If you want this repository to be a Redis repository, consider annotating your entities with one of these annotations: org.springframework.data.redis.core.RedisHash (preferred), or consider extending one of the following types with your repository: org.springframework.data.keyvalue.repository.KeyValueRepository
2026-05-25T00:12:54.070+08:00  INFO 25988 --- [store] [main] .s.d.r.c.RepositoryConfigurationDelegate : Finished Spring Data repository scanning in 12 ms. Found 0 Redis repository interfaces.
2026-05-25T00:12:54.968+08:00  INFO 25988 --- [store] [main] o.s.b.w.embedded.tomcat.TomcatWebServer  : Tomcat initialized with port 8088 (http)
2026-05-25T00:12:54.990+08:00  INFO 25988 --- [store] [main] o.apache.catalina.core.StandardService   : Starting service [Tomcat]
2026-05-25T00:12:54.991+08:00  INFO 25988 --- [store] [main] o.apache.catalina.core.StandardEngine    : Starting Servlet engine: [Apache Tomcat/10.1.46]
2026-05-25T00:12:55.118+08:00  INFO 25988 --- [store] [main] o.a.c.c.C.[Tomcat].[localhost].[/store]  : Initializing Spring embedded WebApplicationContext
2026-05-25T00:12:55.123+08:00  INFO 25988 --- [store] [main] w.s.c.ServletWebServerApplicationContext : Root WebApplicationContext: initialization completed in 2234 ms
2026-05-25T00:12:57.858+08:00  INFO 25988 --- [store] [main] r$InitializeUserDetailsManagerConfigurer : Global AuthenticationManager configured with UserDetailsService bean with name userDetailsServiceImpl
2026-05-25T00:12:58.763+08:00  WARN 25988 --- [store] [main] ConfigServletWebServerApplicationContext : Exception encountered during context initialization - cancelling refresh attempt: org.springframework.context.ApplicationContextException: Failed to start bean 'webServerStartStop'
2026-05-25T00:12:58.792+08:00  INFO 25988 --- [store] [main] .s.b.a.l.ConditionEvaluationReportLogger : 

Error starting ApplicationContext. To display the condition evaluation report re-run your application with 'debug' enabled.
2026-05-25T00:12:58.810+08:00 ERROR 25988 --- [store] [main] o.s.b.d.LoggingFailureAnalysisReporter   : 

***************************
APPLICATION FAILED TO START
***************************

Description:

Web server failed to start. Port 8088 was already in use.

Action:

Identify and stop the process that's listening on port 8088 or configure this application to listen on another port.

2026-05-25T00:16:34.701+08:00  INFO 22632 --- [store] [main] com.example.store.StoreApplication       : Starting StoreApplication using Java 23.0.2 with PID 22632 (D:\1A\store-system\store_springboot\target\classes started by chenchuang in D:\1A\store-system\store_springboot)
2026-05-25T00:16:34.705+08:00  INFO 22632 --- [store] [main] com.example.store.StoreApplication       : No active profile set, falling back to 1 default profile: "default"
2026-05-25T00:16:35.831+08:00  INFO 22632 --- [store] [main] .s.d.r.c.RepositoryConfigurationDelegate : Multiple Spring Data modules found, entering strict repository configuration mode
2026-05-25T00:16:35.834+08:00  INFO 22632 --- [store] [main] .s.d.r.c.RepositoryConfigurationDelegate : Bootstrapping Spring Data Elasticsearch repositories in DEFAULT mode.
2026-05-25T00:16:36.007+08:00  INFO 22632 --- [store] [main] .s.d.r.c.RepositoryConfigurationDelegate : Finished Spring Data repository scanning in 169 ms. Found 1 Elasticsearch repository interface.
2026-05-25T00:16:36.015+08:00  INFO 22632 --- [store] [main] .s.d.r.c.RepositoryConfigurationDelegate : Multiple Spring Data modules found, entering strict repository configuration mode
2026-05-25T00:16:36.017+08:00  INFO 22632 --- [store] [main] .s.d.r.c.RepositoryConfigurationDelegate : Bootstrapping Spring Data Reactive Elasticsearch repositories in DEFAULT mode.
2026-05-25T00:16:36.033+08:00  INFO 22632 --- [store] [main] .s.d.r.c.RepositoryConfigurationDelegate : Finished Spring Data repository scanning in 14 ms. Found 0 Reactive Elasticsearch repository interfaces.
2026-05-25T00:16:36.045+08:00  INFO 22632 --- [store] [main] .s.d.r.c.RepositoryConfigurationDelegate : Multiple Spring Data modules found, entering strict repository configuration mode
2026-05-25T00:16:36.047+08:00  INFO 22632 --- [store] [main] .s.d.r.c.RepositoryConfigurationDelegate : Bootstrapping Spring Data Redis repositories in DEFAULT mode.
2026-05-25T00:16:36.065+08:00  INFO 22632 --- [store] [main] .RepositoryConfigurationExtensionSupport : Spring Data Redis - Could not safely identify store assignment for repository candidate interface com.example.store.repository.GoodsDocRepository; If you want this repository to be a Redis repository, consider annotating your entities with one of these annotations: org.springframework.data.redis.core.RedisHash (preferred), or consider extending one of the following types with your repository: org.springframework.data.keyvalue.repository.KeyValueRepository
2026-05-25T00:16:36.066+08:00  INFO 22632 --- [store] [main] .s.d.r.c.RepositoryConfigurationDelegate : Finished Spring Data repository scanning in 13 ms. Found 0 Redis repository interfaces.
2026-05-25T00:16:36.916+08:00  INFO 22632 --- [store] [main] o.s.b.w.embedded.tomcat.TomcatWebServer  : Tomcat initialized with port 8088 (http)
2026-05-25T00:16:36.933+08:00  INFO 22632 --- [store] [main] o.apache.catalina.core.StandardService   : Starting service [Tomcat]
2026-05-25T00:16:36.934+08:00  INFO 22632 --- [store] [main] o.apache.catalina.core.StandardEngine    : Starting Servlet engine: [Apache Tomcat/10.1.40]
2026-05-25T00:16:37.108+08:00  INFO 22632 --- [store] [main] o.a.c.c.C.[Tomcat].[localhost].[/store]  : Initializing Spring embedded WebApplicationContext
2026-05-25T00:16:37.109+08:00  INFO 22632 --- [store] [main] w.s.c.ServletWebServerApplicationContext : Root WebApplicationContext: initialization completed in 2344 ms
2026-05-25T00:16:39.271+08:00  INFO 22632 --- [store] [main] r$InitializeUserDetailsManagerConfigurer : Global AuthenticationManager configured with UserDetailsService bean with name userDetailsServiceImpl
2026-05-25T00:16:40.503+08:00  WARN 22632 --- [store] [main] ConfigServletWebServerApplicationContext : Exception encountered during context initialization - cancelling refresh attempt: org.springframework.context.ApplicationContextException: Failed to start bean 'webServerStartStop'
2026-05-25T00:16:40.531+08:00  INFO 22632 --- [store] [main] .s.b.a.l.ConditionEvaluationReportLogger : 

Error starting ApplicationContext. To display the condition evaluation report re-run your application with 'debug' enabled.
2026-05-25T00:16:40.544+08:00 ERROR 22632 --- [store] [main] o.s.b.d.LoggingFailureAnalysisReporter   : 

***************************
APPLICATION FAILED TO START
***************************

Description:

Web server failed to start. Port 8088 was already in use.

Action:

Identify and stop the process that's listening on port 8088 or configure this application to listen on another port.

2026-05-25T00:19:16.148+08:00  INFO 25964 --- [store] [main] com.example.store.StoreApplication       : Starting StoreApplication using Java 23.0.2 with PID 25964 (D:\1A\store-system\store_springboot\target\classes started by chenchuang in D:\1A\store-system\store_springboot)
2026-05-25T00:19:16.148+08:00  INFO 25964 --- [store] [main] com.example.store.StoreApplication       : No active profile set, falling back to 1 default profile: "default"
2026-05-25T00:19:17.307+08:00  INFO 25964 --- [store] [main] .s.d.r.c.RepositoryConfigurationDelegate : Multiple Spring Data modules found, entering strict repository configuration mode
2026-05-25T00:19:17.312+08:00  INFO 25964 --- [store] [main] .s.d.r.c.RepositoryConfigurationDelegate : Bootstrapping Spring Data Elasticsearch repositories in DEFAULT mode.
2026-05-25T00:19:17.488+08:00  INFO 25964 --- [store] [main] .s.d.r.c.RepositoryConfigurationDelegate : Finished Spring Data repository scanning in 175 ms. Found 1 Elasticsearch repository interface.
2026-05-25T00:19:17.497+08:00  INFO 25964 --- [store] [main] .s.d.r.c.RepositoryConfigurationDelegate : Multiple Spring Data modules found, entering strict repository configuration mode
2026-05-25T00:19:17.499+08:00  INFO 25964 --- [store] [main] .s.d.r.c.RepositoryConfigurationDelegate : Bootstrapping Spring Data Reactive Elasticsearch repositories in DEFAULT mode.
2026-05-25T00:19:17.512+08:00  INFO 25964 --- [store] [main] .s.d.r.c.RepositoryConfigurationDelegate : Finished Spring Data repository scanning in 16 ms. Found 0 Reactive Elasticsearch repository interfaces.
2026-05-25T00:19:17.528+08:00  INFO 25964 --- [store] [main] .s.d.r.c.RepositoryConfigurationDelegate : Multiple Spring Data modules found, entering strict repository configuration mode
2026-05-25T00:19:17.530+08:00  INFO 25964 --- [store] [main] .s.d.r.c.RepositoryConfigurationDelegate : Bootstrapping Spring Data Redis repositories in DEFAULT mode.
2026-05-25T00:19:17.552+08:00  INFO 25964 --- [store] [main] .RepositoryConfigurationExtensionSupport : Spring Data Redis - Could not safely identify store assignment for repository candidate interface com.example.store.repository.GoodsDocRepository; If you want this repository to be a Redis repository, consider annotating your entities with one of these annotations: org.springframework.data.redis.core.RedisHash (preferred), or consider extending one of the following types with your repository: org.springframework.data.keyvalue.repository.KeyValueRepository
2026-05-25T00:19:17.552+08:00  INFO 25964 --- [store] [main] .s.d.r.c.RepositoryConfigurationDelegate : Finished Spring Data repository scanning in 17 ms. Found 0 Redis repository interfaces.
2026-05-25T00:19:18.502+08:00  INFO 25964 --- [store] [main] o.s.b.w.embedded.tomcat.TomcatWebServer  : Tomcat initialized with port 8088 (http)
2026-05-25T00:19:18.517+08:00  INFO 25964 --- [store] [main] o.apache.catalina.core.StandardService   : Starting service [Tomcat]
2026-05-25T00:19:18.520+08:00  INFO 25964 --- [store] [main] o.apache.catalina.core.StandardEngine    : Starting Servlet engine: [Apache Tomcat/10.1.40]
2026-05-25T00:19:18.670+08:00  INFO 25964 --- [store] [main] o.a.c.c.C.[Tomcat].[localhost].[/store]  : Initializing Spring embedded WebApplicationContext
2026-05-25T00:19:18.670+08:00  INFO 25964 --- [store] [main] w.s.c.ServletWebServerApplicationContext : Root WebApplicationContext: initialization completed in 2437 ms
2026-05-25T00:19:20.908+08:00  INFO 25964 --- [store] [main] r$InitializeUserDetailsManagerConfigurer : Global AuthenticationManager configured with UserDetailsService bean with name userDetailsServiceImpl
2026-05-25T00:19:22.174+08:00  WARN 25964 --- [store] [main] ConfigServletWebServerApplicationContext : Exception encountered during context initialization - cancelling refresh attempt: org.springframework.context.ApplicationContextException: Failed to start bean 'webServerStartStop'
2026-05-25T00:19:22.202+08:00  INFO 25964 --- [store] [main] .s.b.a.l.ConditionEvaluationReportLogger : 

Error starting ApplicationContext. To display the condition evaluation report re-run your application with 'debug' enabled.
2026-05-25T00:19:22.216+08:00 ERROR 25964 --- [store] [main] o.s.b.d.LoggingFailureAnalysisReporter   : 

***************************
APPLICATION FAILED TO START
***************************

Description:

Web server failed to start. Port 8088 was already in use.

Action:

Identify and stop the process that's listening on port 8088 or configure this application to listen on another port.

2026-05-25T00:23:03.339+08:00  INFO 23368 --- [store] [main] com.example.store.StoreApplication       : Starting StoreApplication using Java 23.0.2 with PID 23368 (D:\1A\store-system\store_springboot\target\classes started by chenchuang in D:\1A\store-system\store_springboot)
2026-05-25T00:23:03.341+08:00  INFO 23368 --- [store] [main] com.example.store.StoreApplication       : No active profile set, falling back to 1 default profile: "default"
2026-05-25T00:23:04.496+08:00  INFO 23368 --- [store] [main] .s.d.r.c.RepositoryConfigurationDelegate : Multiple Spring Data modules found, entering strict repository configuration mode
2026-05-25T00:23:04.498+08:00  INFO 23368 --- [store] [main] .s.d.r.c.RepositoryConfigurationDelegate : Bootstrapping Spring Data Elasticsearch repositories in DEFAULT mode.
2026-05-25T00:23:04.683+08:00  INFO 23368 --- [store] [main] .s.d.r.c.RepositoryConfigurationDelegate : Finished Spring Data repository scanning in 181 ms. Found 1 Elasticsearch repository interface.
2026-05-25T00:23:04.692+08:00  INFO 23368 --- [store] [main] .s.d.r.c.RepositoryConfigurationDelegate : Multiple Spring Data modules found, entering strict repository configuration mode
2026-05-25T00:23:04.693+08:00  INFO 23368 --- [store] [main] .s.d.r.c.RepositoryConfigurationDelegate : Bootstrapping Spring Data Reactive Elasticsearch repositories in DEFAULT mode.
2026-05-25T00:23:04.708+08:00  INFO 23368 --- [store] [main] .s.d.r.c.RepositoryConfigurationDelegate : Finished Spring Data repository scanning in 14 ms. Found 0 Reactive Elasticsearch repository interfaces.
2026-05-25T00:23:04.720+08:00  INFO 23368 --- [store] [main] .s.d.r.c.RepositoryConfigurationDelegate : Multiple Spring Data modules found, entering strict repository configuration mode
2026-05-25T00:23:04.722+08:00  INFO 23368 --- [store] [main] .s.d.r.c.RepositoryConfigurationDelegate : Bootstrapping Spring Data Redis repositories in DEFAULT mode.
2026-05-25T00:23:04.743+08:00  INFO 23368 --- [store] [main] .RepositoryConfigurationExtensionSupport : Spring Data Redis - Could not safely identify store assignment for repository candidate interface com.example.store.repository.GoodsDocRepository; If you want this repository to be a Redis repository, consider annotating your entities with one of these annotations: org.springframework.data.redis.core.RedisHash (preferred), or consider extending one of the following types with your repository: org.springframework.data.keyvalue.repository.KeyValueRepository
2026-05-25T00:23:04.744+08:00  INFO 23368 --- [store] [main] .s.d.r.c.RepositoryConfigurationDelegate : Finished Spring Data repository scanning in 16 ms. Found 0 Redis repository interfaces.
2026-05-25T00:23:05.559+08:00  INFO 23368 --- [store] [main] o.s.b.w.embedded.tomcat.TomcatWebServer  : Tomcat initialized with port 8888 (http)
2026-05-25T00:23:05.578+08:00  INFO 23368 --- [store] [main] o.apache.catalina.core.StandardService   : Starting service [Tomcat]
2026-05-25T00:23:05.580+08:00  INFO 23368 --- [store] [main] o.apache.catalina.core.StandardEngine    : Starting Servlet engine: [Apache Tomcat/10.1.40]
2026-05-25T00:23:05.707+08:00  INFO 23368 --- [store] [main] o.a.c.c.C.[Tomcat].[localhost].[/store]  : Initializing Spring embedded WebApplicationContext
2026-05-25T00:23:05.707+08:00  INFO 23368 --- [store] [main] w.s.c.ServletWebServerApplicationContext : Root WebApplicationContext: initialization completed in 2289 ms
2026-05-25T00:23:07.987+08:00  INFO 23368 --- [store] [main] r$InitializeUserDetailsManagerConfigurer : Global AuthenticationManager configured with UserDetailsService bean with name userDetailsServiceImpl
2026-05-25T00:23:09.265+08:00  INFO 23368 --- [store] [main] o.s.b.w.embedded.tomcat.TomcatWebServer  : Tomcat started on port 8888 (http) with context path '/store'
2026-05-25T00:23:09.271+08:00  INFO 23368 --- [store] [main] o.s.a.r.c.CachingConnectionFactory       : Attempting to connect to: [localhost:5672]
2026-05-25T00:23:09.335+08:00  INFO 23368 --- [store] [main] o.s.a.r.c.CachingConnectionFactory       : Created new connection: rabbitConnectionFactory#2c2edbe7:0/SimpleConnection@62fa4a88 [delegate=amqp://guest@127.0.0.1:5672/, localPort=32646]
2026-05-25T00:23:09.479+08:00  INFO 23368 --- [store] [main] com.example.store.StoreApplication       : Started StoreApplication in 6.534 seconds (process running for 7.105)
2026-05-25T00:23:55.782+08:00  INFO 7384 --- [store] [main] com.example.store.StoreApplication       : Starting StoreApplication using Java 23.0.2 with PID 7384 (D:\1A\store-system\store_springboot\target\classes started by chenchuang in D:\1A\store-system\store_springboot)
2026-05-25T00:23:55.784+08:00  INFO 7384 --- [store] [main] com.example.store.StoreApplication       : No active profile set, falling back to 1 default profile: "default"
2026-05-25T00:23:56.785+08:00  INFO 7384 --- [store] [main] .s.d.r.c.RepositoryConfigurationDelegate : Multiple Spring Data modules found, entering strict repository configuration mode
2026-05-25T00:23:56.795+08:00  INFO 7384 --- [store] [main] .s.d.r.c.RepositoryConfigurationDelegate : Bootstrapping Spring Data Elasticsearch repositories in DEFAULT mode.
2026-05-25T00:23:56.978+08:00  INFO 7384 --- [store] [main] .s.d.r.c.RepositoryConfigurationDelegate : Finished Spring Data repository scanning in 173 ms. Found 1 Elasticsearch repository interface.
2026-05-25T00:23:56.985+08:00  INFO 7384 --- [store] [main] .s.d.r.c.RepositoryConfigurationDelegate : Multiple Spring Data modules found, entering strict repository configuration mode
2026-05-25T00:23:56.987+08:00  INFO 7384 --- [store] [main] .s.d.r.c.RepositoryConfigurationDelegate : Bootstrapping Spring Data Reactive Elasticsearch repositories in DEFAULT mode.
2026-05-25T00:23:57.035+08:00  INFO 7384 --- [store] [main] .s.d.r.c.RepositoryConfigurationDelegate : Finished Spring Data repository scanning in 43 ms. Found 0 Reactive Elasticsearch repository interfaces.
2026-05-25T00:23:57.054+08:00  INFO 7384 --- [store] [main] .s.d.r.c.RepositoryConfigurationDelegate : Multiple Spring Data modules found, entering strict repository configuration mode
2026-05-25T00:23:57.056+08:00  INFO 7384 --- [store] [main] .s.d.r.c.RepositoryConfigurationDelegate : Bootstrapping Spring Data Redis repositories in DEFAULT mode.
2026-05-25T00:23:57.089+08:00  INFO 7384 --- [store] [main] .RepositoryConfigurationExtensionSupport : Spring Data Redis - Could not safely identify store assignment for repository candidate interface com.example.store.repository.GoodsDocRepository; If you want this repository to be a Redis repository, consider annotating your entities with one of these annotations: org.springframework.data.redis.core.RedisHash (preferred), or consider extending one of the following types with your repository: org.springframework.data.keyvalue.repository.KeyValueRepository
2026-05-25T00:23:57.090+08:00  INFO 7384 --- [store] [main] .s.d.r.c.RepositoryConfigurationDelegate : Finished Spring Data repository scanning in 16 ms. Found 0 Redis repository interfaces.
2026-05-25T00:23:58.041+08:00  INFO 7384 --- [store] [main] o.s.b.w.embedded.tomcat.TomcatWebServer  : Tomcat initialized with port 8888 (http)
2026-05-25T00:23:58.070+08:00  INFO 7384 --- [store] [main] o.apache.catalina.core.StandardService   : Starting service [Tomcat]
2026-05-25T00:23:58.071+08:00  INFO 7384 --- [store] [main] o.apache.catalina.core.StandardEngine    : Starting Servlet engine: [Apache Tomcat/10.1.40]
2026-05-25T00:23:58.237+08:00  INFO 7384 --- [store] [main] o.a.c.c.C.[Tomcat].[localhost].[/store]  : Initializing Spring embedded WebApplicationContext
2026-05-25T00:23:58.238+08:00  INFO 7384 --- [store] [main] w.s.c.ServletWebServerApplicationContext : Root WebApplicationContext: initialization completed in 2390 ms
2026-05-25T00:24:00.601+08:00  INFO 7384 --- [store] [main] r$InitializeUserDetailsManagerConfigurer : Global AuthenticationManager configured with UserDetailsService bean with name userDetailsServiceImpl
2026-05-25T00:24:01.801+08:00  WARN 7384 --- [store] [main] ConfigServletWebServerApplicationContext : Exception encountered during context initialization - cancelling refresh attempt: org.springframework.context.ApplicationContextException: Failed to start bean 'webServerStartStop'
2026-05-25T00:24:01.848+08:00  INFO 7384 --- [store] [main] .s.b.a.l.ConditionEvaluationReportLogger : 

Error starting ApplicationContext. To display the condition evaluation report re-run your application with 'debug' enabled.
2026-05-25T00:24:01.863+08:00 ERROR 7384 --- [store] [main] o.s.b.d.LoggingFailureAnalysisReporter   : 

***************************
APPLICATION FAILED TO START
***************************

Description:

Web server failed to start. Port 8888 was already in use.

Action:

Identify and stop the process that's listening on port 8888 or configure this application to listen on another port.

2026-05-25T00:24:17.863+08:00  WARN 23368 --- [store] [org.springframework.amqp.rabbit.RabbitListenerEndpointContainer#2-1] o.s.a.r.l.SimpleMessageListenerContainer : Consumer raised exception, processing can restart if the connection factory supports it

com.rabbitmq.client.ShutdownSignalException: connection error; protocol method: #method<connection.close>(reply-code=320, reply-text=CONNECTION_FORCED - broker forced connection closure with reason 'shutdown', class-id=0, method-id=0)
	at com.rabbitmq.client.impl.AMQConnection.startShutdown(AMQConnection.java:1007) ~[amqp-client-5.21.0.jar:5.21.0]
	at com.rabbitmq.client.impl.AMQConnection.shutdown(AMQConnection.java:997) ~[amqp-client-5.21.0.jar:5.21.0]
	at com.rabbitmq.client.impl.AMQConnection.handleConnectionClose(AMQConnection.java:935) ~[amqp-client-5.21.0.jar:5.21.0]
	at com.rabbitmq.client.impl.AMQConnection.processControlCommand(AMQConnection.java:890) ~[amqp-client-5.21.0.jar:5.21.0]
	at com.rabbitmq.client.impl.AMQConnection$1.processAsync(AMQConnection.java:275) ~[amqp-client-5.21.0.jar:5.21.0]
	at com.rabbitmq.client.impl.AMQChannel.handleCompleteInboundCommand(AMQChannel.java:193) ~[amqp-client-5.21.0.jar:5.21.0]
	at com.rabbitmq.client.impl.AMQChannel.handleFrame(AMQChannel.java:125) ~[amqp-client-5.21.0.jar:5.21.0]
	at com.rabbitmq.client.impl.AMQConnection.readFrame(AMQConnection.java:741) ~[amqp-client-5.21.0.jar:5.21.0]
	at com.rabbitmq.client.impl.AMQConnection.access$400(AMQConnection.java:48) ~[amqp-client-5.21.0.jar:5.21.0]
	at com.rabbitmq.client.impl.AMQConnection$MainLoop.run(AMQConnection.java:688) ~[amqp-client-5.21.0.jar:5.21.0]
	at java.base/java.lang.Thread.run(Thread.java:1575) ~[na:na]

2026-05-25T00:24:17.863+08:00  WARN 23368 --- [store] [org.springframework.amqp.rabbit.RabbitListenerEndpointContainer#1-1] o.s.a.r.l.SimpleMessageListenerContainer : Consumer raised exception, processing can restart if the connection factory supports it

com.rabbitmq.client.ShutdownSignalException: connection error; protocol method: #method<connection.close>(reply-code=320, reply-text=CONNECTION_FORCED - broker forced connection closure with reason 'shutdown', class-id=0, method-id=0)
	at com.rabbitmq.client.impl.AMQConnection.startShutdown(AMQConnection.java:1007) ~[amqp-client-5.21.0.jar:5.21.0]
	at com.rabbitmq.client.impl.AMQConnection.shutdown(AMQConnection.java:997) ~[amqp-client-5.21.0.jar:5.21.0]
	at com.rabbitmq.client.impl.AMQConnection.handleConnectionClose(AMQConnection.java:935) ~[amqp-client-5.21.0.jar:5.21.0]
	at com.rabbitmq.client.impl.AMQConnection.processControlCommand(AMQConnection.java:890) ~[amqp-client-5.21.0.jar:5.21.0]
	at com.rabbitmq.client.impl.AMQConnection$1.processAsync(AMQConnection.java:275) ~[amqp-client-5.21.0.jar:5.21.0]
	at com.rabbitmq.client.impl.AMQChannel.handleCompleteInboundCommand(AMQChannel.java:193) ~[amqp-client-5.21.0.jar:5.21.0]
	at com.rabbitmq.client.impl.AMQChannel.handleFrame(AMQChannel.java:125) ~[amqp-client-5.21.0.jar:5.21.0]
	at com.rabbitmq.client.impl.AMQConnection.readFrame(AMQConnection.java:741) ~[amqp-client-5.21.0.jar:5.21.0]
	at com.rabbitmq.client.impl.AMQConnection.access$400(AMQConnection.java:48) ~[amqp-client-5.21.0.jar:5.21.0]
	at com.rabbitmq.client.impl.AMQConnection$MainLoop.run(AMQConnection.java:688) ~[amqp-client-5.21.0.jar:5.21.0]
	at java.base/java.lang.Thread.run(Thread.java:1575) ~[na:na]

2026-05-25T00:24:17.863+08:00  WARN 23368 --- [store] [org.springframework.amqp.rabbit.RabbitListenerEndpointContainer#0-1] o.s.a.r.l.SimpleMessageListenerContainer : Consumer raised exception, processing can restart if the connection factory supports it

com.rabbitmq.client.ShutdownSignalException: connection error; protocol method: #method<connection.close>(reply-code=320, reply-text=CONNECTION_FORCED - broker forced connection closure with reason 'shutdown', class-id=0, method-id=0)
	at com.rabbitmq.client.impl.AMQConnection.startShutdown(AMQConnection.java:1007) ~[amqp-client-5.21.0.jar:5.21.0]
	at com.rabbitmq.client.impl.AMQConnection.shutdown(AMQConnection.java:997) ~[amqp-client-5.21.0.jar:5.21.0]
	at com.rabbitmq.client.impl.AMQConnection.handleConnectionClose(AMQConnection.java:935) ~[amqp-client-5.21.0.jar:5.21.0]
	at com.rabbitmq.client.impl.AMQConnection.processControlCommand(AMQConnection.java:890) ~[amqp-client-5.21.0.jar:5.21.0]
	at com.rabbitmq.client.impl.AMQConnection$1.processAsync(AMQConnection.java:275) ~[amqp-client-5.21.0.jar:5.21.0]
	at com.rabbitmq.client.impl.AMQChannel.handleCompleteInboundCommand(AMQChannel.java:193) ~[amqp-client-5.21.0.jar:5.21.0]
	at com.rabbitmq.client.impl.AMQChannel.handleFrame(AMQChannel.java:125) ~[amqp-client-5.21.0.jar:5.21.0]
	at com.rabbitmq.client.impl.AMQConnection.readFrame(AMQConnection.java:741) ~[amqp-client-5.21.0.jar:5.21.0]
	at com.rabbitmq.client.impl.AMQConnection.access$400(AMQConnection.java:48) ~[amqp-client-5.21.0.jar:5.21.0]
	at com.rabbitmq.client.impl.AMQConnection$MainLoop.run(AMQConnection.java:688) ~[amqp-client-5.21.0.jar:5.21.0]
	at java.base/java.lang.Thread.run(Thread.java:1575) ~[na:na]

2026-05-25T00:24:17.872+08:00  INFO 23368 --- [store] [org.springframework.amqp.rabbit.RabbitListenerEndpointContainer#2-1] o.s.a.r.l.SimpleMessageListenerContainer : Restarting Consumer@54a7d1b9: tags=[[amq.ctag-6qhRONWuGjcVFgE8GI_2kg]], channel=Cached Rabbit Channel: AMQChannel(amqp://guest@127.0.0.1:5672/,3), conn: Proxy@35bb3fea Shared Rabbit Connection: SimpleConnection@62fa4a88 [delegate=amqp://guest@127.0.0.1:5672/, localPort=32646], acknowledgeMode=AUTO local queue size=0
2026-05-25T00:24:17.872+08:00  INFO 23368 --- [store] [org.springframework.amqp.rabbit.RabbitListenerEndpointContainer#1-1] o.s.a.r.l.SimpleMessageListenerContainer : Restarting Consumer@e14559e: tags=[[amq.ctag-oSMeGrHAnCZTlcq2UuLStw]], channel=Cached Rabbit Channel: AMQChannel(amqp://guest@127.0.0.1:5672/,2), conn: Proxy@35bb3fea Shared Rabbit Connection: SimpleConnection@62fa4a88 [delegate=amqp://guest@127.0.0.1:5672/, localPort=32646], acknowledgeMode=AUTO local queue size=0
2026-05-25T00:24:17.872+08:00  INFO 23368 --- [store] [org.springframework.amqp.rabbit.RabbitListenerEndpointContainer#0-1] o.s.a.r.l.SimpleMessageListenerContainer : Restarting Consumer@329a27ae: tags=[[amq.ctag-2rq7h_mIjoGjKRRmB1H9fA]], channel=Cached Rabbit Channel: AMQChannel(amqp://guest@127.0.0.1:5672/,1), conn: Proxy@35bb3fea Shared Rabbit Connection: SimpleConnection@62fa4a88 [delegate=amqp://guest@127.0.0.1:5672/, localPort=32646], acknowledgeMode=AUTO local queue size=0
2026-05-25T00:24:17.876+08:00  INFO 23368 --- [store] [org.springframework.amqp.rabbit.RabbitListenerEndpointContainer#0-2] o.s.a.r.c.CachingConnectionFactory       : Attempting to connect to: [localhost:5672]
2026-05-25T00:24:17.890+08:00  INFO 23368 --- [store] [org.springframework.amqp.rabbit.RabbitListenerEndpointContainer#1-2] o.s.a.r.c.CachingConnectionFactory       : Attempting to connect to: [localhost:5672]
2026-05-25T00:24:17.890+08:00 ERROR 23368 --- [store] [org.springframework.amqp.rabbit.RabbitListenerEndpointContainer#0-2] o.s.a.r.l.SimpleMessageListenerContainer : Failed to check/redeclare auto-delete queue(s).

org.springframework.amqp.AmqpIOException: java.io.IOException
	at org.springframework.amqp.rabbit.support.RabbitExceptionTranslator.convertRabbitAccessException(RabbitExceptionTranslator.java:70) ~[spring-rabbit-3.1.11.jar:3.1.11]
	at org.springframework.amqp.rabbit.connection.AbstractConnectionFactory.createBareConnection(AbstractConnectionFactory.java:623) ~[spring-rabbit-3.1.11.jar:3.1.11]
	at org.springframework.amqp.rabbit.connection.CachingConnectionFactory.createConnection(CachingConnectionFactory.java:726) ~[spring-rabbit-3.1.11.jar:3.1.11]
	at org.springframework.amqp.rabbit.connection.CachingConnectionFactory.createBareChannel(CachingConnectionFactory.java:671) ~[spring-rabbit-3.1.11.jar:3.1.11]
	at org.springframework.amqp.rabbit.connection.CachingConnectionFactory.getCachedChannelProxy(CachingConnectionFactory.java:644) ~[spring-rabbit-3.1.11.jar:3.1.11]
	at org.springframework.amqp.rabbit.connection.CachingConnectionFactory.getChannel(CachingConnectionFactory.java:533) ~[spring-rabbit-3.1.11.jar:3.1.11]
	at org.springframework.amqp.rabbit.connection.CachingConnectionFactory$ChannelCachingConnectionProxy.createChannel(CachingConnectionFactory.java:1484) ~[spring-rabbit-3.1.11.jar:3.1.11]
	at org.springframework.amqp.rabbit.core.RabbitTemplate.doExecute(RabbitTemplate.java:2255) ~[spring-rabbit-3.1.11.jar:3.1.11]
	at org.springframework.amqp.rabbit.core.RabbitTemplate.execute(RabbitTemplate.java:2222) ~[spring-rabbit-3.1.11.jar:3.1.11]
	at org.springframework.amqp.rabbit.core.RabbitTemplate.execute(RabbitTemplate.java:2202) ~[spring-rabbit-3.1.11.jar:3.1.11]
	at org.springframework.amqp.rabbit.core.RabbitAdmin.getQueueInfo(RabbitAdmin.java:468) ~[spring-rabbit-3.1.11.jar:3.1.11]
	at org.springframework.amqp.rabbit.core.RabbitAdmin.getQueueProperties(RabbitAdmin.java:452) ~[spring-rabbit-3.1.11.jar:3.1.11]
	at org.springframework.amqp.rabbit.listener.AbstractMessageListenerContainer.attemptDeclarations(AbstractMessageListenerContainer.java:1973) ~[spring-rabbit-3.1.11.jar:3.1.11]
	at org.springframework.amqp.rabbit.listener.AbstractMessageListenerContainer.redeclareElementsIfNecessary(AbstractMessageListenerContainer.java:1937) ~[spring-rabbit-3.1.11.jar:3.1.11]
	at org.springframework.amqp.rabbit.listener.SimpleMessageListenerContainer$AsyncMessageProcessingConsumer.initialize(SimpleMessageListenerContainer.java:1477) ~[spring-rabbit-3.1.11.jar:3.1.11]
	at org.springframework.amqp.rabbit.listener.SimpleMessageListenerContainer$AsyncMessageProcessingConsumer.run(SimpleMessageListenerContainer.java:1318) ~[spring-rabbit-3.1.11.jar:3.1.11]
	at java.base/java.lang.Thread.run(Thread.java:1575) ~[na:na]
Caused by: java.io.IOException: null
	at com.rabbitmq.client.impl.AMQChannel.wrap(AMQChannel.java:140) ~[amqp-client-5.21.0.jar:5.21.0]
	at com.rabbitmq.client.impl.AMQChannel.wrap(AMQChannel.java:136) ~[amqp-client-5.21.0.jar:5.21.0]
	at com.rabbitmq.client.impl.AMQConnection.start(AMQConnection.java:406) ~[amqp-client-5.21.0.jar:5.21.0]
	at com.rabbitmq.client.ConnectionFactory.newConnection(ConnectionFactory.java:1251) ~[amqp-client-5.21.0.jar:5.21.0]
	at com.rabbitmq.client.ConnectionFactory.newConnection(ConnectionFactory.java:1198) ~[amqp-client-5.21.0.jar:5.21.0]
	at org.springframework.amqp.rabbit.connection.AbstractConnectionFactory.connectAddresses(AbstractConnectionFactory.java:669) ~[spring-rabbit-3.1.11.jar:3.1.11]
	at org.springframework.amqp.rabbit.connection.AbstractConnectionFactory.connect(AbstractConnectionFactory.java:638) ~[spring-rabbit-3.1.11.jar:3.1.11]
	at org.springframework.amqp.rabbit.connection.AbstractConnectionFactory.createBareConnection(AbstractConnectionFactory.java:585) ~[spring-rabbit-3.1.11.jar:3.1.11]
	... 15 common frames omitted
Caused by: com.rabbitmq.client.ShutdownSignalException: connection error
	at com.rabbitmq.utility.ValueOrException.getValue(ValueOrException.java:66) ~[amqp-client-5.21.0.jar:5.21.0]
	at com.rabbitmq.utility.BlockingValueOrException.uninterruptibleGetValue(BlockingValueOrException.java:36) ~[amqp-client-5.21.0.jar:5.21.0]
	at com.rabbitmq.client.impl.AMQChannel$BlockingRpcContinuation.getReply(AMQChannel.java:552) ~[amqp-client-5.21.0.jar:5.21.0]
	at com.rabbitmq.client.impl.AMQConnection.start(AMQConnection.java:336) ~[amqp-client-5.21.0.jar:5.21.0]
	... 20 common frames omitted
Caused by: java.io.EOFException: null
	at java.base/java.io.DataInputStream.readUnsignedByte(DataInputStream.java:297) ~[na:na]
	at com.rabbitmq.client.impl.Frame.readFrom(Frame.java:91) ~[amqp-client-5.21.0.jar:5.21.0]
	at com.rabbitmq.client.impl.SocketFrameHandler.readFrame(SocketFrameHandler.java:199) ~[amqp-client-5.21.0.jar:5.21.0]
	at com.rabbitmq.client.impl.AMQConnection$MainLoop.run(AMQConnection.java:687) ~[amqp-client-5.21.0.jar:5.21.0]
	... 1 common frames omitted

2026-05-25T00:24:17.897+08:00  INFO 23368 --- [store] [org.springframework.amqp.rabbit.RabbitListenerEndpointContainer#2-2] o.s.a.r.c.CachingConnectionFactory       : Attempting to connect to: [localhost:5672]
2026-05-25T00:24:17.897+08:00 ERROR 23368 --- [store] [org.springframework.amqp.rabbit.RabbitListenerEndpointContainer#1-2] o.s.a.r.l.SimpleMessageListenerContainer : Failed to check/redeclare auto-delete queue(s).

org.springframework.amqp.AmqpIOException: java.io.IOException
	at org.springframework.amqp.rabbit.support.RabbitExceptionTranslator.convertRabbitAccessException(RabbitExceptionTranslator.java:70) ~[spring-rabbit-3.1.11.jar:3.1.11]
	at org.springframework.amqp.rabbit.connection.AbstractConnectionFactory.createBareConnection(AbstractConnectionFactory.java:623) ~[spring-rabbit-3.1.11.jar:3.1.11]
	at org.springframework.amqp.rabbit.connection.CachingConnectionFactory.createConnection(CachingConnectionFactory.java:726) ~[spring-rabbit-3.1.11.jar:3.1.11]
	at org.springframework.amqp.rabbit.connection.CachingConnectionFactory.createBareChannel(CachingConnectionFactory.java:671) ~[spring-rabbit-3.1.11.jar:3.1.11]
	at org.springframework.amqp.rabbit.connection.CachingConnectionFactory.getCachedChannelProxy(CachingConnectionFactory.java:644) ~[spring-rabbit-3.1.11.jar:3.1.11]
	at org.springframework.amqp.rabbit.connection.CachingConnectionFactory.getChannel(CachingConnectionFactory.java:533) ~[spring-rabbit-3.1.11.jar:3.1.11]
	at org.springframework.amqp.rabbit.connection.CachingConnectionFactory$ChannelCachingConnectionProxy.createChannel(CachingConnectionFactory.java:1484) ~[spring-rabbit-3.1.11.jar:3.1.11]
	at org.springframework.amqp.rabbit.core.RabbitTemplate.doExecute(RabbitTemplate.java:2255) ~[spring-rabbit-3.1.11.jar:3.1.11]
	at org.springframework.amqp.rabbit.core.RabbitTemplate.execute(RabbitTemplate.java:2222) ~[spring-rabbit-3.1.11.jar:3.1.11]
	at org.springframework.amqp.rabbit.core.RabbitTemplate.execute(RabbitTemplate.java:2202) ~[spring-rabbit-3.1.11.jar:3.1.11]
	at org.springframework.amqp.rabbit.core.RabbitAdmin.getQueueInfo(RabbitAdmin.java:468) ~[spring-rabbit-3.1.11.jar:3.1.11]
	at org.springframework.amqp.rabbit.core.RabbitAdmin.getQueueProperties(RabbitAdmin.java:452) ~[spring-rabbit-3.1.11.jar:3.1.11]
	at org.springframework.amqp.rabbit.listener.AbstractMessageListenerContainer.attemptDeclarations(AbstractMessageListenerContainer.java:1973) ~[spring-rabbit-3.1.11.jar:3.1.11]
	at org.springframework.amqp.rabbit.listener.AbstractMessageListenerContainer.redeclareElementsIfNecessary(AbstractMessageListenerContainer.java:1937) ~[spring-rabbit-3.1.11.jar:3.1.11]
	at org.springframework.amqp.rabbit.listener.SimpleMessageListenerContainer$AsyncMessageProcessingConsumer.initialize(SimpleMessageListenerContainer.java:1477) ~[spring-rabbit-3.1.11.jar:3.1.11]
	at org.springframework.amqp.rabbit.listener.SimpleMessageListenerContainer$AsyncMessageProcessingConsumer.run(SimpleMessageListenerContainer.java:1318) ~[spring-rabbit-3.1.11.jar:3.1.11]
	at java.base/java.lang.Thread.run(Thread.java:1575) ~[na:na]
Caused by: java.io.IOException: null
	at com.rabbitmq.client.impl.AMQChannel.wrap(AMQChannel.java:140) ~[amqp-client-5.21.0.jar:5.21.0]
	at com.rabbitmq.client.impl.AMQChannel.wrap(AMQChannel.java:136) ~[amqp-client-5.21.0.jar:5.21.0]
	at com.rabbitmq.client.impl.AMQConnection.start(AMQConnection.java:406) ~[amqp-client-5.21.0.jar:5.21.0]
	at com.rabbitmq.client.ConnectionFactory.newConnection(ConnectionFactory.java:1251) ~[amqp-client-5.21.0.jar:5.21.0]
	at com.rabbitmq.client.ConnectionFactory.newConnection(ConnectionFactory.java:1198) ~[amqp-client-5.21.0.jar:5.21.0]
	at org.springframework.amqp.rabbit.connection.AbstractConnectionFactory.connectAddresses(AbstractConnectionFactory.java:669) ~[spring-rabbit-3.1.11.jar:3.1.11]
	at org.springframework.amqp.rabbit.connection.AbstractConnectionFactory.connect(AbstractConnectionFactory.java:638) ~[spring-rabbit-3.1.11.jar:3.1.11]
	at org.springframework.amqp.rabbit.connection.AbstractConnectionFactory.createBareConnection(AbstractConnectionFactory.java:585) ~[spring-rabbit-3.1.11.jar:3.1.11]
	... 15 common frames omitted
Caused by: com.rabbitmq.client.ShutdownSignalException: connection error
	at com.rabbitmq.utility.ValueOrException.getValue(ValueOrException.java:66) ~[amqp-client-5.21.0.jar:5.21.0]
	at com.rabbitmq.utility.BlockingValueOrException.uninterruptibleGetValue(BlockingValueOrException.java:36) ~[amqp-client-5.21.0.jar:5.21.0]
	at com.rabbitmq.client.impl.AMQChannel$BlockingRpcContinuation.getReply(AMQChannel.java:552) ~[amqp-client-5.21.0.jar:5.21.0]
	at com.rabbitmq.client.impl.AMQConnection.start(AMQConnection.java:336) ~[amqp-client-5.21.0.jar:5.21.0]
	... 20 common frames omitted
Caused by: java.io.EOFException: null
	at java.base/java.io.DataInputStream.readUnsignedByte(DataInputStream.java:297) ~[na:na]
	at com.rabbitmq.client.impl.Frame.readFrom(Frame.java:91) ~[amqp-client-5.21.0.jar:5.21.0]
	at com.rabbitmq.client.impl.SocketFrameHandler.readFrame(SocketFrameHandler.java:199) ~[amqp-client-5.21.0.jar:5.21.0]
	at com.rabbitmq.client.impl.AMQConnection$MainLoop.run(AMQConnection.java:687) ~[amqp-client-5.21.0.jar:5.21.0]
	... 1 common frames omitted

2026-05-25T00:24:17.904+08:00  INFO 23368 --- [store] [org.springframework.amqp.rabbit.RabbitListenerEndpointContainer#0-2] o.s.a.r.c.CachingConnectionFactory       : Attempting to connect to: [localhost:5672]
2026-05-25T00:24:17.904+08:00 ERROR 23368 --- [store] [org.springframework.amqp.rabbit.RabbitListenerEndpointContainer#2-2] o.s.a.r.l.SimpleMessageListenerContainer : Failed to check/redeclare auto-delete queue(s).

org.springframework.amqp.AmqpIOException: java.io.IOException
	at org.springframework.amqp.rabbit.support.RabbitExceptionTranslator.convertRabbitAccessException(RabbitExceptionTranslator.java:70) ~[spring-rabbit-3.1.11.jar:3.1.11]
	at org.springframework.amqp.rabbit.connection.AbstractConnectionFactory.createBareConnection(AbstractConnectionFactory.java:623) ~[spring-rabbit-3.1.11.jar:3.1.11]
	at org.springframework.amqp.rabbit.connection.CachingConnectionFactory.createConnection(CachingConnectionFactory.java:726) ~[spring-rabbit-3.1.11.jar:3.1.11]
	at org.springframework.amqp.rabbit.connection.CachingConnectionFactory.createBareChannel(CachingConnectionFactory.java:671) ~[spring-rabbit-3.1.11.jar:3.1.11]
	at org.springframework.amqp.rabbit.connection.CachingConnectionFactory.getCachedChannelProxy(CachingConnectionFactory.java:644) ~[spring-rabbit-3.1.11.jar:3.1.11]
	at org.springframework.amqp.rabbit.connection.CachingConnectionFactory.getChannel(CachingConnectionFactory.java:533) ~[spring-rabbit-3.1.11.jar:3.1.11]
	at org.springframework.amqp.rabbit.connection.CachingConnectionFactory$ChannelCachingConnectionProxy.createChannel(CachingConnectionFactory.java:1484) ~[spring-rabbit-3.1.11.jar:3.1.11]
	at org.springframework.amqp.rabbit.core.RabbitTemplate.doExecute(RabbitTemplate.java:2255) ~[spring-rabbit-3.1.11.jar:3.1.11]
	at org.springframework.amqp.rabbit.core.RabbitTemplate.execute(RabbitTemplate.java:2222) ~[spring-rabbit-3.1.11.jar:3.1.11]
	at org.springframework.amqp.rabbit.core.RabbitTemplate.execute(RabbitTemplate.java:2202) ~[spring-rabbit-3.1.11.jar:3.1.11]
	at org.springframework.amqp.rabbit.core.RabbitAdmin.getQueueInfo(RabbitAdmin.java:468) ~[spring-rabbit-3.1.11.jar:3.1.11]
	at org.springframework.amqp.rabbit.core.RabbitAdmin.getQueueProperties(RabbitAdmin.java:452) ~[spring-rabbit-3.1.11.jar:3.1.11]
	at org.springframework.amqp.rabbit.listener.AbstractMessageListenerContainer.attemptDeclarations(AbstractMessageListenerContainer.java:1973) ~[spring-rabbit-3.1.11.jar:3.1.11]
	at org.springframework.amqp.rabbit.listener.AbstractMessageListenerContainer.redeclareElementsIfNecessary(AbstractMessageListenerContainer.java:1937) ~[spring-rabbit-3.1.11.jar:3.1.11]
	at org.springframework.amqp.rabbit.listener.SimpleMessageListenerContainer$AsyncMessageProcessingConsumer.initialize(SimpleMessageListenerContainer.java:1477) ~[spring-rabbit-3.1.11.jar:3.1.11]
	at org.springframework.amqp.rabbit.listener.SimpleMessageListenerContainer$AsyncMessageProcessingConsumer.run(SimpleMessageListenerContainer.java:1318) ~[spring-rabbit-3.1.11.jar:3.1.11]
	at java.base/java.lang.Thread.run(Thread.java:1575) ~[na:na]
Caused by: java.io.IOException: null
	at com.rabbitmq.client.impl.AMQChannel.wrap(AMQChannel.java:140) ~[amqp-client-5.21.0.jar:5.21.0]
	at com.rabbitmq.client.impl.AMQChannel.wrap(AMQChannel.java:136) ~[amqp-client-5.21.0.jar:5.21.0]
	at com.rabbitmq.client.impl.AMQConnection.start(AMQConnection.java:406) ~[amqp-client-5.21.0.jar:5.21.0]
	at com.rabbitmq.client.ConnectionFactory.newConnection(ConnectionFactory.java:1251) ~[amqp-client-5.21.0.jar:5.21.0]
	at com.rabbitmq.client.ConnectionFactory.newConnection(ConnectionFactory.java:1198) ~[amqp-client-5.21.0.jar:5.21.0]
	at org.springframework.amqp.rabbit.connection.AbstractConnectionFactory.connectAddresses(AbstractConnectionFactory.java:669) ~[spring-rabbit-3.1.11.jar:3.1.11]
	at org.springframework.amqp.rabbit.connection.AbstractConnectionFactory.connect(AbstractConnectionFactory.java:638) ~[spring-rabbit-3.1.11.jar:3.1.11]
	at org.springframework.amqp.rabbit.connection.AbstractConnectionFactory.createBareConnection(AbstractConnectionFactory.java:585) ~[spring-rabbit-3.1.11.jar:3.1.11]
	... 15 common frames omitted
Caused by: com.rabbitmq.client.ShutdownSignalException: connection error
	at com.rabbitmq.utility.ValueOrException.getValue(ValueOrException.java:66) ~[amqp-client-5.21.0.jar:5.21.0]
	at com.rabbitmq.utility.BlockingValueOrException.uninterruptibleGetValue(BlockingValueOrException.java:36) ~[amqp-client-5.21.0.jar:5.21.0]
	at com.rabbitmq.client.impl.AMQChannel$BlockingRpcContinuation.getReply(AMQChannel.java:552) ~[amqp-client-5.21.0.jar:5.21.0]
	at com.rabbitmq.client.impl.AMQConnection.start(AMQConnection.java:336) ~[amqp-client-5.21.0.jar:5.21.0]
	... 20 common frames omitted
Caused by: java.io.EOFException: null
	at java.base/java.io.DataInputStream.readUnsignedByte(DataInputStream.java:297) ~[na:na]
	at com.rabbitmq.client.impl.Frame.readFrom(Frame.java:91) ~[amqp-client-5.21.0.jar:5.21.0]
	at com.rabbitmq.client.impl.SocketFrameHandler.readFrame(SocketFrameHandler.java:199) ~[amqp-client-5.21.0.jar:5.21.0]
	at com.rabbitmq.client.impl.AMQConnection$MainLoop.run(AMQConnection.java:687) ~[amqp-client-5.21.0.jar:5.21.0]
	... 1 common frames omitted

2026-05-25T00:24:17.913+08:00  INFO 23368 --- [store] [org.springframework.amqp.rabbit.RabbitListenerEndpointContainer#1-2] o.s.a.r.c.CachingConnectionFactory       : Attempting to connect to: [localhost:5672]
2026-05-25T00:24:17.920+08:00  INFO 23368 --- [store] [org.springframework.amqp.rabbit.RabbitListenerEndpointContainer#2-2] o.s.a.r.c.CachingConnectionFactory       : Attempting to connect to: [localhost:5672]
2026-05-25T00:24:23.061+08:00  WARN 23368 --- [store] [org.springframework.amqp.rabbit.RabbitListenerEndpointContainer#2-2] o.s.a.r.l.SimpleMessageListenerContainer : Consumer raised exception, processing can restart if the connection factory supports it

org.springframework.amqp.AmqpIOException: java.io.IOException
	at org.springframework.amqp.rabbit.support.RabbitExceptionTranslator.convertRabbitAccessException(RabbitExceptionTranslator.java:70) ~[spring-rabbit-3.1.11.jar:3.1.11]
	at org.springframework.amqp.rabbit.connection.AbstractConnectionFactory.createBareConnection(AbstractConnectionFactory.java:623) ~[spring-rabbit-3.1.11.jar:3.1.11]
	at org.springframework.amqp.rabbit.connection.CachingConnectionFactory.createConnection(CachingConnectionFactory.java:726) ~[spring-rabbit-3.1.11.jar:3.1.11]
	at org.springframework.amqp.rabbit.connection.ConnectionFactoryUtils.createConnection(ConnectionFactoryUtils.java:257) ~[spring-rabbit-3.1.11.jar:3.1.11]
	at org.springframework.amqp.rabbit.connection.ConnectionFactoryUtils$RabbitResourceFactory.createConnection(ConnectionFactoryUtils.java:345) ~[spring-rabbit-3.1.11.jar:3.1.11]
	at org.springframework.amqp.rabbit.connection.ConnectionFactoryUtils.doGetTransactionalResourceHolder(ConnectionFactoryUtils.java:140) ~[spring-rabbit-3.1.11.jar:3.1.11]
	at org.springframework.amqp.rabbit.connection.ConnectionFactoryUtils.getTransactionalResourceHolder(ConnectionFactoryUtils.java:102) ~[spring-rabbit-3.1.11.jar:3.1.11]
	at org.springframework.amqp.rabbit.connection.ConnectionFactoryUtils.getTransactionalResourceHolder(ConnectionFactoryUtils.java:85) ~[spring-rabbit-3.1.11.jar:3.1.11]
	at org.springframework.amqp.rabbit.listener.BlockingQueueConsumer.start(BlockingQueueConsumer.java:626) ~[spring-rabbit-3.1.11.jar:3.1.11]
	at org.springframework.amqp.rabbit.listener.SimpleMessageListenerContainer$AsyncMessageProcessingConsumer.initialize(SimpleMessageListenerContainer.java:1478) ~[spring-rabbit-3.1.11.jar:3.1.11]
	at org.springframework.amqp.rabbit.listener.SimpleMessageListenerContainer$AsyncMessageProcessingConsumer.run(SimpleMessageListenerContainer.java:1318) ~[spring-rabbit-3.1.11.jar:3.1.11]
	at java.base/java.lang.Thread.run(Thread.java:1575) ~[na:na]
Caused by: java.io.IOException: null
	at com.rabbitmq.client.impl.AMQChannel.wrap(AMQChannel.java:140) ~[amqp-client-5.21.0.jar:5.21.0]
	at com.rabbitmq.client.impl.AMQChannel.wrap(AMQChannel.java:136) ~[amqp-client-5.21.0.jar:5.21.0]
	at com.rabbitmq.client.impl.AMQConnection.start(AMQConnection.java:406) ~[amqp-client-5.21.0.jar:5.21.0]
	at com.rabbitmq.client.ConnectionFactory.newConnection(ConnectionFactory.java:1251) ~[amqp-client-5.21.0.jar:5.21.0]
	at com.rabbitmq.client.ConnectionFactory.newConnection(ConnectionFactory.java:1198) ~[amqp-client-5.21.0.jar:5.21.0]
	at org.springframework.amqp.rabbit.connection.AbstractConnectionFactory.connectAddresses(AbstractConnectionFactory.java:669) ~[spring-rabbit-3.1.11.jar:3.1.11]
	at org.springframework.amqp.rabbit.connection.AbstractConnectionFactory.connect(AbstractConnectionFactory.java:638) ~[spring-rabbit-3.1.11.jar:3.1.11]
	at org.springframework.amqp.rabbit.connection.AbstractConnectionFactory.createBareConnection(AbstractConnectionFactory.java:585) ~[spring-rabbit-3.1.11.jar:3.1.11]
	... 10 common frames omitted
Caused by: com.rabbitmq.client.ShutdownSignalException: connection error
	at com.rabbitmq.utility.ValueOrException.getValue(ValueOrException.java:66) ~[amqp-client-5.21.0.jar:5.21.0]
	at com.rabbitmq.utility.BlockingValueOrException.uninterruptibleGetValue(BlockingValueOrException.java:36) ~[amqp-client-5.21.0.jar:5.21.0]
	at com.rabbitmq.client.impl.AMQChannel$BlockingRpcContinuation.getReply(AMQChannel.java:552) ~[amqp-client-5.21.0.jar:5.21.0]
	at com.rabbitmq.client.impl.AMQConnection.start(AMQConnection.java:336) ~[amqp-client-5.21.0.jar:5.21.0]
	... 15 common frames omitted
Caused by: java.io.EOFException: null
	at java.base/java.io.DataInputStream.readUnsignedByte(DataInputStream.java:297) ~[na:na]
	at com.rabbitmq.client.impl.Frame.readFrom(Frame.java:91) ~[amqp-client-5.21.0.jar:5.21.0]
	at com.rabbitmq.client.impl.SocketFrameHandler.readFrame(SocketFrameHandler.java:199) ~[amqp-client-5.21.0.jar:5.21.0]
	at com.rabbitmq.client.impl.AMQConnection$MainLoop.run(AMQConnection.java:687) ~[amqp-client-5.21.0.jar:5.21.0]
	... 1 common frames omitted

2026-05-25T00:24:23.061+08:00  WARN 23368 --- [store] [org.springframework.amqp.rabbit.RabbitListenerEndpointContainer#1-2] o.s.a.r.l.SimpleMessageListenerContainer : Consumer raised exception, processing can restart if the connection factory supports it

org.springframework.amqp.AmqpIOException: java.io.IOException
	at org.springframework.amqp.rabbit.support.RabbitExceptionTranslator.convertRabbitAccessException(RabbitExceptionTranslator.java:70) ~[spring-rabbit-3.1.11.jar:3.1.11]
	at org.springframework.amqp.rabbit.connection.AbstractConnectionFactory.createBareConnection(AbstractConnectionFactory.java:623) ~[spring-rabbit-3.1.11.jar:3.1.11]
	at org.springframework.amqp.rabbit.connection.CachingConnectionFactory.createConnection(CachingConnectionFactory.java:726) ~[spring-rabbit-3.1.11.jar:3.1.11]
	at org.springframework.amqp.rabbit.connection.ConnectionFactoryUtils.createConnection(ConnectionFactoryUtils.java:257) ~[spring-rabbit-3.1.11.jar:3.1.11]
	at org.springframework.amqp.rabbit.connection.ConnectionFactoryUtils$RabbitResourceFactory.createConnection(ConnectionFactoryUtils.java:345) ~[spring-rabbit-3.1.11.jar:3.1.11]
	at org.springframework.amqp.rabbit.connection.ConnectionFactoryUtils.doGetTransactionalResourceHolder(ConnectionFactoryUtils.java:140) ~[spring-rabbit-3.1.11.jar:3.1.11]
	at org.springframework.amqp.rabbit.connection.ConnectionFactoryUtils.getTransactionalResourceHolder(ConnectionFactoryUtils.java:102) ~[spring-rabbit-3.1.11.jar:3.1.11]
	at org.springframework.amqp.rabbit.connection.ConnectionFactoryUtils.getTransactionalResourceHolder(ConnectionFactoryUtils.java:85) ~[spring-rabbit-3.1.11.jar:3.1.11]
	at org.springframework.amqp.rabbit.listener.BlockingQueueConsumer.start(BlockingQueueConsumer.java:626) ~[spring-rabbit-3.1.11.jar:3.1.11]
	at org.springframework.amqp.rabbit.listener.SimpleMessageListenerContainer$AsyncMessageProcessingConsumer.initialize(SimpleMessageListenerContainer.java:1478) ~[spring-rabbit-3.1.11.jar:3.1.11]
	at org.springframework.amqp.rabbit.listener.SimpleMessageListenerContainer$AsyncMessageProcessingConsumer.run(SimpleMessageListenerContainer.java:1318) ~[spring-rabbit-3.1.11.jar:3.1.11]
	at java.base/java.lang.Thread.run(Thread.java:1575) ~[na:na]
Caused by: java.io.IOException: null
	at com.rabbitmq.client.impl.AMQChannel.wrap(AMQChannel.java:140) ~[amqp-client-5.21.0.jar:5.21.0]
	at com.rabbitmq.client.impl.AMQChannel.wrap(AMQChannel.java:136) ~[amqp-client-5.21.0.jar:5.21.0]
	at com.rabbitmq.client.impl.AMQConnection.start(AMQConnection.java:406) ~[amqp-client-5.21.0.jar:5.21.0]
	at com.rabbitmq.client.ConnectionFactory.newConnection(ConnectionFactory.java:1251) ~[amqp-client-5.21.0.jar:5.21.0]
	at com.rabbitmq.client.ConnectionFactory.newConnection(ConnectionFactory.java:1198) ~[amqp-client-5.21.0.jar:5.21.0]
	at org.springframework.amqp.rabbit.connection.AbstractConnectionFactory.connectAddresses(AbstractConnectionFactory.java:669) ~[spring-rabbit-3.1.11.jar:3.1.11]
	at org.springframework.amqp.rabbit.connection.AbstractConnectionFactory.connect(AbstractConnectionFactory.java:638) ~[spring-rabbit-3.1.11.jar:3.1.11]
	at org.springframework.amqp.rabbit.connection.AbstractConnectionFactory.createBareConnection(AbstractConnectionFactory.java:585) ~[spring-rabbit-3.1.11.jar:3.1.11]
	... 10 common frames omitted
Caused by: com.rabbitmq.client.ShutdownSignalException: connection error
	at com.rabbitmq.utility.ValueOrException.getValue(ValueOrException.java:66) ~[amqp-client-5.21.0.jar:5.21.0]
	at com.rabbitmq.utility.BlockingValueOrException.uninterruptibleGetValue(BlockingValueOrException.java:36) ~[amqp-client-5.21.0.jar:5.21.0]
	at com.rabbitmq.client.impl.AMQChannel$BlockingRpcContinuation.getReply(AMQChannel.java:552) ~[amqp-client-5.21.0.jar:5.21.0]
	at com.rabbitmq.client.impl.AMQConnection.start(AMQConnection.java:336) ~[amqp-client-5.21.0.jar:5.21.0]
	... 15 common frames omitted
Caused by: java.io.EOFException: null
	at java.base/java.io.DataInputStream.readUnsignedByte(DataInputStream.java:297) ~[na:na]
	at com.rabbitmq.client.impl.Frame.readFrom(Frame.java:91) ~[amqp-client-5.21.0.jar:5.21.0]
	at com.rabbitmq.client.impl.SocketFrameHandler.readFrame(SocketFrameHandler.java:199) ~[amqp-client-5.21.0.jar:5.21.0]
	at com.rabbitmq.client.impl.AMQConnection$MainLoop.run(AMQConnection.java:687) ~[amqp-client-5.21.0.jar:5.21.0]
	... 1 common frames omitted

2026-05-25T00:24:23.061+08:00  WARN 23368 --- [store] [org.springframework.amqp.rabbit.RabbitListenerEndpointContainer#0-2] o.s.a.r.l.SimpleMessageListenerContainer : Consumer raised exception, processing can restart if the connection factory supports it

org.springframework.amqp.AmqpIOException: java.io.IOException
	at org.springframework.amqp.rabbit.support.RabbitExceptionTranslator.convertRabbitAccessException(RabbitExceptionTranslator.java:70) ~[spring-rabbit-3.1.11.jar:3.1.11]
	at org.springframework.amqp.rabbit.connection.AbstractConnectionFactory.createBareConnection(AbstractConnectionFactory.java:623) ~[spring-rabbit-3.1.11.jar:3.1.11]
	at org.springframework.amqp.rabbit.connection.CachingConnectionFactory.createConnection(CachingConnectionFactory.java:726) ~[spring-rabbit-3.1.11.jar:3.1.11]
	at org.springframework.amqp.rabbit.connection.ConnectionFactoryUtils.createConnection(ConnectionFactoryUtils.java:257) ~[spring-rabbit-3.1.11.jar:3.1.11]
	at org.springframework.amqp.rabbit.connection.ConnectionFactoryUtils$RabbitResourceFactory.createConnection(ConnectionFactoryUtils.java:345) ~[spring-rabbit-3.1.11.jar:3.1.11]
	at org.springframework.amqp.rabbit.connection.ConnectionFactoryUtils.doGetTransactionalResourceHolder(ConnectionFactoryUtils.java:140) ~[spring-rabbit-3.1.11.jar:3.1.11]
	at org.springframework.amqp.rabbit.connection.ConnectionFactoryUtils.getTransactionalResourceHolder(ConnectionFactoryUtils.java:102) ~[spring-rabbit-3.1.11.jar:3.1.11]
	at org.springframework.amqp.rabbit.connection.ConnectionFactoryUtils.getTransactionalResourceHolder(ConnectionFactoryUtils.java:85) ~[spring-rabbit-3.1.11.jar:3.1.11]
	at org.springframework.amqp.rabbit.listener.BlockingQueueConsumer.start(BlockingQueueConsumer.java:626) ~[spring-rabbit-3.1.11.jar:3.1.11]
	at org.springframework.amqp.rabbit.listener.SimpleMessageListenerContainer$AsyncMessageProcessingConsumer.initialize(SimpleMessageListenerContainer.java:1478) ~[spring-rabbit-3.1.11.jar:3.1.11]
	at org.springframework.amqp.rabbit.listener.SimpleMessageListenerContainer$AsyncMessageProcessingConsumer.run(SimpleMessageListenerContainer.java:1318) ~[spring-rabbit-3.1.11.jar:3.1.11]
	at java.base/java.lang.Thread.run(Thread.java:1575) ~[na:na]
Caused by: java.io.IOException: null
	at com.rabbitmq.client.impl.AMQChannel.wrap(AMQChannel.java:140) ~[amqp-client-5.21.0.jar:5.21.0]
	at com.rabbitmq.client.impl.AMQChannel.wrap(AMQChannel.java:136) ~[amqp-client-5.21.0.jar:5.21.0]
	at com.rabbitmq.client.impl.AMQConnection.start(AMQConnection.java:406) ~[amqp-client-5.21.0.jar:5.21.0]
	at com.rabbitmq.client.ConnectionFactory.newConnection(ConnectionFactory.java:1251) ~[amqp-client-5.21.0.jar:5.21.0]
	at com.rabbitmq.client.ConnectionFactory.newConnection(ConnectionFactory.java:1198) ~[amqp-client-5.21.0.jar:5.21.0]
	at org.springframework.amqp.rabbit.connection.AbstractConnectionFactory.connectAddresses(AbstractConnectionFactory.java:669) ~[spring-rabbit-3.1.11.jar:3.1.11]
	at org.springframework.amqp.rabbit.connection.AbstractConnectionFactory.connect(AbstractConnectionFactory.java:638) ~[spring-rabbit-3.1.11.jar:3.1.11]
	at org.springframework.amqp.rabbit.connection.AbstractConnectionFactory.createBareConnection(AbstractConnectionFactory.java:585) ~[spring-rabbit-3.1.11.jar:3.1.11]
	... 10 common frames omitted
Caused by: com.rabbitmq.client.ShutdownSignalException: connection error
	at com.rabbitmq.utility.ValueOrException.getValue(ValueOrException.java:66) ~[amqp-client-5.21.0.jar:5.21.0]
	at com.rabbitmq.utility.BlockingValueOrException.uninterruptibleGetValue(BlockingValueOrException.java:36) ~[amqp-client-5.21.0.jar:5.21.0]
	at com.rabbitmq.client.impl.AMQChannel$BlockingRpcContinuation.getReply(AMQChannel.java:552) ~[amqp-client-5.21.0.jar:5.21.0]
	at com.rabbitmq.client.impl.AMQConnection.start(AMQConnection.java:336) ~[amqp-client-5.21.0.jar:5.21.0]
	... 15 common frames omitted
Caused by: java.io.EOFException: null
	at java.base/java.io.DataInputStream.readUnsignedByte(DataInputStream.java:297) ~[na:na]
	at com.rabbitmq.client.impl.Frame.readFrom(Frame.java:91) ~[amqp-client-5.21.0.jar:5.21.0]
	at com.rabbitmq.client.impl.SocketFrameHandler.readFrame(SocketFrameHandler.java:199) ~[amqp-client-5.21.0.jar:5.21.0]
	at com.rabbitmq.client.impl.AMQConnection$MainLoop.run(AMQConnection.java:687) ~[amqp-client-5.21.0.jar:5.21.0]
	... 1 common frames omitted

2026-05-25T00:24:23.065+08:00  INFO 23368 --- [store] [org.springframework.amqp.rabbit.RabbitListenerEndpointContainer#1-2] o.s.a.r.l.SimpleMessageListenerContainer : Restarting Consumer@6437f965: tags=[[]], channel=null, acknowledgeMode=AUTO local queue size=0
2026-05-25T00:24:23.065+08:00  INFO 23368 --- [store] [org.springframework.amqp.rabbit.RabbitListenerEndpointContainer#2-2] o.s.a.r.l.SimpleMessageListenerContainer : Restarting Consumer@36895a92: tags=[[]], channel=null, acknowledgeMode=AUTO local queue size=0
2026-05-25T00:24:23.065+08:00  INFO 23368 --- [store] [org.springframework.amqp.rabbit.RabbitListenerEndpointContainer#0-2] o.s.a.r.l.SimpleMessageListenerContainer : Restarting Consumer@3006ff59: tags=[[]], channel=null, acknowledgeMode=AUTO local queue size=0
2026-05-25T00:24:23.068+08:00  INFO 23368 --- [store] [org.springframework.amqp.rabbit.RabbitListenerEndpointContainer#2-3] o.s.a.r.c.CachingConnectionFactory       : Attempting to connect to: [localhost:5672]
2026-05-25T00:24:23.072+08:00 ERROR 23368 --- [store] [org.springframework.amqp.rabbit.RabbitListenerEndpointContainer#2-3] o.s.a.r.l.SimpleMessageListenerContainer : Failed to check/redeclare auto-delete queue(s).
2026-05-25T00:24:23.073+08:00  INFO 23368 --- [store] [org.springframework.amqp.rabbit.RabbitListenerEndpointContainer#1-3] o.s.a.r.c.CachingConnectionFactory       : Attempting to connect to: [localhost:5672]
2026-05-25T00:24:23.075+08:00 ERROR 23368 --- [store] [org.springframework.amqp.rabbit.RabbitListenerEndpointContainer#1-3] o.s.a.r.l.SimpleMessageListenerContainer : Failed to check/redeclare auto-delete queue(s).
2026-05-25T00:24:23.075+08:00  INFO 23368 --- [store] [org.springframework.amqp.rabbit.RabbitListenerEndpointContainer#0-3] o.s.a.r.c.CachingConnectionFactory       : Attempting to connect to: [localhost:5672]
2026-05-25T00:24:23.077+08:00  INFO 23368 --- [store] [org.springframework.amqp.rabbit.RabbitListenerEndpointContainer#2-3] o.s.a.r.c.CachingConnectionFactory       : Attempting to connect to: [localhost:5672]
2026-05-25T00:24:23.076+08:00 ERROR 23368 --- [store] [org.springframework.amqp.rabbit.RabbitListenerEndpointContainer#0-3] o.s.a.r.l.SimpleMessageListenerContainer : Failed to check/redeclare auto-delete queue(s).
2026-05-25T00:24:23.079+08:00  INFO 23368 --- [store] [org.springframework.amqp.rabbit.RabbitListenerEndpointContainer#1-3] o.s.a.r.c.CachingConnectionFactory       : Attempting to connect to: [localhost:5672]
2026-05-25T00:24:23.102+08:00  INFO 23368 --- [store] [org.springframework.amqp.rabbit.RabbitListenerEndpointContainer#0-3] o.s.a.r.c.CachingConnectionFactory       : Attempting to connect to: [localhost:5672]
2026-05-25T00:24:28.202+08:00  WARN 23368 --- [store] [org.springframework.amqp.rabbit.RabbitListenerEndpointContainer#2-3] o.s.a.r.l.SimpleMessageListenerContainer : Consumer raised exception, processing can restart if the connection factory supports it. Exception summary: org.springframework.amqp.AmqpConnectException: java.net.ConnectException: Connection refused: getsockopt
2026-05-25T00:24:28.202+08:00  INFO 23368 --- [store] [org.springframework.amqp.rabbit.RabbitListenerEndpointContainer#2-3] o.s.a.r.l.SimpleMessageListenerContainer : Restarting Consumer@a4f389: tags=[[]], channel=null, acknowledgeMode=AUTO local queue size=0
2026-05-25T00:24:28.205+08:00  INFO 23368 --- [store] [org.springframework.amqp.rabbit.RabbitListenerEndpointContainer#2-4] o.s.a.r.c.CachingConnectionFactory       : Attempting to connect to: [localhost:5672]
2026-05-25T00:24:28.208+08:00 ERROR 23368 --- [store] [org.springframework.amqp.rabbit.RabbitListenerEndpointContainer#2-4] o.s.a.r.l.SimpleMessageListenerContainer : Failed to check/redeclare auto-delete queue(s).
2026-05-25T00:24:28.208+08:00  INFO 23368 --- [store] [org.springframework.amqp.rabbit.RabbitListenerEndpointContainer#2-4] o.s.a.r.c.CachingConnectionFactory       : Attempting to connect to: [localhost:5672]
2026-05-25T00:24:28.258+08:00  WARN 23368 --- [store] [org.springframework.amqp.rabbit.RabbitListenerEndpointContainer#0-3] o.s.a.r.l.SimpleMessageListenerContainer : Consumer raised exception, processing can restart if the connection factory supports it. Exception summary: org.springframework.amqp.AmqpConnectException: java.net.ConnectException: Connection refused: getsockopt
2026-05-25T00:24:28.258+08:00  WARN 23368 --- [store] [org.springframework.amqp.rabbit.RabbitListenerEndpointContainer#1-3] o.s.a.r.l.SimpleMessageListenerContainer : Consumer raised exception, processing can restart if the connection factory supports it. Exception summary: org.springframework.amqp.AmqpConnectException: java.net.ConnectException: Connection refused: getsockopt
2026-05-25T00:24:28.258+08:00  INFO 23368 --- [store] [org.springframework.amqp.rabbit.RabbitListenerEndpointContainer#0-3] o.s.a.r.l.SimpleMessageListenerContainer : Restarting Consumer@d2c036c: tags=[[]], channel=null, acknowledgeMode=AUTO local queue size=0
2026-05-25T00:24:28.258+08:00  INFO 23368 --- [store] [org.springframework.amqp.rabbit.RabbitListenerEndpointContainer#1-3] o.s.a.r.l.SimpleMessageListenerContainer : Restarting Consumer@6d0fb160: tags=[[]], channel=null, acknowledgeMode=AUTO local queue size=0
2026-05-25T00:24:28.260+08:00  INFO 23368 --- [store] [org.springframework.amqp.rabbit.RabbitListenerEndpointContainer#0-4] o.s.a.r.c.CachingConnectionFactory       : Attempting to connect to: [localhost:5672]
2026-05-25T00:24:28.261+08:00 ERROR 23368 --- [store] [org.springframework.amqp.rabbit.RabbitListenerEndpointContainer#0-4] o.s.a.r.l.SimpleMessageListenerContainer : Failed to check/redeclare auto-delete queue(s).
2026-05-25T00:24:28.261+08:00  INFO 23368 --- [store] [org.springframework.amqp.rabbit.RabbitListenerEndpointContainer#1-4] o.s.a.r.c.CachingConnectionFactory       : Attempting to connect to: [localhost:5672]
2026-05-25T00:24:28.276+08:00 ERROR 23368 --- [store] [org.springframework.amqp.rabbit.RabbitListenerEndpointContainer#1-4] o.s.a.r.l.SimpleMessageListenerContainer : Failed to check/redeclare auto-delete queue(s).
2026-05-25T00:24:28.276+08:00  INFO 23368 --- [store] [org.springframework.amqp.rabbit.RabbitListenerEndpointContainer#0-4] o.s.a.r.c.CachingConnectionFactory       : Attempting to connect to: [localhost:5672]
2026-05-25T00:24:28.277+08:00  INFO 23368 --- [store] [org.springframework.amqp.rabbit.RabbitListenerEndpointContainer#1-4] o.s.a.r.c.CachingConnectionFactory       : Attempting to connect to: [localhost:5672]
2026-05-25T00:24:33.345+08:00  WARN 23368 --- [store] [org.springframework.amqp.rabbit.RabbitListenerEndpointContainer#2-4] o.s.a.r.l.SimpleMessageListenerContainer : Consumer raised exception, processing can restart if the connection factory supports it. Exception summary: org.springframework.amqp.AmqpConnectException: java.net.ConnectException: Connection refused: getsockopt
2026-05-25T00:24:33.346+08:00  INFO 23368 --- [store] [org.springframework.amqp.rabbit.RabbitListenerEndpointContainer#2-4] o.s.a.r.l.SimpleMessageListenerContainer : Restarting Consumer@425b36e6: tags=[[]], channel=null, acknowledgeMode=AUTO local queue size=0
2026-05-25T00:24:33.349+08:00  INFO 23368 --- [store] [org.springframework.amqp.rabbit.RabbitListenerEndpointContainer#2-5] o.s.a.r.c.CachingConnectionFactory       : Attempting to connect to: [localhost:5672]
2026-05-25T00:24:33.351+08:00 ERROR 23368 --- [store] [org.springframework.amqp.rabbit.RabbitListenerEndpointContainer#2-5] o.s.a.r.l.SimpleMessageListenerContainer : Failed to check/redeclare auto-delete queue(s).
2026-05-25T00:24:33.351+08:00  INFO 23368 --- [store] [org.springframework.amqp.rabbit.RabbitListenerEndpointContainer#2-5] o.s.a.r.c.CachingConnectionFactory       : Attempting to connect to: [localhost:5672]
2026-05-25T00:24:33.404+08:00  WARN 23368 --- [store] [org.springframework.amqp.rabbit.RabbitListenerEndpointContainer#1-4] o.s.a.r.l.SimpleMessageListenerContainer : Consumer raised exception, processing can restart if the connection factory supports it. Exception summary: org.springframework.amqp.AmqpConnectException: java.net.ConnectException: Connection refused: getsockopt
2026-05-25T00:24:33.404+08:00  WARN 23368 --- [store] [org.springframework.amqp.rabbit.RabbitListenerEndpointContainer#0-4] o.s.a.r.l.SimpleMessageListenerContainer : Consumer raised exception, processing can restart if the connection factory supports it. Exception summary: org.springframework.amqp.AmqpConnectException: java.net.ConnectException: Connection refused: getsockopt
2026-05-25T00:24:33.404+08:00  INFO 23368 --- [store] [org.springframework.amqp.rabbit.RabbitListenerEndpointContainer#1-4] o.s.a.r.l.SimpleMessageListenerContainer : Restarting Consumer@5a1cf7fb: tags=[[]], channel=null, acknowledgeMode=AUTO local queue size=0
2026-05-25T00:24:33.404+08:00  INFO 23368 --- [store] [org.springframework.amqp.rabbit.RabbitListenerEndpointContainer#0-4] o.s.a.r.l.SimpleMessageListenerContainer : Restarting Consumer@3bcbc2a9: tags=[[]], channel=null, acknowledgeMode=AUTO local queue size=0
2026-05-25T00:24:33.406+08:00  INFO 23368 --- [store] [org.springframework.amqp.rabbit.RabbitListenerEndpointContainer#0-5] o.s.a.r.c.CachingConnectionFactory       : Attempting to connect to: [localhost:5672]
2026-05-25T00:24:33.440+08:00 ERROR 23368 --- [store] [org.springframework.amqp.rabbit.RabbitListenerEndpointContainer#0-5] o.s.a.r.l.SimpleMessageListenerContainer : Failed to check/redeclare auto-delete queue(s).
2026-05-25T00:24:33.440+08:00  INFO 23368 --- [store] [org.springframework.amqp.rabbit.RabbitListenerEndpointContainer#1-5] o.s.a.r.c.CachingConnectionFactory       : Attempting to connect to: [localhost:5672]
2026-05-25T00:24:33.443+08:00 ERROR 23368 --- [store] [org.springframework.amqp.rabbit.RabbitListenerEndpointContainer#1-5] o.s.a.r.l.SimpleMessageListenerContainer : Failed to check/redeclare auto-delete queue(s).
2026-05-25T00:24:33.443+08:00  INFO 23368 --- [store] [org.springframework.amqp.rabbit.RabbitListenerEndpointContainer#0-5] o.s.a.r.c.CachingConnectionFactory       : Attempting to connect to: [localhost:5672]
2026-05-25T00:24:33.445+08:00  INFO 23368 --- [store] [org.springframework.amqp.rabbit.RabbitListenerEndpointContainer#1-5] o.s.a.r.c.CachingConnectionFactory       : Attempting to connect to: [localhost:5672]
2026-05-25T00:24:38.501+08:00  WARN 23368 --- [store] [org.springframework.amqp.rabbit.RabbitListenerEndpointContainer#2-5] o.s.a.r.l.SimpleMessageListenerContainer : Consumer raised exception, processing can restart if the connection factory supports it. Exception summary: org.springframework.amqp.AmqpConnectException: java.net.ConnectException: Connection refused: getsockopt
2026-05-25T00:24:38.502+08:00  INFO 23368 --- [store] [org.springframework.amqp.rabbit.RabbitListenerEndpointContainer#2-5] o.s.a.r.l.SimpleMessageListenerContainer : Restarting Consumer@28db7bd3: tags=[[]], channel=null, acknowledgeMode=AUTO local queue size=0
2026-05-25T00:24:38.504+08:00  INFO 23368 --- [store] [org.springframework.amqp.rabbit.RabbitListenerEndpointContainer#2-6] o.s.a.r.c.CachingConnectionFactory       : Attempting to connect to: [localhost:5672]
2026-05-25T00:24:38.505+08:00 ERROR 23368 --- [store] [org.springframework.amqp.rabbit.RabbitListenerEndpointContainer#2-6] o.s.a.r.l.SimpleMessageListenerContainer : Failed to check/redeclare auto-delete queue(s).
2026-05-25T00:24:38.505+08:00  INFO 23368 --- [store] [org.springframework.amqp.rabbit.RabbitListenerEndpointContainer#2-6] o.s.a.r.c.CachingConnectionFactory       : Attempting to connect to: [localhost:5672]
2026-05-25T00:24:38.593+08:00  WARN 23368 --- [store] [org.springframework.amqp.rabbit.RabbitListenerEndpointContainer#0-5] o.s.a.r.l.SimpleMessageListenerContainer : Consumer raised exception, processing can restart if the connection factory supports it. Exception summary: org.springframework.amqp.AmqpConnectException: java.net.ConnectException: Connection refused: getsockopt
2026-05-25T00:24:38.593+08:00  INFO 23368 --- [store] [org.springframework.amqp.rabbit.RabbitListenerEndpointContainer#0-5] o.s.a.r.l.SimpleMessageListenerContainer : Restarting Consumer@48714247: tags=[[]], channel=null, acknowledgeMode=AUTO local queue size=0
2026-05-25T00:24:38.596+08:00  INFO 23368 --- [store] [org.springframework.amqp.rabbit.RabbitListenerEndpointContainer#0-6] o.s.a.r.c.CachingConnectionFactory       : Attempting to connect to: [localhost:5672]
2026-05-25T00:24:38.613+08:00  WARN 23368 --- [store] [org.springframework.amqp.rabbit.RabbitListenerEndpointContainer#1-5] o.s.a.r.l.SimpleMessageListenerContainer : Consumer raised exception, processing can restart if the connection factory supports it. Exception summary: org.springframework.amqp.AmqpConnectException: java.net.ConnectException: Connection refused: getsockopt
2026-05-25T00:24:38.613+08:00  INFO 23368 --- [store] [org.springframework.amqp.rabbit.RabbitListenerEndpointContainer#1-5] o.s.a.r.l.SimpleMessageListenerContainer : Restarting Consumer@57062704: tags=[[]], channel=null, acknowledgeMode=AUTO local queue size=0
2026-05-25T00:24:38.613+08:00 ERROR 23368 --- [store] [org.springframework.amqp.rabbit.RabbitListenerEndpointContainer#0-6] o.s.a.r.l.SimpleMessageListenerContainer : Failed to check/redeclare auto-delete queue(s).
2026-05-25T00:24:38.613+08:00  INFO 23368 --- [store] [org.springframework.amqp.rabbit.RabbitListenerEndpointContainer#0-6] o.s.a.r.c.CachingConnectionFactory       : Attempting to connect to: [localhost:5672]
2026-05-25T00:24:38.633+08:00  INFO 23368 --- [store] [org.springframework.amqp.rabbit.RabbitListenerEndpointContainer#1-6] o.s.a.r.c.CachingConnectionFactory       : Attempting to connect to: [localhost:5672]
2026-05-25T00:24:38.636+08:00 ERROR 23368 --- [store] [org.springframework.amqp.rabbit.RabbitListenerEndpointContainer#1-6] o.s.a.r.l.SimpleMessageListenerContainer : Failed to check/redeclare auto-delete queue(s).
2026-05-25T00:24:38.636+08:00  INFO 23368 --- [store] [org.springframework.amqp.rabbit.RabbitListenerEndpointContainer#1-6] o.s.a.r.c.CachingConnectionFactory       : Attempting to connect to: [localhost:5672]
2026-05-25T00:24:43.657+08:00  WARN 23368 --- [store] [org.springframework.amqp.rabbit.RabbitListenerEndpointContainer#2-6] o.s.a.r.l.SimpleMessageListenerContainer : Consumer raised exception, processing can restart if the connection factory supports it. Exception summary: org.springframework.amqp.AmqpConnectException: java.net.ConnectException: Connection refused: getsockopt
2026-05-25T00:24:43.658+08:00  INFO 23368 --- [store] [org.springframework.amqp.rabbit.RabbitListenerEndpointContainer#2-6] o.s.a.r.l.SimpleMessageListenerContainer : Restarting Consumer@6443bf0d: tags=[[]], channel=null, acknowledgeMode=AUTO local queue size=0
2026-05-25T00:24:43.661+08:00  INFO 23368 --- [store] [org.springframework.amqp.rabbit.RabbitListenerEndpointContainer#2-7] o.s.a.r.c.CachingConnectionFactory       : Attempting to connect to: [localhost:5672]
2026-05-25T00:24:43.662+08:00 ERROR 23368 --- [store] [org.springframework.amqp.rabbit.RabbitListenerEndpointContainer#2-7] o.s.a.r.l.SimpleMessageListenerContainer : Failed to check/redeclare auto-delete queue(s).
2026-05-25T00:24:43.662+08:00  INFO 23368 --- [store] [org.springframework.amqp.rabbit.RabbitListenerEndpointContainer#2-7] o.s.a.r.c.CachingConnectionFactory       : Attempting to connect to: [localhost:5672]
2026-05-25T00:24:43.791+08:00  WARN 23368 --- [store] [org.springframework.amqp.rabbit.RabbitListenerEndpointContainer#0-6] o.s.a.r.l.SimpleMessageListenerContainer : Consumer raised exception, processing can restart if the connection factory supports it. Exception summary: org.springframework.amqp.AmqpConnectException: java.net.ConnectException: Connection refused: getsockopt
2026-05-25T00:24:43.791+08:00  WARN 23368 --- [store] [org.springframework.amqp.rabbit.RabbitListenerEndpointContainer#1-6] o.s.a.r.l.SimpleMessageListenerContainer : Consumer raised exception, processing can restart if the connection factory supports it. Exception summary: org.springframework.amqp.AmqpConnectException: java.net.ConnectException: Connection refused: getsockopt
2026-05-25T00:24:43.792+08:00  INFO 23368 --- [store] [org.springframework.amqp.rabbit.RabbitListenerEndpointContainer#1-6] o.s.a.r.l.SimpleMessageListenerContainer : Restarting Consumer@5de522af: tags=[[]], channel=null, acknowledgeMode=AUTO local queue size=0
2026-05-25T00:24:43.792+08:00  INFO 23368 --- [store] [org.springframework.amqp.rabbit.RabbitListenerEndpointContainer#0-6] o.s.a.r.l.SimpleMessageListenerContainer : Restarting Consumer@1776ed53: tags=[[]], channel=null, acknowledgeMode=AUTO local queue size=0
2026-05-25T00:24:43.794+08:00  INFO 23368 --- [store] [org.springframework.amqp.rabbit.RabbitListenerEndpointContainer#1-7] o.s.a.r.c.CachingConnectionFactory       : Attempting to connect to: [localhost:5672]
2026-05-25T00:24:43.809+08:00 ERROR 23368 --- [store] [org.springframework.amqp.rabbit.RabbitListenerEndpointContainer#1-7] o.s.a.r.l.SimpleMessageListenerContainer : Failed to check/redeclare auto-delete queue(s).
2026-05-25T00:24:43.809+08:00  INFO 23368 --- [store] [org.springframework.amqp.rabbit.RabbitListenerEndpointContainer#0-7] o.s.a.r.c.CachingConnectionFactory       : Attempting to connect to: [localhost:5672]
2026-05-25T00:24:43.833+08:00  INFO 23368 --- [store] [org.springframework.amqp.rabbit.RabbitListenerEndpointContainer#1-7] o.s.a.r.c.CachingConnectionFactory       : Attempting to connect to: [localhost:5672]
2026-05-25T00:24:43.833+08:00 ERROR 23368 --- [store] [org.springframework.amqp.rabbit.RabbitListenerEndpointContainer#0-7] o.s.a.r.l.SimpleMessageListenerContainer : Failed to check/redeclare auto-delete queue(s).
2026-05-25T00:24:43.863+08:00  INFO 23368 --- [store] [org.springframework.amqp.rabbit.RabbitListenerEndpointContainer#0-7] o.s.a.r.c.CachingConnectionFactory       : Attempting to connect to: [localhost:5672]
2026-05-25T00:24:48.823+08:00  WARN 23368 --- [store] [org.springframework.amqp.rabbit.RabbitListenerEndpointContainer#2-7] o.s.a.r.l.SimpleMessageListenerContainer : Consumer raised exception, processing can restart if the connection factory supports it. Exception summary: org.springframework.amqp.AmqpConnectException: java.net.ConnectException: Connection refused: getsockopt
2026-05-25T00:24:48.824+08:00  INFO 23368 --- [store] [org.springframework.amqp.rabbit.RabbitListenerEndpointContainer#2-7] o.s.a.r.l.SimpleMessageListenerContainer : Restarting Consumer@7aa811f7: tags=[[]], channel=null, acknowledgeMode=AUTO local queue size=0
2026-05-25T00:24:48.826+08:00  INFO 23368 --- [store] [org.springframework.amqp.rabbit.RabbitListenerEndpointContainer#2-8] o.s.a.r.c.CachingConnectionFactory       : Attempting to connect to: [localhost:5672]
2026-05-25T00:24:48.832+08:00 ERROR 23368 --- [store] [org.springframework.amqp.rabbit.RabbitListenerEndpointContainer#2-8] o.s.a.r.l.SimpleMessageListenerContainer : Failed to check/redeclare auto-delete queue(s).
2026-05-25T00:24:48.832+08:00  INFO 23368 --- [store] [org.springframework.amqp.rabbit.RabbitListenerEndpointContainer#2-8] o.s.a.r.c.CachingConnectionFactory       : Attempting to connect to: [localhost:5672]
2026-05-25T00:24:48.985+08:00  WARN 23368 --- [store] [org.springframework.amqp.rabbit.RabbitListenerEndpointContainer#1-7] o.s.a.r.l.SimpleMessageListenerContainer : Consumer raised exception, processing can restart if the connection factory supports it. Exception summary: org.springframework.amqp.AmqpConnectException: java.net.ConnectException: Connection refused: getsockopt
2026-05-25T00:24:48.987+08:00  INFO 23368 --- [store] [org.springframework.amqp.rabbit.RabbitListenerEndpointContainer#1-7] o.s.a.r.l.SimpleMessageListenerContainer : Restarting Consumer@7fa7aebe: tags=[[]], channel=null, acknowledgeMode=AUTO local queue size=0
2026-05-25T00:24:48.990+08:00  INFO 23368 --- [store] [org.springframework.amqp.rabbit.RabbitListenerEndpointContainer#1-8] o.s.a.r.c.CachingConnectionFactory       : Attempting to connect to: [localhost:5672]
2026-05-25T00:24:48.993+08:00 ERROR 23368 --- [store] [org.springframework.amqp.rabbit.RabbitListenerEndpointContainer#1-8] o.s.a.r.l.SimpleMessageListenerContainer : Failed to check/redeclare auto-delete queue(s).
2026-05-25T00:24:48.994+08:00  INFO 23368 --- [store] [org.springframework.amqp.rabbit.RabbitListenerEndpointContainer#1-8] o.s.a.r.c.CachingConnectionFactory       : Attempting to connect to: [localhost:5672]
2026-05-25T00:24:49.032+08:00  WARN 23368 --- [store] [org.springframework.amqp.rabbit.RabbitListenerEndpointContainer#0-7] o.s.a.r.l.SimpleMessageListenerContainer : Consumer raised exception, processing can restart if the connection factory supports it. Exception summary: org.springframework.amqp.AmqpConnectException: java.net.ConnectException: Connection refused: getsockopt
2026-05-25T00:24:49.032+08:00  INFO 23368 --- [store] [org.springframework.amqp.rabbit.RabbitListenerEndpointContainer#0-7] o.s.a.r.l.SimpleMessageListenerContainer : Restarting Consumer@d03eda8: tags=[[]], channel=null, acknowledgeMode=AUTO local queue size=0
2026-05-25T00:24:49.034+08:00  INFO 23368 --- [store] [org.springframework.amqp.rabbit.RabbitListenerEndpointContainer#0-8] o.s.a.r.c.CachingConnectionFactory       : Attempting to connect to: [localhost:5672]
2026-05-25T00:24:49.068+08:00 ERROR 23368 --- [store] [org.springframework.amqp.rabbit.RabbitListenerEndpointContainer#0-8] o.s.a.r.l.SimpleMessageListenerContainer : Failed to check/redeclare auto-delete queue(s).
2026-05-25T00:24:49.068+08:00  INFO 23368 --- [store] [org.springframework.amqp.rabbit.RabbitListenerEndpointContainer#0-8] o.s.a.r.c.CachingConnectionFactory       : Attempting to connect to: [localhost:5672]
2026-05-25T00:24:53.984+08:00  WARN 23368 --- [store] [org.springframework.amqp.rabbit.RabbitListenerEndpointContainer#2-8] o.s.a.r.l.SimpleMessageListenerContainer : Consumer raised exception, processing can restart if the connection factory supports it. Exception summary: org.springframework.amqp.AmqpConnectException: java.net.ConnectException: Connection refused: getsockopt
2026-05-25T00:24:53.984+08:00  INFO 23368 --- [store] [org.springframework.amqp.rabbit.RabbitListenerEndpointContainer#2-8] o.s.a.r.l.SimpleMessageListenerContainer : Restarting Consumer@b7271c5: tags=[[]], channel=null, acknowledgeMode=AUTO local queue size=0
2026-05-25T00:24:53.986+08:00  INFO 23368 --- [store] [org.springframework.amqp.rabbit.RabbitListenerEndpointContainer#2-9] o.s.a.r.c.CachingConnectionFactory       : Attempting to connect to: [localhost:5672]
2026-05-25T00:24:53.987+08:00 ERROR 23368 --- [store] [org.springframework.amqp.rabbit.RabbitListenerEndpointContainer#2-9] o.s.a.r.l.SimpleMessageListenerContainer : Failed to check/redeclare auto-delete queue(s).
2026-05-25T00:24:53.987+08:00  INFO 23368 --- [store] [org.springframework.amqp.rabbit.RabbitListenerEndpointContainer#2-9] o.s.a.r.c.CachingConnectionFactory       : Attempting to connect to: [localhost:5672]
2026-05-25T00:24:54.150+08:00  WARN 23368 --- [store] [org.springframework.amqp.rabbit.RabbitListenerEndpointContainer#1-8] o.s.a.r.l.SimpleMessageListenerContainer : Consumer raised exception, processing can restart if the connection factory supports it. Exception summary: org.springframework.amqp.AmqpConnectException: java.net.ConnectException: Connection refused: getsockopt
2026-05-25T00:24:54.150+08:00  INFO 23368 --- [store] [org.springframework.amqp.rabbit.RabbitListenerEndpointContainer#1-8] o.s.a.r.l.SimpleMessageListenerContainer : Restarting Consumer@4d2f9bbd: tags=[[]], channel=null, acknowledgeMode=AUTO local queue size=0
2026-05-25T00:24:54.151+08:00  INFO 23368 --- [store] [org.springframework.amqp.rabbit.RabbitListenerEndpointContainer#1-9] o.s.a.r.c.CachingConnectionFactory       : Attempting to connect to: [localhost:5672]
2026-05-25T00:24:54.153+08:00 ERROR 23368 --- [store] [org.springframework.amqp.rabbit.RabbitListenerEndpointContainer#1-9] o.s.a.r.l.SimpleMessageListenerContainer : Failed to check/redeclare auto-delete queue(s).
2026-05-25T00:24:54.153+08:00  INFO 23368 --- [store] [org.springframework.amqp.rabbit.RabbitListenerEndpointContainer#1-9] o.s.a.r.c.CachingConnectionFactory       : Attempting to connect to: [localhost:5672]
2026-05-25T00:24:54.209+08:00  WARN 23368 --- [store] [org.springframework.amqp.rabbit.RabbitListenerEndpointContainer#0-8] o.s.a.r.l.SimpleMessageListenerContainer : Consumer raised exception, processing can restart if the connection factory supports it. Exception summary: org.springframework.amqp.AmqpConnectException: java.net.ConnectException: Connection refused: getsockopt
2026-05-25T00:24:54.209+08:00  INFO 23368 --- [store] [org.springframework.amqp.rabbit.RabbitListenerEndpointContainer#0-8] o.s.a.r.l.SimpleMessageListenerContainer : Restarting Consumer@48eeb1cd: tags=[[]], channel=null, acknowledgeMode=AUTO local queue size=0
2026-05-25T00:24:54.211+08:00  INFO 23368 --- [store] [org.springframework.amqp.rabbit.RabbitListenerEndpointContainer#0-9] o.s.a.r.c.CachingConnectionFactory       : Attempting to connect to: [localhost:5672]
2026-05-25T00:24:54.238+08:00 ERROR 23368 --- [store] [org.springframework.amqp.rabbit.RabbitListenerEndpointContainer#0-9] o.s.a.r.l.SimpleMessageListenerContainer : Failed to check/redeclare auto-delete queue(s).
2026-05-25T00:24:54.238+08:00  INFO 23368 --- [store] [org.springframework.amqp.rabbit.RabbitListenerEndpointContainer#0-9] o.s.a.r.c.CachingConnectionFactory       : Attempting to connect to: [localhost:5672]
2026-05-25T00:24:59.156+08:00  WARN 23368 --- [store] [org.springframework.amqp.rabbit.RabbitListenerEndpointContainer#2-9] o.s.a.r.l.SimpleMessageListenerContainer : Consumer raised exception, processing can restart if the connection factory supports it. Exception summary: org.springframework.amqp.AmqpConnectException: java.net.ConnectException: Connection refused: getsockopt
2026-05-25T00:24:59.156+08:00  INFO 23368 --- [store] [org.springframework.amqp.rabbit.RabbitListenerEndpointContainer#2-9] o.s.a.r.l.SimpleMessageListenerContainer : Restarting Consumer@4ebb5951: tags=[[]], channel=null, acknowledgeMode=AUTO local queue size=0
2026-05-25T00:24:59.159+08:00  INFO 23368 --- [store] [org.springframework.amqp.rabbit.RabbitListenerEndpointContainer#2-10] o.s.a.r.c.CachingConnectionFactory       : Attempting to connect to: [localhost:5672]
2026-05-25T00:24:59.161+08:00 ERROR 23368 --- [store] [org.springframework.amqp.rabbit.RabbitListenerEndpointContainer#2-10] o.s.a.r.l.SimpleMessageListenerContainer : Failed to check/redeclare auto-delete queue(s).
2026-05-25T00:24:59.161+08:00  INFO 23368 --- [store] [org.springframework.amqp.rabbit.RabbitListenerEndpointContainer#2-10] o.s.a.r.c.CachingConnectionFactory       : Attempting to connect to: [localhost:5672]
2026-05-25T00:24:59.301+08:00  WARN 23368 --- [store] [org.springframework.amqp.rabbit.RabbitListenerEndpointContainer#1-9] o.s.a.r.l.SimpleMessageListenerContainer : Consumer raised exception, processing can restart if the connection factory supports it. Exception summary: org.springframework.amqp.AmqpConnectException: java.net.ConnectException: Connection refused: getsockopt
2026-05-25T00:24:59.302+08:00  INFO 23368 --- [store] [org.springframework.amqp.rabbit.RabbitListenerEndpointContainer#1-9] o.s.a.r.l.SimpleMessageListenerContainer : Restarting Consumer@202bb0ba: tags=[[]], channel=null, acknowledgeMode=AUTO local queue size=0
2026-05-25T00:24:59.304+08:00  INFO 23368 --- [store] [org.springframework.amqp.rabbit.RabbitListenerEndpointContainer#1-10] o.s.a.r.c.CachingConnectionFactory       : Attempting to connect to: [localhost:5672]
2026-05-25T00:24:59.306+08:00 ERROR 23368 --- [store] [org.springframework.amqp.rabbit.RabbitListenerEndpointContainer#1-10] o.s.a.r.l.SimpleMessageListenerContainer : Failed to check/redeclare auto-delete queue(s).
2026-05-25T00:24:59.306+08:00  INFO 23368 --- [store] [org.springframework.amqp.rabbit.RabbitListenerEndpointContainer#1-10] o.s.a.r.c.CachingConnectionFactory       : Attempting to connect to: [localhost:5672]
2026-05-25T00:24:59.380+08:00  WARN 23368 --- [store] [org.springframework.amqp.rabbit.RabbitListenerEndpointContainer#0-9] o.s.a.r.l.SimpleMessageListenerContainer : Consumer raised exception, processing can restart if the connection factory supports it. Exception summary: org.springframework.amqp.AmqpConnectException: java.net.ConnectException: Connection refused: getsockopt
2026-05-25T00:24:59.381+08:00  INFO 23368 --- [store] [org.springframework.amqp.rabbit.RabbitListenerEndpointContainer#0-9] o.s.a.r.l.SimpleMessageListenerContainer : Restarting Consumer@610a971a: tags=[[]], channel=null, acknowledgeMode=AUTO local queue size=0
2026-05-25T00:24:59.383+08:00  INFO 23368 --- [store] [org.springframework.amqp.rabbit.RabbitListenerEndpointContainer#0-10] o.s.a.r.c.CachingConnectionFactory       : Attempting to connect to: [localhost:5672]
2026-05-25T00:24:59.411+08:00 ERROR 23368 --- [store] [org.springframework.amqp.rabbit.RabbitListenerEndpointContainer#0-10] o.s.a.r.l.SimpleMessageListenerContainer : Failed to check/redeclare auto-delete queue(s).
2026-05-25T00:24:59.411+08:00  INFO 23368 --- [store] [org.springframework.amqp.rabbit.RabbitListenerEndpointContainer#0-10] o.s.a.r.c.CachingConnectionFactory       : Attempting to connect to: [localhost:5672]
2026-05-25T00:25:04.291+08:00  WARN 23368 --- [store] [org.springframework.amqp.rabbit.RabbitListenerEndpointContainer#2-10] o.s.a.r.l.SimpleMessageListenerContainer : Consumer raised exception, processing can restart if the connection factory supports it. Exception summary: org.springframework.amqp.AmqpConnectException: java.net.ConnectException: Connection refused: getsockopt
2026-05-25T00:25:04.291+08:00  INFO 23368 --- [store] [org.springframework.amqp.rabbit.RabbitListenerEndpointContainer#2-10] o.s.a.r.l.SimpleMessageListenerContainer : Restarting Consumer@1d5a8b2: tags=[[]], channel=null, acknowledgeMode=AUTO local queue size=0
2026-05-25T00:25:04.291+08:00  INFO 23368 --- [store] [org.springframework.amqp.rabbit.RabbitListenerEndpointContainer#2-11] o.s.a.r.c.CachingConnectionFactory       : Attempting to connect to: [localhost:5672]
2026-05-25T00:25:04.332+08:00 ERROR 23368 --- [store] [org.springframework.amqp.rabbit.RabbitListenerEndpointContainer#2-11] o.s.a.r.l.SimpleMessageListenerContainer : Failed to check/redeclare auto-delete queue(s).
2026-05-25T00:25:04.332+08:00  INFO 23368 --- [store] [org.springframework.amqp.rabbit.RabbitListenerEndpointContainer#2-11] o.s.a.r.c.CachingConnectionFactory       : Attempting to connect to: [localhost:5672]
2026-05-25T00:25:04.432+08:00  WARN 23368 --- [store] [org.springframework.amqp.rabbit.RabbitListenerEndpointContainer#1-10] o.s.a.r.l.SimpleMessageListenerContainer : Consumer raised exception, processing can restart if the connection factory supports it. Exception summary: org.springframework.amqp.AmqpConnectException: java.net.ConnectException: Connection refused: getsockopt
2026-05-25T00:25:04.432+08:00  INFO 23368 --- [store] [org.springframework.amqp.rabbit.RabbitListenerEndpointContainer#1-10] o.s.a.r.l.SimpleMessageListenerContainer : Restarting Consumer@6cd9fdd4: tags=[[]], channel=null, acknowledgeMode=AUTO local queue size=0
2026-05-25T00:25:04.433+08:00  INFO 23368 --- [store] [org.springframework.amqp.rabbit.RabbitListenerEndpointContainer#1-11] o.s.a.r.c.CachingConnectionFactory       : Attempting to connect to: [localhost:5672]
2026-05-25T00:25:04.452+08:00 ERROR 23368 --- [store] [org.springframework.amqp.rabbit.RabbitListenerEndpointContainer#1-11] o.s.a.r.l.SimpleMessageListenerContainer : Failed to check/redeclare auto-delete queue(s).
2026-05-25T00:25:04.452+08:00  INFO 23368 --- [store] [org.springframework.amqp.rabbit.RabbitListenerEndpointContainer#1-11] o.s.a.r.c.CachingConnectionFactory       : Attempting to connect to: [localhost:5672]
2026-05-25T00:25:04.552+08:00  WARN 23368 --- [store] [org.springframework.amqp.rabbit.RabbitListenerEndpointContainer#0-10] o.s.a.r.l.SimpleMessageListenerContainer : Consumer raised exception, processing can restart if the connection factory supports it. Exception summary: org.springframework.amqp.AmqpConnectException: java.net.ConnectException: Connection refused: getsockopt
2026-05-25T00:25:04.552+08:00  INFO 23368 --- [store] [org.springframework.amqp.rabbit.RabbitListenerEndpointContainer#0-10] o.s.a.r.l.SimpleMessageListenerContainer : Restarting Consumer@1e51b946: tags=[[]], channel=null, acknowledgeMode=AUTO local queue size=0
2026-05-25T00:25:04.553+08:00  INFO 23368 --- [store] [org.springframework.amqp.rabbit.RabbitListenerEndpointContainer#0-11] o.s.a.r.c.CachingConnectionFactory       : Attempting to connect to: [localhost:5672]
2026-05-25T00:25:04.573+08:00 ERROR 23368 --- [store] [org.springframework.amqp.rabbit.RabbitListenerEndpointContainer#0-11] o.s.a.r.l.SimpleMessageListenerContainer : Failed to check/redeclare auto-delete queue(s).
2026-05-25T00:25:04.574+08:00  INFO 23368 --- [store] [org.springframework.amqp.rabbit.RabbitListenerEndpointContainer#0-11] o.s.a.r.c.CachingConnectionFactory       : Attempting to connect to: [localhost:5672]
2026-05-25T00:25:09.513+08:00  WARN 23368 --- [store] [org.springframework.amqp.rabbit.RabbitListenerEndpointContainer#2-11] o.s.a.r.l.SimpleMessageListenerContainer : Consumer raised exception, processing can restart if the connection factory supports it. Exception summary: org.springframework.amqp.AmqpConnectException: java.net.ConnectException: Connection refused: getsockopt
2026-05-25T00:25:09.516+08:00  INFO 23368 --- [store] [org.springframework.amqp.rabbit.RabbitListenerEndpointContainer#2-11] o.s.a.r.l.SimpleMessageListenerContainer : Restarting Consumer@7266e5c8: tags=[[]], channel=null, acknowledgeMode=AUTO local queue size=0
2026-05-25T00:25:09.520+08:00  INFO 23368 --- [store] [org.springframework.amqp.rabbit.RabbitListenerEndpointContainer#2-12] o.s.a.r.c.CachingConnectionFactory       : Attempting to connect to: [localhost:5672]
2026-05-25T00:25:09.521+08:00 ERROR 23368 --- [store] [org.springframework.amqp.rabbit.RabbitListenerEndpointContainer#2-12] o.s.a.r.l.SimpleMessageListenerContainer : Failed to check/redeclare auto-delete queue(s).
2026-05-25T00:25:09.521+08:00  INFO 23368 --- [store] [org.springframework.amqp.rabbit.RabbitListenerEndpointContainer#2-12] o.s.a.r.c.CachingConnectionFactory       : Attempting to connect to: [localhost:5672]
2026-05-25T00:25:09.616+08:00  WARN 23368 --- [store] [org.springframework.amqp.rabbit.RabbitListenerEndpointContainer#1-11] o.s.a.r.l.SimpleMessageListenerContainer : Consumer raised exception, processing can restart if the connection factory supports it. Exception summary: org.springframework.amqp.AmqpConnectException: java.net.ConnectException: Connection refused: getsockopt
2026-05-25T00:25:09.619+08:00  INFO 23368 --- [store] [org.springframework.amqp.rabbit.RabbitListenerEndpointContainer#1-11] o.s.a.r.l.SimpleMessageListenerContainer : Restarting Consumer@2a3198b9: tags=[[]], channel=null, acknowledgeMode=AUTO local queue size=0
2026-05-25T00:25:09.622+08:00  INFO 23368 --- [store] [org.springframework.amqp.rabbit.RabbitListenerEndpointContainer#1-12] o.s.a.r.c.CachingConnectionFactory       : Attempting to connect to: [localhost:5672]
2026-05-25T00:25:09.625+08:00 ERROR 23368 --- [store] [org.springframework.amqp.rabbit.RabbitListenerEndpointContainer#1-12] o.s.a.r.l.SimpleMessageListenerContainer : Failed to check/redeclare auto-delete queue(s).
2026-05-25T00:25:09.625+08:00  INFO 23368 --- [store] [org.springframework.amqp.rabbit.RabbitListenerEndpointContainer#1-12] o.s.a.r.c.CachingConnectionFactory       : Attempting to connect to: [localhost:5672]
2026-05-25T00:25:09.715+08:00  WARN 23368 --- [store] [org.springframework.amqp.rabbit.RabbitListenerEndpointContainer#0-11] o.s.a.r.l.SimpleMessageListenerContainer : Consumer raised exception, processing can restart if the connection factory supports it. Exception summary: org.springframework.amqp.AmqpConnectException: java.net.ConnectException: Connection refused: getsockopt
2026-05-25T00:25:09.715+08:00  INFO 23368 --- [store] [org.springframework.amqp.rabbit.RabbitListenerEndpointContainer#0-11] o.s.a.r.l.SimpleMessageListenerContainer : Restarting Consumer@59844600: tags=[[]], channel=null, acknowledgeMode=AUTO local queue size=0
2026-05-25T00:25:09.719+08:00  INFO 23368 --- [store] [org.springframework.amqp.rabbit.RabbitListenerEndpointContainer#0-12] o.s.a.r.c.CachingConnectionFactory       : Attempting to connect to: [localhost:5672]
2026-05-25T00:25:09.741+08:00 ERROR 23368 --- [store] [org.springframework.amqp.rabbit.RabbitListenerEndpointContainer#0-12] o.s.a.r.l.SimpleMessageListenerContainer : Failed to check/redeclare auto-delete queue(s).
2026-05-25T00:25:09.742+08:00  INFO 23368 --- [store] [org.springframework.amqp.rabbit.RabbitListenerEndpointContainer#0-12] o.s.a.r.c.CachingConnectionFactory       : Attempting to connect to: [localhost:5672]
2026-05-25T00:25:14.740+08:00  WARN 23368 --- [store] [org.springframework.amqp.rabbit.RabbitListenerEndpointContainer#1-12] o.s.a.r.l.SimpleMessageListenerContainer : Consumer raised exception, processing can restart if the connection factory supports it. Exception summary: org.springframework.amqp.AmqpConnectException: java.net.ConnectException: Connection refused: getsockopt
2026-05-25T00:25:14.740+08:00  INFO 23368 --- [store] [org.springframework.amqp.rabbit.RabbitListenerEndpointContainer#1-12] o.s.a.r.l.SimpleMessageListenerContainer : Restarting Consumer@6f18b90d: tags=[[]], channel=null, acknowledgeMode=AUTO local queue size=0
2026-05-25T00:25:14.740+08:00  WARN 23368 --- [store] [org.springframework.amqp.rabbit.RabbitListenerEndpointContainer#2-12] o.s.a.r.l.SimpleMessageListenerContainer : Consumer raised exception, processing can restart if the connection factory supports it. Exception summary: org.springframework.amqp.AmqpConnectException: java.net.ConnectException: Connection refused: getsockopt
2026-05-25T00:25:14.740+08:00  INFO 23368 --- [store] [org.springframework.amqp.rabbit.RabbitListenerEndpointContainer#2-12] o.s.a.r.l.SimpleMessageListenerContainer : Restarting Consumer@2e6433f9: tags=[[]], channel=null, acknowledgeMode=AUTO local queue size=0
2026-05-25T00:25:14.743+08:00  INFO 23368 --- [store] [org.springframework.amqp.rabbit.RabbitListenerEndpointContainer#1-13] o.s.a.r.c.CachingConnectionFactory       : Attempting to connect to: [localhost:5672]
2026-05-25T00:25:14.760+08:00 ERROR 23368 --- [store] [org.springframework.amqp.rabbit.RabbitListenerEndpointContainer#1-13] o.s.a.r.l.SimpleMessageListenerContainer : Failed to check/redeclare auto-delete queue(s).
2026-05-25T00:25:14.760+08:00  INFO 23368 --- [store] [org.springframework.amqp.rabbit.RabbitListenerEndpointContainer#2-13] o.s.a.r.c.CachingConnectionFactory       : Attempting to connect to: [localhost:5672]
2026-05-25T00:25:14.760+08:00 ERROR 23368 --- [store] [org.springframework.amqp.rabbit.RabbitListenerEndpointContainer#2-13] o.s.a.r.l.SimpleMessageListenerContainer : Failed to check/redeclare auto-delete queue(s).
2026-05-25T00:25:14.762+08:00  INFO 23368 --- [store] [org.springframework.amqp.rabbit.RabbitListenerEndpointContainer#1-13] o.s.a.r.c.CachingConnectionFactory       : Attempting to connect to: [localhost:5672]
2026-05-25T00:25:14.763+08:00  INFO 23368 --- [store] [org.springframework.amqp.rabbit.RabbitListenerEndpointContainer#2-13] o.s.a.r.c.CachingConnectionFactory       : Attempting to connect to: [localhost:5672]
2026-05-25T00:25:14.896+08:00  WARN 23368 --- [store] [org.springframework.amqp.rabbit.RabbitListenerEndpointContainer#0-12] o.s.a.r.l.SimpleMessageListenerContainer : Consumer raised exception, processing can restart if the connection factory supports it. Exception summary: org.springframework.amqp.AmqpConnectException: java.net.ConnectException: Connection refused: getsockopt
2026-05-25T00:25:14.896+08:00  INFO 23368 --- [store] [org.springframework.amqp.rabbit.RabbitListenerEndpointContainer#0-12] o.s.a.r.l.SimpleMessageListenerContainer : Restarting Consumer@2af33645: tags=[[]], channel=null, acknowledgeMode=AUTO local queue size=0
2026-05-25T00:25:14.900+08:00  INFO 23368 --- [store] [org.springframework.amqp.rabbit.RabbitListenerEndpointContainer#0-13] o.s.a.r.c.CachingConnectionFactory       : Attempting to connect to: [localhost:5672]
2026-05-25T00:25:14.901+08:00 ERROR 23368 --- [store] [org.springframework.amqp.rabbit.RabbitListenerEndpointContainer#0-13] o.s.a.r.l.SimpleMessageListenerContainer : Failed to check/redeclare auto-delete queue(s).
2026-05-25T00:25:14.901+08:00  INFO 23368 --- [store] [org.springframework.amqp.rabbit.RabbitListenerEndpointContainer#0-13] o.s.a.r.c.CachingConnectionFactory       : Attempting to connect to: [localhost:5672]
2026-05-25T00:25:19.894+08:00  WARN 23368 --- [store] [org.springframework.amqp.rabbit.RabbitListenerEndpointContainer#1-13] o.s.a.r.l.SimpleMessageListenerContainer : Consumer raised exception, processing can restart if the connection factory supports it. Exception summary: org.springframework.amqp.AmqpConnectException: java.net.ConnectException: Connection refused: getsockopt
2026-05-25T00:25:19.894+08:00  INFO 23368 --- [store] [org.springframework.amqp.rabbit.RabbitListenerEndpointContainer#1-13] o.s.a.r.l.SimpleMessageListenerContainer : Restarting Consumer@4fdd4f42: tags=[[]], channel=null, acknowledgeMode=AUTO local queue size=0
2026-05-25T00:25:19.896+08:00  INFO 23368 --- [store] [org.springframework.amqp.rabbit.RabbitListenerEndpointContainer#1-14] o.s.a.r.c.CachingConnectionFactory       : Attempting to connect to: [localhost:5672]
2026-05-25T00:25:19.912+08:00 ERROR 23368 --- [store] [org.springframework.amqp.rabbit.RabbitListenerEndpointContainer#1-14] o.s.a.r.l.SimpleMessageListenerContainer : Failed to check/redeclare auto-delete queue(s).
2026-05-25T00:25:19.913+08:00  INFO 23368 --- [store] [org.springframework.amqp.rabbit.RabbitListenerEndpointContainer#1-14] o.s.a.r.c.CachingConnectionFactory       : Attempting to connect to: [localhost:5672]
2026-05-25T00:25:19.920+08:00  WARN 23368 --- [store] [org.springframework.amqp.rabbit.RabbitListenerEndpointContainer#2-13] o.s.a.r.l.SimpleMessageListenerContainer : Consumer raised exception, processing can restart if the connection factory supports it. Exception summary: org.springframework.amqp.AmqpConnectException: java.net.ConnectException: Connection refused: getsockopt
2026-05-25T00:25:19.920+08:00  INFO 23368 --- [store] [org.springframework.amqp.rabbit.RabbitListenerEndpointContainer#2-13] o.s.a.r.l.SimpleMessageListenerContainer : Restarting Consumer@40c3cf4: tags=[[]], channel=null, acknowledgeMode=AUTO local queue size=0
2026-05-25T00:25:19.923+08:00  INFO 23368 --- [store] [org.springframework.amqp.rabbit.RabbitListenerEndpointContainer#2-14] o.s.a.r.c.CachingConnectionFactory       : Attempting to connect to: [localhost:5672]
2026-05-25T00:25:19.940+08:00 ERROR 23368 --- [store] [org.springframework.amqp.rabbit.RabbitListenerEndpointContainer#2-14] o.s.a.r.l.SimpleMessageListenerContainer : Failed to check/redeclare auto-delete queue(s).
2026-05-25T00:25:19.940+08:00  INFO 23368 --- [store] [org.springframework.amqp.rabbit.RabbitListenerEndpointContainer#2-14] o.s.a.r.c.CachingConnectionFactory       : Attempting to connect to: [localhost:5672]
2026-05-25T00:25:20.063+08:00  WARN 23368 --- [store] [org.springframework.amqp.rabbit.RabbitListenerEndpointContainer#0-13] o.s.a.r.l.SimpleMessageListenerContainer : Consumer raised exception, processing can restart if the connection factory supports it. Exception summary: org.springframework.amqp.AmqpConnectException: java.net.ConnectException: Connection refused: getsockopt
2026-05-25T00:25:20.063+08:00  INFO 23368 --- [store] [org.springframework.amqp.rabbit.RabbitListenerEndpointContainer#0-13] o.s.a.r.l.SimpleMessageListenerContainer : Restarting Consumer@1b2afcce: tags=[[]], channel=null, acknowledgeMode=AUTO local queue size=0
2026-05-25T00:25:20.065+08:00  INFO 23368 --- [store] [org.springframework.amqp.rabbit.RabbitListenerEndpointContainer#0-14] o.s.a.r.c.CachingConnectionFactory       : Attempting to connect to: [localhost:5672]
2026-05-25T00:25:20.073+08:00 ERROR 23368 --- [store] [org.springframework.amqp.rabbit.RabbitListenerEndpointContainer#0-14] o.s.a.r.l.SimpleMessageListenerContainer : Failed to check/redeclare auto-delete queue(s).
2026-05-25T00:25:20.073+08:00  INFO 23368 --- [store] [org.springframework.amqp.rabbit.RabbitListenerEndpointContainer#0-14] o.s.a.r.c.CachingConnectionFactory       : Attempting to connect to: [localhost:5672]
2026-05-25T00:25:25.087+08:00  WARN 23368 --- [store] [org.springframework.amqp.rabbit.RabbitListenerEndpointContainer#1-14] o.s.a.r.l.SimpleMessageListenerContainer : Consumer raised exception, processing can restart if the connection factory supports it

org.springframework.amqp.AmqpIOException: java.io.IOException
	at org.springframework.amqp.rabbit.support.RabbitExceptionTranslator.convertRabbitAccessException(RabbitExceptionTranslator.java:70) ~[spring-rabbit-3.1.11.jar:3.1.11]
	at org.springframework.amqp.rabbit.connection.AbstractConnectionFactory.createBareConnection(AbstractConnectionFactory.java:623) ~[spring-rabbit-3.1.11.jar:3.1.11]
	at org.springframework.amqp.rabbit.connection.CachingConnectionFactory.createConnection(CachingConnectionFactory.java:726) ~[spring-rabbit-3.1.11.jar:3.1.11]
	at org.springframework.amqp.rabbit.connection.ConnectionFactoryUtils.createConnection(ConnectionFactoryUtils.java:257) ~[spring-rabbit-3.1.11.jar:3.1.11]
	at org.springframework.amqp.rabbit.connection.ConnectionFactoryUtils$RabbitResourceFactory.createConnection(ConnectionFactoryUtils.java:345) ~[spring-rabbit-3.1.11.jar:3.1.11]
	at org.springframework.amqp.rabbit.connection.ConnectionFactoryUtils.doGetTransactionalResourceHolder(ConnectionFactoryUtils.java:140) ~[spring-rabbit-3.1.11.jar:3.1.11]
	at org.springframework.amqp.rabbit.connection.ConnectionFactoryUtils.getTransactionalResourceHolder(ConnectionFactoryUtils.java:102) ~[spring-rabbit-3.1.11.jar:3.1.11]
	at org.springframework.amqp.rabbit.connection.ConnectionFactoryUtils.getTransactionalResourceHolder(ConnectionFactoryUtils.java:85) ~[spring-rabbit-3.1.11.jar:3.1.11]
	at org.springframework.amqp.rabbit.listener.BlockingQueueConsumer.start(BlockingQueueConsumer.java:626) ~[spring-rabbit-3.1.11.jar:3.1.11]
	at org.springframework.amqp.rabbit.listener.SimpleMessageListenerContainer$AsyncMessageProcessingConsumer.initialize(SimpleMessageListenerContainer.java:1478) ~[spring-rabbit-3.1.11.jar:3.1.11]
	at org.springframework.amqp.rabbit.listener.SimpleMessageListenerContainer$AsyncMessageProcessingConsumer.run(SimpleMessageListenerContainer.java:1318) ~[spring-rabbit-3.1.11.jar:3.1.11]
	at java.base/java.lang.Thread.run(Thread.java:1575) ~[na:na]
Caused by: java.io.IOException: null
	at com.rabbitmq.client.impl.AMQChannel.wrap(AMQChannel.java:140) ~[amqp-client-5.21.0.jar:5.21.0]
	at com.rabbitmq.client.impl.AMQChannel.wrap(AMQChannel.java:136) ~[amqp-client-5.21.0.jar:5.21.0]
	at com.rabbitmq.client.impl.AMQConnection.start(AMQConnection.java:406) ~[amqp-client-5.21.0.jar:5.21.0]
	at com.rabbitmq.client.ConnectionFactory.newConnection(ConnectionFactory.java:1251) ~[amqp-client-5.21.0.jar:5.21.0]
	at com.rabbitmq.client.ConnectionFactory.newConnection(ConnectionFactory.java:1198) ~[amqp-client-5.21.0.jar:5.21.0]
	at org.springframework.amqp.rabbit.connection.AbstractConnectionFactory.connectAddresses(AbstractConnectionFactory.java:669) ~[spring-rabbit-3.1.11.jar:3.1.11]
	at org.springframework.amqp.rabbit.connection.AbstractConnectionFactory.connect(AbstractConnectionFactory.java:638) ~[spring-rabbit-3.1.11.jar:3.1.11]
	at org.springframework.amqp.rabbit.connection.AbstractConnectionFactory.createBareConnection(AbstractConnectionFactory.java:585) ~[spring-rabbit-3.1.11.jar:3.1.11]
	... 10 common frames omitted
Caused by: com.rabbitmq.client.ShutdownSignalException: connection error
	at com.rabbitmq.utility.ValueOrException.getValue(ValueOrException.java:66) ~[amqp-client-5.21.0.jar:5.21.0]
	at com.rabbitmq.utility.BlockingValueOrException.uninterruptibleGetValue(BlockingValueOrException.java:36) ~[amqp-client-5.21.0.jar:5.21.0]
	at com.rabbitmq.client.impl.AMQChannel$BlockingRpcContinuation.getReply(AMQChannel.java:552) ~[amqp-client-5.21.0.jar:5.21.0]
	at com.rabbitmq.client.impl.AMQConnection.start(AMQConnection.java:336) ~[amqp-client-5.21.0.jar:5.21.0]
	... 15 common frames omitted
Caused by: java.io.EOFException: null
	at java.base/java.io.DataInputStream.readUnsignedByte(DataInputStream.java:297) ~[na:na]
	at com.rabbitmq.client.impl.Frame.readFrom(Frame.java:91) ~[amqp-client-5.21.0.jar:5.21.0]
	at com.rabbitmq.client.impl.SocketFrameHandler.readFrame(SocketFrameHandler.java:199) ~[amqp-client-5.21.0.jar:5.21.0]
	at com.rabbitmq.client.impl.AMQConnection$MainLoop.run(AMQConnection.java:687) ~[amqp-client-5.21.0.jar:5.21.0]
	... 1 common frames omitted

2026-05-25T00:25:25.087+08:00  INFO 23368 --- [store] [org.springframework.amqp.rabbit.RabbitListenerEndpointContainer#1-14] o.s.a.r.l.SimpleMessageListenerContainer : Restarting Consumer@25d24cbd: tags=[[]], channel=null, acknowledgeMode=AUTO local queue size=0
2026-05-25T00:25:25.089+08:00  INFO 23368 --- [store] [org.springframework.amqp.rabbit.RabbitListenerEndpointContainer#1-15] o.s.a.r.c.CachingConnectionFactory       : Attempting to connect to: [localhost:5672]
2026-05-25T00:25:25.095+08:00 ERROR 23368 --- [store] [org.springframework.amqp.rabbit.RabbitListenerEndpointContainer#1-15] o.s.a.r.l.SimpleMessageListenerContainer : Failed to check/redeclare auto-delete queue(s).
2026-05-25T00:25:25.095+08:00  INFO 23368 --- [store] [org.springframework.amqp.rabbit.RabbitListenerEndpointContainer#1-15] o.s.a.r.c.CachingConnectionFactory       : Attempting to connect to: [localhost:5672]
2026-05-25T00:25:25.106+08:00  WARN 23368 --- [store] [org.springframework.amqp.rabbit.RabbitListenerEndpointContainer#2-14] o.s.a.r.l.SimpleMessageListenerContainer : Consumer raised exception, processing can restart if the connection factory supports it

org.springframework.amqp.AmqpIOException: java.io.IOException
	at org.springframework.amqp.rabbit.support.RabbitExceptionTranslator.convertRabbitAccessException(RabbitExceptionTranslator.java:70) ~[spring-rabbit-3.1.11.jar:3.1.11]
	at org.springframework.amqp.rabbit.connection.AbstractConnectionFactory.createBareConnection(AbstractConnectionFactory.java:623) ~[spring-rabbit-3.1.11.jar:3.1.11]
	at org.springframework.amqp.rabbit.connection.CachingConnectionFactory.createConnection(CachingConnectionFactory.java:726) ~[spring-rabbit-3.1.11.jar:3.1.11]
	at org.springframework.amqp.rabbit.connection.ConnectionFactoryUtils.createConnection(ConnectionFactoryUtils.java:257) ~[spring-rabbit-3.1.11.jar:3.1.11]
	at org.springframework.amqp.rabbit.connection.ConnectionFactoryUtils$RabbitResourceFactory.createConnection(ConnectionFactoryUtils.java:345) ~[spring-rabbit-3.1.11.jar:3.1.11]
	at org.springframework.amqp.rabbit.connection.ConnectionFactoryUtils.doGetTransactionalResourceHolder(ConnectionFactoryUtils.java:140) ~[spring-rabbit-3.1.11.jar:3.1.11]
	at org.springframework.amqp.rabbit.connection.ConnectionFactoryUtils.getTransactionalResourceHolder(ConnectionFactoryUtils.java:102) ~[spring-rabbit-3.1.11.jar:3.1.11]
	at org.springframework.amqp.rabbit.connection.ConnectionFactoryUtils.getTransactionalResourceHolder(ConnectionFactoryUtils.java:85) ~[spring-rabbit-3.1.11.jar:3.1.11]
	at org.springframework.amqp.rabbit.listener.BlockingQueueConsumer.start(BlockingQueueConsumer.java:626) ~[spring-rabbit-3.1.11.jar:3.1.11]
	at org.springframework.amqp.rabbit.listener.SimpleMessageListenerContainer$AsyncMessageProcessingConsumer.initialize(SimpleMessageListenerContainer.java:1478) ~[spring-rabbit-3.1.11.jar:3.1.11]
	at org.springframework.amqp.rabbit.listener.SimpleMessageListenerContainer$AsyncMessageProcessingConsumer.run(SimpleMessageListenerContainer.java:1318) ~[spring-rabbit-3.1.11.jar:3.1.11]
	at java.base/java.lang.Thread.run(Thread.java:1575) ~[na:na]
Caused by: java.io.IOException: null
	at com.rabbitmq.client.impl.AMQChannel.wrap(AMQChannel.java:140) ~[amqp-client-5.21.0.jar:5.21.0]
	at com.rabbitmq.client.impl.AMQChannel.wrap(AMQChannel.java:136) ~[amqp-client-5.21.0.jar:5.21.0]
	at com.rabbitmq.client.impl.AMQConnection.start(AMQConnection.java:406) ~[amqp-client-5.21.0.jar:5.21.0]
	at com.rabbitmq.client.ConnectionFactory.newConnection(ConnectionFactory.java:1251) ~[amqp-client-5.21.0.jar:5.21.0]
	at com.rabbitmq.client.ConnectionFactory.newConnection(ConnectionFactory.java:1198) ~[amqp-client-5.21.0.jar:5.21.0]
	at org.springframework.amqp.rabbit.connection.AbstractConnectionFactory.connectAddresses(AbstractConnectionFactory.java:669) ~[spring-rabbit-3.1.11.jar:3.1.11]
	at org.springframework.amqp.rabbit.connection.AbstractConnectionFactory.connect(AbstractConnectionFactory.java:638) ~[spring-rabbit-3.1.11.jar:3.1.11]
	at org.springframework.amqp.rabbit.connection.AbstractConnectionFactory.createBareConnection(AbstractConnectionFactory.java:585) ~[spring-rabbit-3.1.11.jar:3.1.11]
	... 10 common frames omitted
Caused by: com.rabbitmq.client.ShutdownSignalException: connection error
	at com.rabbitmq.utility.ValueOrException.getValue(ValueOrException.java:66) ~[amqp-client-5.21.0.jar:5.21.0]
	at com.rabbitmq.utility.BlockingValueOrException.uninterruptibleGetValue(BlockingValueOrException.java:36) ~[amqp-client-5.21.0.jar:5.21.0]
	at com.rabbitmq.client.impl.AMQChannel$BlockingRpcContinuation.getReply(AMQChannel.java:552) ~[amqp-client-5.21.0.jar:5.21.0]
	at com.rabbitmq.client.impl.AMQConnection.start(AMQConnection.java:336) ~[amqp-client-5.21.0.jar:5.21.0]
	... 15 common frames omitted
Caused by: java.io.EOFException: null
	at java.base/java.io.DataInputStream.readUnsignedByte(DataInputStream.java:297) ~[na:na]
	at com.rabbitmq.client.impl.Frame.readFrom(Frame.java:91) ~[amqp-client-5.21.0.jar:5.21.0]
	at com.rabbitmq.client.impl.SocketFrameHandler.readFrame(SocketFrameHandler.java:199) ~[amqp-client-5.21.0.jar:5.21.0]
	at com.rabbitmq.client.impl.AMQConnection$MainLoop.run(AMQConnection.java:687) ~[amqp-client-5.21.0.jar:5.21.0]
	... 1 common frames omitted

2026-05-25T00:25:25.108+08:00  INFO 23368 --- [store] [org.springframework.amqp.rabbit.RabbitListenerEndpointContainer#2-14] o.s.a.r.l.SimpleMessageListenerContainer : Restarting Consumer@122aa98a: tags=[[]], channel=null, acknowledgeMode=AUTO local queue size=0
2026-05-25T00:25:25.109+08:00  INFO 23368 --- [store] [org.springframework.amqp.rabbit.RabbitListenerEndpointContainer#2-15] o.s.a.r.c.CachingConnectionFactory       : Attempting to connect to: [localhost:5672]
2026-05-25T00:25:25.123+08:00 ERROR 23368 --- [store] [org.springframework.amqp.rabbit.RabbitListenerEndpointContainer#2-15] o.s.a.r.l.SimpleMessageListenerContainer : Failed to check/redeclare auto-delete queue(s).
2026-05-25T00:25:25.123+08:00  INFO 23368 --- [store] [org.springframework.amqp.rabbit.RabbitListenerEndpointContainer#2-15] o.s.a.r.c.CachingConnectionFactory       : Attempting to connect to: [localhost:5672]
2026-05-25T00:25:25.208+08:00  WARN 23368 --- [store] [org.springframework.amqp.rabbit.RabbitListenerEndpointContainer#0-14] o.s.a.r.l.SimpleMessageListenerContainer : Consumer raised exception, processing can restart if the connection factory supports it

org.springframework.amqp.AmqpIOException: java.io.IOException
	at org.springframework.amqp.rabbit.support.RabbitExceptionTranslator.convertRabbitAccessException(RabbitExceptionTranslator.java:70) ~[spring-rabbit-3.1.11.jar:3.1.11]
	at org.springframework.amqp.rabbit.connection.AbstractConnectionFactory.createBareConnection(AbstractConnectionFactory.java:623) ~[spring-rabbit-3.1.11.jar:3.1.11]
	at org.springframework.amqp.rabbit.connection.CachingConnectionFactory.createConnection(CachingConnectionFactory.java:726) ~[spring-rabbit-3.1.11.jar:3.1.11]
	at org.springframework.amqp.rabbit.connection.ConnectionFactoryUtils.createConnection(ConnectionFactoryUtils.java:257) ~[spring-rabbit-3.1.11.jar:3.1.11]
	at org.springframework.amqp.rabbit.connection.ConnectionFactoryUtils$RabbitResourceFactory.createConnection(ConnectionFactoryUtils.java:345) ~[spring-rabbit-3.1.11.jar:3.1.11]
	at org.springframework.amqp.rabbit.connection.ConnectionFactoryUtils.doGetTransactionalResourceHolder(ConnectionFactoryUtils.java:140) ~[spring-rabbit-3.1.11.jar:3.1.11]
	at org.springframework.amqp.rabbit.connection.ConnectionFactoryUtils.getTransactionalResourceHolder(ConnectionFactoryUtils.java:102) ~[spring-rabbit-3.1.11.jar:3.1.11]
	at org.springframework.amqp.rabbit.connection.ConnectionFactoryUtils.getTransactionalResourceHolder(ConnectionFactoryUtils.java:85) ~[spring-rabbit-3.1.11.jar:3.1.11]
	at org.springframework.amqp.rabbit.listener.BlockingQueueConsumer.start(BlockingQueueConsumer.java:626) ~[spring-rabbit-3.1.11.jar:3.1.11]
	at org.springframework.amqp.rabbit.listener.SimpleMessageListenerContainer$AsyncMessageProcessingConsumer.initialize(SimpleMessageListenerContainer.java:1478) ~[spring-rabbit-3.1.11.jar:3.1.11]
	at org.springframework.amqp.rabbit.listener.SimpleMessageListenerContainer$AsyncMessageProcessingConsumer.run(SimpleMessageListenerContainer.java:1318) ~[spring-rabbit-3.1.11.jar:3.1.11]
	at java.base/java.lang.Thread.run(Thread.java:1575) ~[na:na]
Caused by: java.io.IOException: null
	at com.rabbitmq.client.impl.AMQChannel.wrap(AMQChannel.java:140) ~[amqp-client-5.21.0.jar:5.21.0]
	at com.rabbitmq.client.impl.AMQChannel.wrap(AMQChannel.java:136) ~[amqp-client-5.21.0.jar:5.21.0]
	at com.rabbitmq.client.impl.AMQConnection.start(AMQConnection.java:406) ~[amqp-client-5.21.0.jar:5.21.0]
	at com.rabbitmq.client.ConnectionFactory.newConnection(ConnectionFactory.java:1251) ~[amqp-client-5.21.0.jar:5.21.0]
	at com.rabbitmq.client.ConnectionFactory.newConnection(ConnectionFactory.java:1198) ~[amqp-client-5.21.0.jar:5.21.0]
	at org.springframework.amqp.rabbit.connection.AbstractConnectionFactory.connectAddresses(AbstractConnectionFactory.java:669) ~[spring-rabbit-3.1.11.jar:3.1.11]
	at org.springframework.amqp.rabbit.connection.AbstractConnectionFactory.connect(AbstractConnectionFactory.java:638) ~[spring-rabbit-3.1.11.jar:3.1.11]
	at org.springframework.amqp.rabbit.connection.AbstractConnectionFactory.createBareConnection(AbstractConnectionFactory.java:585) ~[spring-rabbit-3.1.11.jar:3.1.11]
	... 10 common frames omitted
Caused by: com.rabbitmq.client.ShutdownSignalException: connection error
	at com.rabbitmq.utility.ValueOrException.getValue(ValueOrException.java:66) ~[amqp-client-5.21.0.jar:5.21.0]
	at com.rabbitmq.utility.BlockingValueOrException.uninterruptibleGetValue(BlockingValueOrException.java:36) ~[amqp-client-5.21.0.jar:5.21.0]
	at com.rabbitmq.client.impl.AMQChannel$BlockingRpcContinuation.getReply(AMQChannel.java:552) ~[amqp-client-5.21.0.jar:5.21.0]
	at com.rabbitmq.client.impl.AMQConnection.start(AMQConnection.java:336) ~[amqp-client-5.21.0.jar:5.21.0]
	... 15 common frames omitted
Caused by: java.io.EOFException: null
	at java.base/java.io.DataInputStream.readUnsignedByte(DataInputStream.java:297) ~[na:na]
	at com.rabbitmq.client.impl.Frame.readFrom(Frame.java:91) ~[amqp-client-5.21.0.jar:5.21.0]
	at com.rabbitmq.client.impl.SocketFrameHandler.readFrame(SocketFrameHandler.java:199) ~[amqp-client-5.21.0.jar:5.21.0]
	at com.rabbitmq.client.impl.AMQConnection$MainLoop.run(AMQConnection.java:687) ~[amqp-client-5.21.0.jar:5.21.0]
	... 1 common frames omitted

2026-05-25T00:25:25.208+08:00  INFO 23368 --- [store] [org.springframework.amqp.rabbit.RabbitListenerEndpointContainer#0-14] o.s.a.r.l.SimpleMessageListenerContainer : Restarting Consumer@65d92885: tags=[[]], channel=null, acknowledgeMode=AUTO local queue size=0
2026-05-25T00:25:25.210+08:00  INFO 23368 --- [store] [org.springframework.amqp.rabbit.RabbitListenerEndpointContainer#0-15] o.s.a.r.c.CachingConnectionFactory       : Attempting to connect to: [localhost:5672]
2026-05-25T00:25:25.220+08:00 ERROR 23368 --- [store] [org.springframework.amqp.rabbit.RabbitListenerEndpointContainer#0-15] o.s.a.r.l.SimpleMessageListenerContainer : Failed to check/redeclare auto-delete queue(s).
2026-05-25T00:25:25.220+08:00  INFO 23368 --- [store] [org.springframework.amqp.rabbit.RabbitListenerEndpointContainer#0-15] o.s.a.r.c.CachingConnectionFactory       : Attempting to connect to: [localhost:5672]
2026-05-25T00:25:30.193+08:00  WARN 23368 --- [store] [org.springframework.amqp.rabbit.RabbitListenerEndpointContainer#1-15] o.s.a.r.l.SimpleMessageListenerContainer : Consumer raised exception, processing can restart if the connection factory supports it

org.springframework.amqp.AmqpIOException: java.io.IOException
	at org.springframework.amqp.rabbit.support.RabbitExceptionTranslator.convertRabbitAccessException(RabbitExceptionTranslator.java:70) ~[spring-rabbit-3.1.11.jar:3.1.11]
	at org.springframework.amqp.rabbit.connection.AbstractConnectionFactory.createBareConnection(AbstractConnectionFactory.java:623) ~[spring-rabbit-3.1.11.jar:3.1.11]
	at org.springframework.amqp.rabbit.connection.CachingConnectionFactory.createConnection(CachingConnectionFactory.java:726) ~[spring-rabbit-3.1.11.jar:3.1.11]
	at org.springframework.amqp.rabbit.connection.ConnectionFactoryUtils.createConnection(ConnectionFactoryUtils.java:257) ~[spring-rabbit-3.1.11.jar:3.1.11]
	at org.springframework.amqp.rabbit.connection.ConnectionFactoryUtils$RabbitResourceFactory.createConnection(ConnectionFactoryUtils.java:345) ~[spring-rabbit-3.1.11.jar:3.1.11]
	at org.springframework.amqp.rabbit.connection.ConnectionFactoryUtils.doGetTransactionalResourceHolder(ConnectionFactoryUtils.java:140) ~[spring-rabbit-3.1.11.jar:3.1.11]
	at org.springframework.amqp.rabbit.connection.ConnectionFactoryUtils.getTransactionalResourceHolder(ConnectionFactoryUtils.java:102) ~[spring-rabbit-3.1.11.jar:3.1.11]
	at org.springframework.amqp.rabbit.connection.ConnectionFactoryUtils.getTransactionalResourceHolder(ConnectionFactoryUtils.java:85) ~[spring-rabbit-3.1.11.jar:3.1.11]
	at org.springframework.amqp.rabbit.listener.BlockingQueueConsumer.start(BlockingQueueConsumer.java:626) ~[spring-rabbit-3.1.11.jar:3.1.11]
	at org.springframework.amqp.rabbit.listener.SimpleMessageListenerContainer$AsyncMessageProcessingConsumer.initialize(SimpleMessageListenerContainer.java:1478) ~[spring-rabbit-3.1.11.jar:3.1.11]
	at org.springframework.amqp.rabbit.listener.SimpleMessageListenerContainer$AsyncMessageProcessingConsumer.run(SimpleMessageListenerContainer.java:1318) ~[spring-rabbit-3.1.11.jar:3.1.11]
	at java.base/java.lang.Thread.run(Thread.java:1575) ~[na:na]
Caused by: java.io.IOException: null
	at com.rabbitmq.client.impl.AMQChannel.wrap(AMQChannel.java:140) ~[amqp-client-5.21.0.jar:5.21.0]
	at com.rabbitmq.client.impl.AMQChannel.wrap(AMQChannel.java:136) ~[amqp-client-5.21.0.jar:5.21.0]
	at com.rabbitmq.client.impl.AMQConnection.start(AMQConnection.java:406) ~[amqp-client-5.21.0.jar:5.21.0]
	at com.rabbitmq.client.ConnectionFactory.newConnection(ConnectionFactory.java:1251) ~[amqp-client-5.21.0.jar:5.21.0]
	at com.rabbitmq.client.ConnectionFactory.newConnection(ConnectionFactory.java:1198) ~[amqp-client-5.21.0.jar:5.21.0]
	at org.springframework.amqp.rabbit.connection.AbstractConnectionFactory.connectAddresses(AbstractConnectionFactory.java:669) ~[spring-rabbit-3.1.11.jar:3.1.11]
	at org.springframework.amqp.rabbit.connection.AbstractConnectionFactory.connect(AbstractConnectionFactory.java:638) ~[spring-rabbit-3.1.11.jar:3.1.11]
	at org.springframework.amqp.rabbit.connection.AbstractConnectionFactory.createBareConnection(AbstractConnectionFactory.java:585) ~[spring-rabbit-3.1.11.jar:3.1.11]
	... 10 common frames omitted
Caused by: com.rabbitmq.client.ShutdownSignalException: connection error
	at com.rabbitmq.utility.ValueOrException.getValue(ValueOrException.java:66) ~[amqp-client-5.21.0.jar:5.21.0]
	at com.rabbitmq.utility.BlockingValueOrException.uninterruptibleGetValue(BlockingValueOrException.java:36) ~[amqp-client-5.21.0.jar:5.21.0]
	at com.rabbitmq.client.impl.AMQChannel$BlockingRpcContinuation.getReply(AMQChannel.java:552) ~[amqp-client-5.21.0.jar:5.21.0]
	at com.rabbitmq.client.impl.AMQConnection.start(AMQConnection.java:336) ~[amqp-client-5.21.0.jar:5.21.0]
	... 15 common frames omitted
Caused by: java.io.EOFException: null
	at java.base/java.io.DataInputStream.readUnsignedByte(DataInputStream.java:297) ~[na:na]
	at com.rabbitmq.client.impl.Frame.readFrom(Frame.java:91) ~[amqp-client-5.21.0.jar:5.21.0]
	at com.rabbitmq.client.impl.SocketFrameHandler.readFrame(SocketFrameHandler.java:199) ~[amqp-client-5.21.0.jar:5.21.0]
	at com.rabbitmq.client.impl.AMQConnection$MainLoop.run(AMQConnection.java:687) ~[amqp-client-5.21.0.jar:5.21.0]
	... 1 common frames omitted

2026-05-25T00:25:30.193+08:00  INFO 23368 --- [store] [org.springframework.amqp.rabbit.RabbitListenerEndpointContainer#1-15] o.s.a.r.l.SimpleMessageListenerContainer : Restarting Consumer@1d099369: tags=[[]], channel=null, acknowledgeMode=AUTO local queue size=0
2026-05-25T00:25:30.196+08:00  INFO 23368 --- [store] [org.springframework.amqp.rabbit.RabbitListenerEndpointContainer#1-16] o.s.a.r.c.CachingConnectionFactory       : Attempting to connect to: [localhost:5672]
2026-05-25T00:25:30.207+08:00  INFO 23368 --- [store] [org.springframework.amqp.rabbit.RabbitListenerEndpointContainer#1-16] o.s.a.r.c.CachingConnectionFactory       : Created new connection: rabbitConnectionFactory#2c2edbe7:85/SimpleConnection@17cd302c [delegate=amqp://guest@127.0.0.1:5672/, localPort=32868]
2026-05-25T00:25:30.293+08:00  WARN 23368 --- [store] [org.springframework.amqp.rabbit.RabbitListenerEndpointContainer#2-15] o.s.a.r.l.SimpleMessageListenerContainer : Consumer raised exception, processing can restart if the connection factory supports it

org.springframework.amqp.AmqpIOException: java.io.IOException
	at org.springframework.amqp.rabbit.support.RabbitExceptionTranslator.convertRabbitAccessException(RabbitExceptionTranslator.java:70) ~[spring-rabbit-3.1.11.jar:3.1.11]
	at org.springframework.amqp.rabbit.connection.AbstractConnectionFactory.createBareConnection(AbstractConnectionFactory.java:623) ~[spring-rabbit-3.1.11.jar:3.1.11]
	at org.springframework.amqp.rabbit.connection.CachingConnectionFactory.createConnection(CachingConnectionFactory.java:726) ~[spring-rabbit-3.1.11.jar:3.1.11]
	at org.springframework.amqp.rabbit.connection.ConnectionFactoryUtils.createConnection(ConnectionFactoryUtils.java:257) ~[spring-rabbit-3.1.11.jar:3.1.11]
	at org.springframework.amqp.rabbit.connection.ConnectionFactoryUtils$RabbitResourceFactory.createConnection(ConnectionFactoryUtils.java:345) ~[spring-rabbit-3.1.11.jar:3.1.11]
	at org.springframework.amqp.rabbit.connection.ConnectionFactoryUtils.doGetTransactionalResourceHolder(ConnectionFactoryUtils.java:140) ~[spring-rabbit-3.1.11.jar:3.1.11]
	at org.springframework.amqp.rabbit.connection.ConnectionFactoryUtils.getTransactionalResourceHolder(ConnectionFactoryUtils.java:102) ~[spring-rabbit-3.1.11.jar:3.1.11]
	at org.springframework.amqp.rabbit.connection.ConnectionFactoryUtils.getTransactionalResourceHolder(ConnectionFactoryUtils.java:85) ~[spring-rabbit-3.1.11.jar:3.1.11]
	at org.springframework.amqp.rabbit.listener.BlockingQueueConsumer.start(BlockingQueueConsumer.java:626) ~[spring-rabbit-3.1.11.jar:3.1.11]
	at org.springframework.amqp.rabbit.listener.SimpleMessageListenerContainer$AsyncMessageProcessingConsumer.initialize(SimpleMessageListenerContainer.java:1478) ~[spring-rabbit-3.1.11.jar:3.1.11]
	at org.springframework.amqp.rabbit.listener.SimpleMessageListenerContainer$AsyncMessageProcessingConsumer.run(SimpleMessageListenerContainer.java:1318) ~[spring-rabbit-3.1.11.jar:3.1.11]
	at java.base/java.lang.Thread.run(Thread.java:1575) ~[na:na]
Caused by: java.io.IOException: null
	at com.rabbitmq.client.impl.AMQChannel.wrap(AMQChannel.java:140) ~[amqp-client-5.21.0.jar:5.21.0]
	at com.rabbitmq.client.impl.AMQChannel.wrap(AMQChannel.java:136) ~[amqp-client-5.21.0.jar:5.21.0]
	at com.rabbitmq.client.impl.AMQConnection.start(AMQConnection.java:406) ~[amqp-client-5.21.0.jar:5.21.0]
	at com.rabbitmq.client.ConnectionFactory.newConnection(ConnectionFactory.java:1251) ~[amqp-client-5.21.0.jar:5.21.0]
	at com.rabbitmq.client.ConnectionFactory.newConnection(ConnectionFactory.java:1198) ~[amqp-client-5.21.0.jar:5.21.0]
	at org.springframework.amqp.rabbit.connection.AbstractConnectionFactory.connectAddresses(AbstractConnectionFactory.java:669) ~[spring-rabbit-3.1.11.jar:3.1.11]
	at org.springframework.amqp.rabbit.connection.AbstractConnectionFactory.connect(AbstractConnectionFactory.java:638) ~[spring-rabbit-3.1.11.jar:3.1.11]
	at org.springframework.amqp.rabbit.connection.AbstractConnectionFactory.createBareConnection(AbstractConnectionFactory.java:585) ~[spring-rabbit-3.1.11.jar:3.1.11]
	... 10 common frames omitted
Caused by: com.rabbitmq.client.ShutdownSignalException: connection error
	at com.rabbitmq.utility.ValueOrException.getValue(ValueOrException.java:66) ~[amqp-client-5.21.0.jar:5.21.0]
	at com.rabbitmq.utility.BlockingValueOrException.uninterruptibleGetValue(BlockingValueOrException.java:36) ~[amqp-client-5.21.0.jar:5.21.0]
	at com.rabbitmq.client.impl.AMQChannel$BlockingRpcContinuation.getReply(AMQChannel.java:552) ~[amqp-client-5.21.0.jar:5.21.0]
	at com.rabbitmq.client.impl.AMQConnection.start(AMQConnection.java:336) ~[amqp-client-5.21.0.jar:5.21.0]
	... 15 common frames omitted
Caused by: java.io.EOFException: null
	at java.base/java.io.DataInputStream.readUnsignedByte(DataInputStream.java:297) ~[na:na]
	at com.rabbitmq.client.impl.Frame.readFrom(Frame.java:91) ~[amqp-client-5.21.0.jar:5.21.0]
	at com.rabbitmq.client.impl.SocketFrameHandler.readFrame(SocketFrameHandler.java:199) ~[amqp-client-5.21.0.jar:5.21.0]
	at com.rabbitmq.client.impl.AMQConnection$MainLoop.run(AMQConnection.java:687) ~[amqp-client-5.21.0.jar:5.21.0]
	... 1 common frames omitted

2026-05-25T00:25:30.294+08:00  INFO 23368 --- [store] [org.springframework.amqp.rabbit.RabbitListenerEndpointContainer#2-15] o.s.a.r.l.SimpleMessageListenerContainer : Restarting Consumer@13dedf7e: tags=[[]], channel=null, acknowledgeMode=AUTO local queue size=0
2026-05-25T00:25:30.378+08:00  WARN 23368 --- [store] [org.springframework.amqp.rabbit.RabbitListenerEndpointContainer#0-15] o.s.a.r.l.SimpleMessageListenerContainer : Consumer raised exception, processing can restart if the connection factory supports it

org.springframework.amqp.AmqpIOException: java.io.IOException
	at org.springframework.amqp.rabbit.support.RabbitExceptionTranslator.convertRabbitAccessException(RabbitExceptionTranslator.java:70) ~[spring-rabbit-3.1.11.jar:3.1.11]
	at org.springframework.amqp.rabbit.connection.AbstractConnectionFactory.createBareConnection(AbstractConnectionFactory.java:623) ~[spring-rabbit-3.1.11.jar:3.1.11]
	at org.springframework.amqp.rabbit.connection.CachingConnectionFactory.createConnection(CachingConnectionFactory.java:726) ~[spring-rabbit-3.1.11.jar:3.1.11]
	at org.springframework.amqp.rabbit.connection.ConnectionFactoryUtils.createConnection(ConnectionFactoryUtils.java:257) ~[spring-rabbit-3.1.11.jar:3.1.11]
	at org.springframework.amqp.rabbit.connection.ConnectionFactoryUtils$RabbitResourceFactory.createConnection(ConnectionFactoryUtils.java:345) ~[spring-rabbit-3.1.11.jar:3.1.11]
	at org.springframework.amqp.rabbit.connection.ConnectionFactoryUtils.doGetTransactionalResourceHolder(ConnectionFactoryUtils.java:140) ~[spring-rabbit-3.1.11.jar:3.1.11]
	at org.springframework.amqp.rabbit.connection.ConnectionFactoryUtils.getTransactionalResourceHolder(ConnectionFactoryUtils.java:102) ~[spring-rabbit-3.1.11.jar:3.1.11]
	at org.springframework.amqp.rabbit.connection.ConnectionFactoryUtils.getTransactionalResourceHolder(ConnectionFactoryUtils.java:85) ~[spring-rabbit-3.1.11.jar:3.1.11]
	at org.springframework.amqp.rabbit.listener.BlockingQueueConsumer.start(BlockingQueueConsumer.java:626) ~[spring-rabbit-3.1.11.jar:3.1.11]
	at org.springframework.amqp.rabbit.listener.SimpleMessageListenerContainer$AsyncMessageProcessingConsumer.initialize(SimpleMessageListenerContainer.java:1478) ~[spring-rabbit-3.1.11.jar:3.1.11]
	at org.springframework.amqp.rabbit.listener.SimpleMessageListenerContainer$AsyncMessageProcessingConsumer.run(SimpleMessageListenerContainer.java:1318) ~[spring-rabbit-3.1.11.jar:3.1.11]
	at java.base/java.lang.Thread.run(Thread.java:1575) ~[na:na]
Caused by: java.io.IOException: null
	at com.rabbitmq.client.impl.AMQChannel.wrap(AMQChannel.java:140) ~[amqp-client-5.21.0.jar:5.21.0]
	at com.rabbitmq.client.impl.AMQChannel.wrap(AMQChannel.java:136) ~[amqp-client-5.21.0.jar:5.21.0]
	at com.rabbitmq.client.impl.AMQConnection.start(AMQConnection.java:406) ~[amqp-client-5.21.0.jar:5.21.0]
	at com.rabbitmq.client.ConnectionFactory.newConnection(ConnectionFactory.java:1251) ~[amqp-client-5.21.0.jar:5.21.0]
	at com.rabbitmq.client.ConnectionFactory.newConnection(ConnectionFactory.java:1198) ~[amqp-client-5.21.0.jar:5.21.0]
	at org.springframework.amqp.rabbit.connection.AbstractConnectionFactory.connectAddresses(AbstractConnectionFactory.java:669) ~[spring-rabbit-3.1.11.jar:3.1.11]
	at org.springframework.amqp.rabbit.connection.AbstractConnectionFactory.connect(AbstractConnectionFactory.java:638) ~[spring-rabbit-3.1.11.jar:3.1.11]
	at org.springframework.amqp.rabbit.connection.AbstractConnectionFactory.createBareConnection(AbstractConnectionFactory.java:585) ~[spring-rabbit-3.1.11.jar:3.1.11]
	... 10 common frames omitted
Caused by: com.rabbitmq.client.ShutdownSignalException: connection error
	at com.rabbitmq.utility.ValueOrException.getValue(ValueOrException.java:66) ~[amqp-client-5.21.0.jar:5.21.0]
	at com.rabbitmq.utility.BlockingValueOrException.uninterruptibleGetValue(BlockingValueOrException.java:36) ~[amqp-client-5.21.0.jar:5.21.0]
	at com.rabbitmq.client.impl.AMQChannel$BlockingRpcContinuation.getReply(AMQChannel.java:552) ~[amqp-client-5.21.0.jar:5.21.0]
	at com.rabbitmq.client.impl.AMQConnection.start(AMQConnection.java:336) ~[amqp-client-5.21.0.jar:5.21.0]
	... 15 common frames omitted
Caused by: java.io.EOFException: null
	at java.base/java.io.DataInputStream.readUnsignedByte(DataInputStream.java:297) ~[na:na]
	at com.rabbitmq.client.impl.Frame.readFrom(Frame.java:91) ~[amqp-client-5.21.0.jar:5.21.0]
	at com.rabbitmq.client.impl.SocketFrameHandler.readFrame(SocketFrameHandler.java:199) ~[amqp-client-5.21.0.jar:5.21.0]
	at com.rabbitmq.client.impl.AMQConnection$MainLoop.run(AMQConnection.java:687) ~[amqp-client-5.21.0.jar:5.21.0]
	... 1 common frames omitted

2026-05-25T00:25:30.379+08:00  INFO 23368 --- [store] [org.springframework.amqp.rabbit.RabbitListenerEndpointContainer#0-15] o.s.a.r.l.SimpleMessageListenerContainer : Restarting Consumer@a9c017c: tags=[[]], channel=null, acknowledgeMode=AUTO local queue size=0
2026-05-25T00:25:38.501+08:00  INFO 25596 --- [store] [main] com.example.store.StoreApplication       : Starting StoreApplication using Java 23.0.2 with PID 25596 (D:\1A\store-system\store_springboot\target\classes started by chenchuang in D:\1A\store-system\store_springboot)
2026-05-25T00:25:38.503+08:00  INFO 25596 --- [store] [main] com.example.store.StoreApplication       : No active profile set, falling back to 1 default profile: "default"
2026-05-25T00:25:39.776+08:00  INFO 25596 --- [store] [main] .s.d.r.c.RepositoryConfigurationDelegate : Multiple Spring Data modules found, entering strict repository configuration mode
2026-05-25T00:25:39.780+08:00  INFO 25596 --- [store] [main] .s.d.r.c.RepositoryConfigurationDelegate : Bootstrapping Spring Data Elasticsearch repositories in DEFAULT mode.
2026-05-25T00:25:39.969+08:00  INFO 25596 --- [store] [main] .s.d.r.c.RepositoryConfigurationDelegate : Finished Spring Data repository scanning in 188 ms. Found 1 Elasticsearch repository interface.
2026-05-25T00:25:39.979+08:00  INFO 25596 --- [store] [main] .s.d.r.c.RepositoryConfigurationDelegate : Multiple Spring Data modules found, entering strict repository configuration mode
2026-05-25T00:25:39.983+08:00  INFO 25596 --- [store] [main] .s.d.r.c.RepositoryConfigurationDelegate : Bootstrapping Spring Data Reactive Elasticsearch repositories in DEFAULT mode.
2026-05-25T00:25:39.999+08:00  INFO 25596 --- [store] [main] .s.d.r.c.RepositoryConfigurationDelegate : Finished Spring Data repository scanning in 14 ms. Found 0 Reactive Elasticsearch repository interfaces.
2026-05-25T00:25:40.011+08:00  INFO 25596 --- [store] [main] .s.d.r.c.RepositoryConfigurationDelegate : Multiple Spring Data modules found, entering strict repository configuration mode
2026-05-25T00:25:40.013+08:00  INFO 25596 --- [store] [main] .s.d.r.c.RepositoryConfigurationDelegate : Bootstrapping Spring Data Redis repositories in DEFAULT mode.
2026-05-25T00:25:40.045+08:00  INFO 25596 --- [store] [main] .RepositoryConfigurationExtensionSupport : Spring Data Redis - Could not safely identify store assignment for repository candidate interface com.example.store.repository.GoodsDocRepository; If you want this repository to be a Redis repository, consider annotating your entities with one of these annotations: org.springframework.data.redis.core.RedisHash (preferred), or consider extending one of the following types with your repository: org.springframework.data.keyvalue.repository.KeyValueRepository
2026-05-25T00:25:40.046+08:00  INFO 25596 --- [store] [main] .s.d.r.c.RepositoryConfigurationDelegate : Finished Spring Data repository scanning in 17 ms. Found 0 Redis repository interfaces.
2026-05-25T00:25:41.007+08:00  INFO 25596 --- [store] [main] o.s.b.w.embedded.tomcat.TomcatWebServer  : Tomcat initialized with port 8888 (http)
2026-05-25T00:25:41.023+08:00  INFO 25596 --- [store] [main] o.apache.catalina.core.StandardService   : Starting service [Tomcat]
2026-05-25T00:25:41.023+08:00  INFO 25596 --- [store] [main] o.apache.catalina.core.StandardEngine    : Starting Servlet engine: [Apache Tomcat/10.1.40]
2026-05-25T00:25:41.168+08:00  INFO 25596 --- [store] [main] o.a.c.c.C.[Tomcat].[localhost].[/store]  : Initializing Spring embedded WebApplicationContext
2026-05-25T00:25:41.169+08:00  INFO 25596 --- [store] [main] w.s.c.ServletWebServerApplicationContext : Root WebApplicationContext: initialization completed in 2588 ms
2026-05-25T00:25:43.490+08:00  INFO 25596 --- [store] [main] r$InitializeUserDetailsManagerConfigurer : Global AuthenticationManager configured with UserDetailsService bean with name userDetailsServiceImpl
2026-05-25T00:25:44.579+08:00  WARN 25596 --- [store] [main] ConfigServletWebServerApplicationContext : Exception encountered during context initialization - cancelling refresh attempt: org.springframework.context.ApplicationContextException: Failed to start bean 'webServerStartStop'
2026-05-25T00:25:44.621+08:00  INFO 25596 --- [store] [main] .s.b.a.l.ConditionEvaluationReportLogger : 

Error starting ApplicationContext. To display the condition evaluation report re-run your application with 'debug' enabled.
2026-05-25T00:25:44.639+08:00 ERROR 25596 --- [store] [main] o.s.b.d.LoggingFailureAnalysisReporter   : 

***************************
APPLICATION FAILED TO START
***************************

Description:

Web server failed to start. Port 8888 was already in use.

Action:

Identify and stop the process that's listening on port 8888 or configure this application to listen on another port.

2026-05-25T00:28:33.363+08:00  INFO 3752 --- [store] [main] com.example.store.StoreApplication       : Starting StoreApplication using Java 23.0.2 with PID 3752 (D:\1A\store-system\store_springboot\target\classes started by chenchuang in D:\1A\store-system\store_springboot)
2026-05-25T00:28:33.365+08:00  INFO 3752 --- [store] [main] com.example.store.StoreApplication       : No active profile set, falling back to 1 default profile: "default"
2026-05-25T00:28:34.462+08:00  INFO 3752 --- [store] [main] .s.d.r.c.RepositoryConfigurationDelegate : Multiple Spring Data modules found, entering strict repository configuration mode
2026-05-25T00:28:34.467+08:00  INFO 3752 --- [store] [main] .s.d.r.c.RepositoryConfigurationDelegate : Bootstrapping Spring Data Elasticsearch repositories in DEFAULT mode.
2026-05-25T00:28:34.682+08:00  INFO 3752 --- [store] [main] .s.d.r.c.RepositoryConfigurationDelegate : Finished Spring Data repository scanning in 213 ms. Found 1 Elasticsearch repository interface.
2026-05-25T00:28:34.690+08:00  INFO 3752 --- [store] [main] .s.d.r.c.RepositoryConfigurationDelegate : Multiple Spring Data modules found, entering strict repository configuration mode
2026-05-25T00:28:34.691+08:00  INFO 3752 --- [store] [main] .s.d.r.c.RepositoryConfigurationDelegate : Bootstrapping Spring Data Reactive Elasticsearch repositories in DEFAULT mode.
2026-05-25T00:28:34.705+08:00  INFO 3752 --- [store] [main] .s.d.r.c.RepositoryConfigurationDelegate : Finished Spring Data repository scanning in 14 ms. Found 0 Reactive Elasticsearch repository interfaces.
2026-05-25T00:28:34.718+08:00  INFO 3752 --- [store] [main] .s.d.r.c.RepositoryConfigurationDelegate : Multiple Spring Data modules found, entering strict repository configuration mode
2026-05-25T00:28:34.719+08:00  INFO 3752 --- [store] [main] .s.d.r.c.RepositoryConfigurationDelegate : Bootstrapping Spring Data Redis repositories in DEFAULT mode.
2026-05-25T00:28:34.746+08:00  INFO 3752 --- [store] [main] .RepositoryConfigurationExtensionSupport : Spring Data Redis - Could not safely identify store assignment for repository candidate interface com.example.store.repository.GoodsDocRepository; If you want this repository to be a Redis repository, consider annotating your entities with one of these annotations: org.springframework.data.redis.core.RedisHash (preferred), or consider extending one of the following types with your repository: org.springframework.data.keyvalue.repository.KeyValueRepository
2026-05-25T00:28:34.747+08:00  INFO 3752 --- [store] [main] .s.d.r.c.RepositoryConfigurationDelegate : Finished Spring Data repository scanning in 21 ms. Found 0 Redis repository interfaces.
2026-05-25T00:28:35.680+08:00  INFO 3752 --- [store] [main] o.s.b.w.embedded.tomcat.TomcatWebServer  : Tomcat initialized with port 8888 (http)
2026-05-25T00:28:35.695+08:00  INFO 3752 --- [store] [main] o.apache.catalina.core.StandardService   : Starting service [Tomcat]
2026-05-25T00:28:35.695+08:00  INFO 3752 --- [store] [main] o.apache.catalina.core.StandardEngine    : Starting Servlet engine: [Apache Tomcat/10.1.40]
2026-05-25T00:28:35.838+08:00  INFO 3752 --- [store] [main] o.a.c.c.C.[Tomcat].[localhost].[/store]  : Initializing Spring embedded WebApplicationContext
2026-05-25T00:28:35.839+08:00  INFO 3752 --- [store] [main] w.s.c.ServletWebServerApplicationContext : Root WebApplicationContext: initialization completed in 2413 ms
2026-05-25T00:28:38.194+08:00  INFO 3752 --- [store] [main] r$InitializeUserDetailsManagerConfigurer : Global AuthenticationManager configured with UserDetailsService bean with name userDetailsServiceImpl
2026-05-25T00:28:39.416+08:00  INFO 3752 --- [store] [main] o.s.b.w.embedded.tomcat.TomcatWebServer  : Tomcat started on port 8888 (http) with context path '/store'
2026-05-25T00:28:39.418+08:00  INFO 3752 --- [store] [main] o.s.a.r.c.CachingConnectionFactory       : Attempting to connect to: [localhost:5672]
2026-05-25T00:28:39.469+08:00  INFO 3752 --- [store] [main] o.s.a.r.c.CachingConnectionFactory       : Created new connection: rabbitConnectionFactory#5ca7619f:0/SimpleConnection@6a7b4ff5 [delegate=amqp://guest@127.0.0.1:5672/, localPort=60448]
2026-05-25T00:28:39.610+08:00  INFO 3752 --- [store] [main] com.example.store.StoreApplication       : Started StoreApplication in 6.716 seconds (process running for 7.255)
2026-05-25T00:29:48.106+08:00  INFO 12884 --- [store] [main] com.example.store.StoreApplication       : Starting StoreApplication using Java 23.0.2 with PID 12884 (D:\1A\store-system\store_springboot\target\classes started by chenchuang in D:\1A\store-system\store_springboot)
2026-05-25T00:29:48.108+08:00  INFO 12884 --- [store] [main] com.example.store.StoreApplication       : No active profile set, falling back to 1 default profile: "default"
2026-05-25T00:29:49.118+08:00  INFO 12884 --- [store] [main] .s.d.r.c.RepositoryConfigurationDelegate : Multiple Spring Data modules found, entering strict repository configuration mode
2026-05-25T00:29:49.124+08:00  INFO 12884 --- [store] [main] .s.d.r.c.RepositoryConfigurationDelegate : Bootstrapping Spring Data Elasticsearch repositories in DEFAULT mode.
2026-05-25T00:29:49.295+08:00  INFO 12884 --- [store] [main] .s.d.r.c.RepositoryConfigurationDelegate : Finished Spring Data repository scanning in 172 ms. Found 1 Elasticsearch repository interface.
2026-05-25T00:29:49.305+08:00  INFO 12884 --- [store] [main] .s.d.r.c.RepositoryConfigurationDelegate : Multiple Spring Data modules found, entering strict repository configuration mode
2026-05-25T00:29:49.305+08:00  INFO 12884 --- [store] [main] .s.d.r.c.RepositoryConfigurationDelegate : Bootstrapping Spring Data Reactive Elasticsearch repositories in DEFAULT mode.
2026-05-25T00:29:49.330+08:00  INFO 12884 --- [store] [main] .s.d.r.c.RepositoryConfigurationDelegate : Finished Spring Data repository scanning in 19 ms. Found 0 Reactive Elasticsearch repository interfaces.
2026-05-25T00:29:49.343+08:00  INFO 12884 --- [store] [main] .s.d.r.c.RepositoryConfigurationDelegate : Multiple Spring Data modules found, entering strict repository configuration mode
2026-05-25T00:29:49.343+08:00  INFO 12884 --- [store] [main] .s.d.r.c.RepositoryConfigurationDelegate : Bootstrapping Spring Data Redis repositories in DEFAULT mode.
2026-05-25T00:29:49.359+08:00  INFO 12884 --- [store] [main] .RepositoryConfigurationExtensionSupport : Spring Data Redis - Could not safely identify store assignment for repository candidate interface com.example.store.repository.GoodsDocRepository; If you want this repository to be a Redis repository, consider annotating your entities with one of these annotations: org.springframework.data.redis.core.RedisHash (preferred), or consider extending one of the following types with your repository: org.springframework.data.keyvalue.repository.KeyValueRepository
2026-05-25T00:29:49.359+08:00  INFO 12884 --- [store] [main] .s.d.r.c.RepositoryConfigurationDelegate : Finished Spring Data repository scanning in 11 ms. Found 0 Redis repository interfaces.
2026-05-25T00:29:50.187+08:00  INFO 12884 --- [store] [main] o.s.b.w.embedded.tomcat.TomcatWebServer  : Tomcat initialized with port 8888 (http)
2026-05-25T00:29:50.205+08:00  INFO 12884 --- [store] [main] o.apache.catalina.core.StandardService   : Starting service [Tomcat]
2026-05-25T00:29:50.207+08:00  INFO 12884 --- [store] [main] o.apache.catalina.core.StandardEngine    : Starting Servlet engine: [Apache Tomcat/10.1.40]
2026-05-25T00:29:50.339+08:00  INFO 12884 --- [store] [main] o.a.c.c.C.[Tomcat].[localhost].[/store]  : Initializing Spring embedded WebApplicationContext
2026-05-25T00:29:50.339+08:00  INFO 12884 --- [store] [main] w.s.c.ServletWebServerApplicationContext : Root WebApplicationContext: initialization completed in 2158 ms
2026-05-25T00:29:52.618+08:00  INFO 12884 --- [store] [main] r$InitializeUserDetailsManagerConfigurer : Global AuthenticationManager configured with UserDetailsService bean with name userDetailsServiceImpl
2026-05-25T00:29:53.791+08:00  WARN 12884 --- [store] [main] ConfigServletWebServerApplicationContext : Exception encountered during context initialization - cancelling refresh attempt: org.springframework.context.ApplicationContextException: Failed to start bean 'webServerStartStop'
2026-05-25T00:29:53.814+08:00  INFO 12884 --- [store] [main] .s.b.a.l.ConditionEvaluationReportLogger : 

Error starting ApplicationContext. To display the condition evaluation report re-run your application with 'debug' enabled.
2026-05-25T00:29:53.831+08:00 ERROR 12884 --- [store] [main] o.s.b.d.LoggingFailureAnalysisReporter   : 

***************************
APPLICATION FAILED TO START
***************************

Description:

Web server failed to start. Port 8888 was already in use.

Action:

Identify and stop the process that's listening on port 8888 or configure this application to listen on another port.

2026-05-25T00:33:28.886+08:00  INFO 19776 --- [store] [main] com.example.store.StoreApplication       : Starting StoreApplication using Java 23.0.2 with PID 19776 (D:\1A\store-system\store_springboot\target\classes started by chenchuang in D:\1A\store-system\store_springboot)
2026-05-25T00:33:28.896+08:00  INFO 19776 --- [store] [main] com.example.store.StoreApplication       : No active profile set, falling back to 1 default profile: "default"
2026-05-25T00:33:29.844+08:00  INFO 19776 --- [store] [main] .s.d.r.c.RepositoryConfigurationDelegate : Multiple Spring Data modules found, entering strict repository configuration mode
2026-05-25T00:33:29.844+08:00  INFO 19776 --- [store] [main] .s.d.r.c.RepositoryConfigurationDelegate : Bootstrapping Spring Data Elasticsearch repositories in DEFAULT mode.
2026-05-25T00:33:30.023+08:00  INFO 19776 --- [store] [main] .s.d.r.c.RepositoryConfigurationDelegate : Finished Spring Data repository scanning in 173 ms. Found 1 Elasticsearch repository interface.
2026-05-25T00:33:30.027+08:00  INFO 19776 --- [store] [main] .s.d.r.c.RepositoryConfigurationDelegate : Multiple Spring Data modules found, entering strict repository configuration mode
2026-05-25T00:33:30.032+08:00  INFO 19776 --- [store] [main] .s.d.r.c.RepositoryConfigurationDelegate : Bootstrapping Spring Data Reactive Elasticsearch repositories in DEFAULT mode.
2026-05-25T00:33:30.043+08:00  INFO 19776 --- [store] [main] .s.d.r.c.RepositoryConfigurationDelegate : Finished Spring Data repository scanning in 12 ms. Found 0 Reactive Elasticsearch repository interfaces.
2026-05-25T00:33:30.054+08:00  INFO 19776 --- [store] [main] .s.d.r.c.RepositoryConfigurationDelegate : Multiple Spring Data modules found, entering strict repository configuration mode
2026-05-25T00:33:30.054+08:00  INFO 19776 --- [store] [main] .s.d.r.c.RepositoryConfigurationDelegate : Bootstrapping Spring Data Redis repositories in DEFAULT mode.
2026-05-25T00:33:30.072+08:00  INFO 19776 --- [store] [main] .RepositoryConfigurationExtensionSupport : Spring Data Redis - Could not safely identify store assignment for repository candidate interface com.example.store.repository.GoodsDocRepository; If you want this repository to be a Redis repository, consider annotating your entities with one of these annotations: org.springframework.data.redis.core.RedisHash (preferred), or consider extending one of the following types with your repository: org.springframework.data.keyvalue.repository.KeyValueRepository
2026-05-25T00:33:30.072+08:00  INFO 19776 --- [store] [main] .s.d.r.c.RepositoryConfigurationDelegate : Finished Spring Data repository scanning in 10 ms. Found 0 Redis repository interfaces.
2026-05-25T00:33:30.880+08:00  INFO 19776 --- [store] [main] o.s.b.w.embedded.tomcat.TomcatWebServer  : Tomcat initialized with port 8888 (http)
2026-05-25T00:33:30.903+08:00  INFO 19776 --- [store] [main] o.apache.catalina.core.StandardService   : Starting service [Tomcat]
2026-05-25T00:33:30.904+08:00  INFO 19776 --- [store] [main] o.apache.catalina.core.StandardEngine    : Starting Servlet engine: [Apache Tomcat/10.1.40]
2026-05-25T00:33:31.089+08:00  INFO 19776 --- [store] [main] o.a.c.c.C.[Tomcat].[localhost].[/store]  : Initializing Spring embedded WebApplicationContext
2026-05-25T00:33:31.089+08:00  INFO 19776 --- [store] [main] w.s.c.ServletWebServerApplicationContext : Root WebApplicationContext: initialization completed in 2140 ms
2026-05-25T00:33:32.597+08:00  WARN 19776 --- [store] [main] ConfigServletWebServerApplicationContext : Exception encountered during context initialization - cancelling refresh attempt: org.springframework.beans.factory.UnsatisfiedDependencyException: Error creating bean with name 'goodsController': Unsatisfied dependency expressed through field 'goodsService': Error creating bean with name 'goodsServiceImpl': Unsatisfied dependency expressed through field 'goodsDocRepository': Error creating bean with name 'goodsDocRepository' defined in com.example.store.repository.GoodsDocRepository defined in @EnableElasticsearchRepositories declared on ElasticsearchRepositoriesRegistrar.EnableElasticsearchRepositoriesConfiguration: Failed to instantiate [org.springframework.data.elasticsearch.repository.support.SimpleElasticsearchRepository]: Constructor threw exception
2026-05-25T00:33:32.612+08:00  INFO 19776 --- [store] [main] o.apache.catalina.core.StandardService   : Stopping service [Tomcat]
2026-05-25T00:33:32.626+08:00  INFO 19776 --- [store] [main] .s.b.a.l.ConditionEvaluationReportLogger : 

Error starting ApplicationContext. To display the condition evaluation report re-run your application with 'debug' enabled.
2026-05-25T00:33:32.642+08:00 ERROR 19776 --- [store] [main] o.s.boot.SpringApplication               : Application run failed

org.springframework.beans.factory.UnsatisfiedDependencyException: Error creating bean with name 'goodsController': Unsatisfied dependency expressed through field 'goodsService': Error creating bean with name 'goodsServiceImpl': Unsatisfied dependency expressed through field 'goodsDocRepository': Error creating bean with name 'goodsDocRepository' defined in com.example.store.repository.GoodsDocRepository defined in @EnableElasticsearchRepositories declared on ElasticsearchRepositoriesRegistrar.EnableElasticsearchRepositoriesConfiguration: Failed to instantiate [org.springframework.data.elasticsearch.repository.support.SimpleElasticsearchRepository]: Constructor threw exception
	at org.springframework.beans.factory.annotation.AutowiredAnnotationBeanPostProcessor$AutowiredFieldElement.resolveFieldValue(AutowiredAnnotationBeanPostProcessor.java:788) ~[spring-beans-6.1.19.jar:6.1.19]
	at org.springframework.beans.factory.annotation.AutowiredAnnotationBeanPostProcessor$AutowiredFieldElement.inject(AutowiredAnnotationBeanPostProcessor.java:768) ~[spring-beans-6.1.19.jar:6.1.19]
	at org.springframework.beans.factory.annotation.InjectionMetadata.inject(InjectionMetadata.java:145) ~[spring-beans-6.1.19.jar:6.1.19]
	at org.springframework.beans.factory.annotation.AutowiredAnnotationBeanPostProcessor.postProcessProperties(AutowiredAnnotationBeanPostProcessor.java:509) ~[spring-beans-6.1.19.jar:6.1.19]
	at org.springframework.beans.factory.support.AbstractAutowireCapableBeanFactory.populateBean(AbstractAutowireCapableBeanFactory.java:1439) ~[spring-beans-6.1.19.jar:6.1.19]
	at org.springframework.beans.factory.support.AbstractAutowireCapableBeanFactory.doCreateBean(AbstractAutowireCapableBeanFactory.java:599) ~[spring-beans-6.1.19.jar:6.1.19]
	at org.springframework.beans.factory.support.AbstractAutowireCapableBeanFactory.createBean(AbstractAutowireCapableBeanFactory.java:522) ~[spring-beans-6.1.19.jar:6.1.19]
	at org.springframework.beans.factory.support.AbstractBeanFactory.lambda$doGetBean$0(AbstractBeanFactory.java:337) ~[spring-beans-6.1.19.jar:6.1.19]
	at org.springframework.beans.factory.support.DefaultSingletonBeanRegistry.getSingleton(DefaultSingletonBeanRegistry.java:234) ~[spring-beans-6.1.19.jar:6.1.19]
	at org.springframework.beans.factory.support.AbstractBeanFactory.doGetBean(AbstractBeanFactory.java:335) ~[spring-beans-6.1.19.jar:6.1.19]
	at org.springframework.beans.factory.support.AbstractBeanFactory.getBean(AbstractBeanFactory.java:200) ~[spring-beans-6.1.19.jar:6.1.19]
	at org.springframework.beans.factory.support.DefaultListableBeanFactory.preInstantiateSingletons(DefaultListableBeanFactory.java:975) ~[spring-beans-6.1.19.jar:6.1.19]
	at org.springframework.context.support.AbstractApplicationContext.finishBeanFactoryInitialization(AbstractApplicationContext.java:971) ~[spring-context-6.1.19.jar:6.1.19]
	at org.springframework.context.support.AbstractApplicationContext.refresh(AbstractApplicationContext.java:625) ~[spring-context-6.1.19.jar:6.1.19]
	at org.springframework.boot.web.servlet.context.ServletWebServerApplicationContext.refresh(ServletWebServerApplicationContext.java:146) ~[spring-boot-3.3.11.jar:3.3.11]
	at org.springframework.boot.SpringApplication.refresh(SpringApplication.java:755) ~[spring-boot-3.3.11.jar:3.3.11]
	at org.springframework.boot.SpringApplication.refreshContext(SpringApplication.java:456) ~[spring-boot-3.3.11.jar:3.3.11]
	at org.springframework.boot.SpringApplication.run(SpringApplication.java:335) ~[spring-boot-3.3.11.jar:3.3.11]
	at org.springframework.boot.SpringApplication.run(SpringApplication.java:1364) ~[spring-boot-3.3.11.jar:3.3.11]
	at org.springframework.boot.SpringApplication.run(SpringApplication.java:1353) ~[spring-boot-3.3.11.jar:3.3.11]
	at com.example.store.StoreApplication.main(StoreApplication.java:10) ~[classes/:na]
Caused by: org.springframework.beans.factory.UnsatisfiedDependencyException: Error creating bean with name 'goodsServiceImpl': Unsatisfied dependency expressed through field 'goodsDocRepository': Error creating bean with name 'goodsDocRepository' defined in com.example.store.repository.GoodsDocRepository defined in @EnableElasticsearchRepositories declared on ElasticsearchRepositoriesRegistrar.EnableElasticsearchRepositoriesConfiguration: Failed to instantiate [org.springframework.data.elasticsearch.repository.support.SimpleElasticsearchRepository]: Constructor threw exception
	at org.springframework.beans.factory.annotation.AutowiredAnnotationBeanPostProcessor$AutowiredFieldElement.resolveFieldValue(AutowiredAnnotationBeanPostProcessor.java:788) ~[spring-beans-6.1.19.jar:6.1.19]
	at org.springframework.beans.factory.annotation.AutowiredAnnotationBeanPostProcessor$AutowiredFieldElement.inject(AutowiredAnnotationBeanPostProcessor.java:768) ~[spring-beans-6.1.19.jar:6.1.19]
	at org.springframework.beans.factory.annotation.InjectionMetadata.inject(InjectionMetadata.java:145) ~[spring-beans-6.1.19.jar:6.1.19]
	at org.springframework.beans.factory.annotation.AutowiredAnnotationBeanPostProcessor.postProcessProperties(AutowiredAnnotationBeanPostProcessor.java:509) ~[spring-beans-6.1.19.jar:6.1.19]
	at org.springframework.beans.factory.support.AbstractAutowireCapableBeanFactory.populateBean(AbstractAutowireCapableBeanFactory.java:1439) ~[spring-beans-6.1.19.jar:6.1.19]
	at org.springframework.beans.factory.support.AbstractAutowireCapableBeanFactory.doCreateBean(AbstractAutowireCapableBeanFactory.java:599) ~[spring-beans-6.1.19.jar:6.1.19]
	at org.springframework.beans.factory.support.AbstractAutowireCapableBeanFactory.createBean(AbstractAutowireCapableBeanFactory.java:522) ~[spring-beans-6.1.19.jar:6.1.19]
	at org.springframework.beans.factory.support.AbstractBeanFactory.lambda$doGetBean$0(AbstractBeanFactory.java:337) ~[spring-beans-6.1.19.jar:6.1.19]
	at org.springframework.beans.factory.support.DefaultSingletonBeanRegistry.getSingleton(DefaultSingletonBeanRegistry.java:234) ~[spring-beans-6.1.19.jar:6.1.19]
	at org.springframework.beans.factory.support.AbstractBeanFactory.doGetBean(AbstractBeanFactory.java:335) ~[spring-beans-6.1.19.jar:6.1.19]
	at org.springframework.beans.factory.support.AbstractBeanFactory.getBean(AbstractBeanFactory.java:200) ~[spring-beans-6.1.19.jar:6.1.19]
	at org.springframework.beans.factory.config.DependencyDescriptor.resolveCandidate(DependencyDescriptor.java:254) ~[spring-beans-6.1.19.jar:6.1.19]
	at org.springframework.beans.factory.support.DefaultListableBeanFactory.doResolveDependency(DefaultListableBeanFactory.java:1448) ~[spring-beans-6.1.19.jar:6.1.19]
	at org.springframework.beans.factory.support.DefaultListableBeanFactory.resolveDependency(DefaultListableBeanFactory.java:1358) ~[spring-beans-6.1.19.jar:6.1.19]
	at org.springframework.beans.factory.annotation.AutowiredAnnotationBeanPostProcessor$AutowiredFieldElement.resolveFieldValue(AutowiredAnnotationBeanPostProcessor.java:785) ~[spring-beans-6.1.19.jar:6.1.19]
	... 20 common frames omitted
Caused by: org.springframework.beans.factory.BeanCreationException: Error creating bean with name 'goodsDocRepository' defined in com.example.store.repository.GoodsDocRepository defined in @EnableElasticsearchRepositories declared on ElasticsearchRepositoriesRegistrar.EnableElasticsearchRepositoriesConfiguration: Failed to instantiate [org.springframework.data.elasticsearch.repository.support.SimpleElasticsearchRepository]: Constructor threw exception
	at org.springframework.beans.factory.support.AbstractAutowireCapableBeanFactory.initializeBean(AbstractAutowireCapableBeanFactory.java:1806) ~[spring-beans-6.1.19.jar:6.1.19]
	at org.springframework.beans.factory.support.AbstractAutowireCapableBeanFactory.doCreateBean(AbstractAutowireCapableBeanFactory.java:600) ~[spring-beans-6.1.19.jar:6.1.19]
	at org.springframework.beans.factory.support.AbstractAutowireCapableBeanFactory.createBean(AbstractAutowireCapableBeanFactory.java:522) ~[spring-beans-6.1.19.jar:6.1.19]
	at org.springframework.beans.factory.support.AbstractBeanFactory.lambda$doGetBean$0(AbstractBeanFactory.java:337) ~[spring-beans-6.1.19.jar:6.1.19]
	at org.springframework.beans.factory.support.DefaultSingletonBeanRegistry.getSingleton(DefaultSingletonBeanRegistry.java:234) ~[spring-beans-6.1.19.jar:6.1.19]
	at org.springframework.beans.factory.support.AbstractBeanFactory.doGetBean(AbstractBeanFactory.java:335) ~[spring-beans-6.1.19.jar:6.1.19]
	at org.springframework.beans.factory.support.AbstractBeanFactory.getBean(AbstractBeanFactory.java:200) ~[spring-beans-6.1.19.jar:6.1.19]
	at org.springframework.beans.factory.config.DependencyDescriptor.resolveCandidate(DependencyDescriptor.java:254) ~[spring-beans-6.1.19.jar:6.1.19]
	at org.springframework.beans.factory.support.DefaultListableBeanFactory.doResolveDependency(DefaultListableBeanFactory.java:1448) ~[spring-beans-6.1.19.jar:6.1.19]
	at org.springframework.beans.factory.support.DefaultListableBeanFactory.resolveDependency(DefaultListableBeanFactory.java:1358) ~[spring-beans-6.1.19.jar:6.1.19]
	at org.springframework.beans.factory.annotation.AutowiredAnnotationBeanPostProcessor$AutowiredFieldElement.resolveFieldValue(AutowiredAnnotationBeanPostProcessor.java:785) ~[spring-beans-6.1.19.jar:6.1.19]
	... 34 common frames omitted
Caused by: org.springframework.beans.BeanInstantiationException: Failed to instantiate [org.springframework.data.elasticsearch.repository.support.SimpleElasticsearchRepository]: Constructor threw exception
	at org.springframework.beans.BeanUtils.instantiateClass(BeanUtils.java:221) ~[spring-beans-6.1.19.jar:6.1.19]
	at org.springframework.data.repository.core.support.RepositoryFactorySupport.lambda$instantiateClass$5(RepositoryFactorySupport.java:571) ~[spring-data-commons-3.3.11.jar:3.3.11]
	at java.base/java.util.Optional.map(Optional.java:260) ~[na:na]
	at org.springframework.data.repository.core.support.RepositoryFactorySupport.instantiateClass(RepositoryFactorySupport.java:571) ~[spring-data-commons-3.3.11.jar:3.3.11]
	at org.springframework.data.repository.core.support.RepositoryFactorySupport.getTargetRepositoryViaReflection(RepositoryFactorySupport.java:536) ~[spring-data-commons-3.3.11.jar:3.3.11]
	at org.springframework.data.elasticsearch.repository.support.ElasticsearchRepositoryFactory.getTargetRepository(ElasticsearchRepositoryFactory.java:80) ~[spring-data-elasticsearch-5.3.11.jar:5.3.11]
	at org.springframework.data.repository.core.support.RepositoryFactorySupport.getRepository(RepositoryFactorySupport.java:317) ~[spring-data-commons-3.3.11.jar:3.3.11]
	at org.springframework.data.repository.core.support.RepositoryFactoryBeanSupport.lambda$afterPropertiesSet$5(RepositoryFactoryBeanSupport.java:290) ~[spring-data-commons-3.3.11.jar:3.3.11]
	at org.springframework.data.util.Lazy.getNullable(Lazy.java:135) ~[spring-data-commons-3.3.11.jar:3.3.11]
	at org.springframework.data.util.Lazy.get(Lazy.java:113) ~[spring-data-commons-3.3.11.jar:3.3.11]
	at org.springframework.data.repository.core.support.RepositoryFactoryBeanSupport.afterPropertiesSet(RepositoryFactoryBeanSupport.java:296) ~[spring-data-commons-3.3.11.jar:3.3.11]
	at org.springframework.data.elasticsearch.repository.support.ElasticsearchRepositoryFactoryBean.afterPropertiesSet(ElasticsearchRepositoryFactoryBean.java:69) ~[spring-data-elasticsearch-5.3.11.jar:5.3.11]
	at org.springframework.beans.factory.support.AbstractAutowireCapableBeanFactory.invokeInitMethods(AbstractAutowireCapableBeanFactory.java:1853) ~[spring-beans-6.1.19.jar:6.1.19]
	at org.springframework.beans.factory.support.AbstractAutowireCapableBeanFactory.initializeBean(AbstractAutowireCapableBeanFactory.java:1802) ~[spring-beans-6.1.19.jar:6.1.19]
	... 44 common frames omitted
Caused by: org.springframework.dao.DataAccessResourceFailureException: Connection refused: getsockopt
	at org.springframework.data.elasticsearch.client.elc.ElasticsearchExceptionTranslator.translateExceptionIfPossible(ElasticsearchExceptionTranslator.java:111) ~[spring-data-elasticsearch-5.3.11.jar:5.3.11]
	at org.springframework.data.elasticsearch.client.elc.ElasticsearchExceptionTranslator.translateException(ElasticsearchExceptionTranslator.java:65) ~[spring-data-elasticsearch-5.3.11.jar:5.3.11]
	at org.springframework.data.elasticsearch.client.elc.ChildTemplate.execute(ChildTemplate.java:73) ~[spring-data-elasticsearch-5.3.11.jar:5.3.11]
	at org.springframework.data.elasticsearch.client.elc.IndicesTemplate.doExists(IndicesTemplate.java:177) ~[spring-data-elasticsearch-5.3.11.jar:5.3.11]
	at org.springframework.data.elasticsearch.client.elc.IndicesTemplate.exists(IndicesTemplate.java:169) ~[spring-data-elasticsearch-5.3.11.jar:5.3.11]
	at org.springframework.data.elasticsearch.repository.support.SimpleElasticsearchRepository.createIndexAndMappingIfNeeded(SimpleElasticsearchRepository.java:93) ~[spring-data-elasticsearch-5.3.11.jar:5.3.11]
	at org.springframework.data.elasticsearch.repository.support.SimpleElasticsearchRepository.<init>(SimpleElasticsearchRepository.java:87) ~[spring-data-elasticsearch-5.3.11.jar:5.3.11]
	at java.base/jdk.internal.reflect.DirectConstructorHandleAccessor.newInstance(DirectConstructorHandleAccessor.java:62) ~[na:na]
	at java.base/java.lang.reflect.Constructor.newInstanceWithCaller(Constructor.java:501) ~[na:na]
	at java.base/java.lang.reflect.Constructor.newInstance(Constructor.java:485) ~[na:na]
	at org.springframework.beans.BeanUtils.instantiateClass(BeanUtils.java:208) ~[spring-beans-6.1.19.jar:6.1.19]
	... 57 common frames omitted
Caused by: java.lang.RuntimeException: Connection refused: getsockopt
	at org.springframework.data.elasticsearch.client.elc.ElasticsearchExceptionTranslator.translateException(ElasticsearchExceptionTranslator.java:64) ~[spring-data-elasticsearch-5.3.11.jar:5.3.11]
	... 66 common frames omitted
Caused by: java.net.ConnectException: Connection refused: getsockopt
	at org.elasticsearch.client.RestClient.extractAndWrapCause(RestClient.java:934) ~[elasticsearch-rest-client-8.12.2.jar:8.12.2]
	at org.elasticsearch.client.RestClient.performRequest(RestClient.java:304) ~[elasticsearch-rest-client-8.12.2.jar:8.12.2]
	at org.elasticsearch.client.RestClient.performRequest(RestClient.java:292) ~[elasticsearch-rest-client-8.12.2.jar:8.12.2]
	at co.elastic.clients.transport.rest_client.RestClientHttpClient.performRequest(RestClientHttpClient.java:91) ~[elasticsearch-java-8.12.2.jar:na]
	at co.elastic.clients.transport.ElasticsearchTransportBase.performRequest(ElasticsearchTransportBase.java:144) ~[elasticsearch-java-8.12.2.jar:na]
	at co.elastic.clients.elasticsearch.indices.ElasticsearchIndicesClient.exists(ElasticsearchIndicesClient.java:666) ~[elasticsearch-java-8.12.2.jar:na]
	at org.springframework.data.elasticsearch.client.elc.IndicesTemplate.lambda$doExists$2(IndicesTemplate.java:177) ~[spring-data-elasticsearch-5.3.11.jar:5.3.11]
	at org.springframework.data.elasticsearch.client.elc.ChildTemplate.execute(ChildTemplate.java:71) ~[spring-data-elasticsearch-5.3.11.jar:5.3.11]
	... 65 common frames omitted
Caused by: java.net.ConnectException: Connection refused: getsockopt
	at java.base/sun.nio.ch.Net.pollConnect(Native Method) ~[na:na]
	at java.base/sun.nio.ch.Net.pollConnectNow(Net.java:682) ~[na:na]
	at java.base/sun.nio.ch.SocketChannelImpl.finishConnect(SocketChannelImpl.java:1062) ~[na:na]
	at org.apache.http.impl.nio.reactor.DefaultConnectingIOReactor.processEvent(DefaultConnectingIOReactor.java:174) ~[httpcore-nio-4.4.16.jar:4.4.16]
	at org.apache.http.impl.nio.reactor.DefaultConnectingIOReactor.processEvents(DefaultConnectingIOReactor.java:148) ~[httpcore-nio-4.4.16.jar:4.4.16]
	at org.apache.http.impl.nio.reactor.AbstractMultiworkerIOReactor.execute(AbstractMultiworkerIOReactor.java:351) ~[httpcore-nio-4.4.16.jar:4.4.16]
	at org.apache.http.impl.nio.conn.PoolingNHttpClientConnectionManager.execute(PoolingNHttpClientConnectionManager.java:221) ~[httpasyncclient-4.1.5.jar:4.1.5]
	at org.apache.http.impl.nio.client.CloseableHttpAsyncClientBase$1.run(CloseableHttpAsyncClientBase.java:64) ~[httpasyncclient-4.1.5.jar:4.1.5]
	at java.base/java.lang.Thread.run(Thread.java:1575) ~[na:na]

2026-05-25T00:35:02.656+08:00  INFO 4356 --- [store] [main] com.example.store.StoreApplication       : Starting StoreApplication using Java 23.0.2 with PID 4356 (D:\1A\store-system\store_springboot\target\classes started by chenchuang in D:\1A\store-system\store_springboot)
2026-05-25T00:35:02.661+08:00  INFO 4356 --- [store] [main] com.example.store.StoreApplication       : No active profile set, falling back to 1 default profile: "default"
2026-05-25T00:35:03.972+08:00  INFO 4356 --- [store] [main] .s.d.r.c.RepositoryConfigurationDelegate : Multiple Spring Data modules found, entering strict repository configuration mode
2026-05-25T00:35:03.973+08:00  INFO 4356 --- [store] [main] .s.d.r.c.RepositoryConfigurationDelegate : Bootstrapping Spring Data Elasticsearch repositories in DEFAULT mode.
2026-05-25T00:35:04.143+08:00  INFO 4356 --- [store] [main] .s.d.r.c.RepositoryConfigurationDelegate : Finished Spring Data repository scanning in 165 ms. Found 1 Elasticsearch repository interface.
2026-05-25T00:35:04.154+08:00  INFO 4356 --- [store] [main] .s.d.r.c.RepositoryConfigurationDelegate : Multiple Spring Data modules found, entering strict repository configuration mode
2026-05-25T00:35:04.161+08:00  INFO 4356 --- [store] [main] .s.d.r.c.RepositoryConfigurationDelegate : Bootstrapping Spring Data Reactive Elasticsearch repositories in DEFAULT mode.
2026-05-25T00:35:04.182+08:00  INFO 4356 --- [store] [main] .s.d.r.c.RepositoryConfigurationDelegate : Finished Spring Data repository scanning in 20 ms. Found 0 Reactive Elasticsearch repository interfaces.
2026-05-25T00:35:04.194+08:00  INFO 4356 --- [store] [main] .s.d.r.c.RepositoryConfigurationDelegate : Multiple Spring Data modules found, entering strict repository configuration mode
2026-05-25T00:35:04.195+08:00  INFO 4356 --- [store] [main] .s.d.r.c.RepositoryConfigurationDelegate : Bootstrapping Spring Data Redis repositories in DEFAULT mode.
2026-05-25T00:35:04.214+08:00  INFO 4356 --- [store] [main] .RepositoryConfigurationExtensionSupport : Spring Data Redis - Could not safely identify store assignment for repository candidate interface com.example.store.repository.GoodsDocRepository; If you want this repository to be a Redis repository, consider annotating your entities with one of these annotations: org.springframework.data.redis.core.RedisHash (preferred), or consider extending one of the following types with your repository: org.springframework.data.keyvalue.repository.KeyValueRepository
2026-05-25T00:35:04.214+08:00  INFO 4356 --- [store] [main] .s.d.r.c.RepositoryConfigurationDelegate : Finished Spring Data repository scanning in 11 ms. Found 0 Redis repository interfaces.
2026-05-25T00:35:05.340+08:00  INFO 4356 --- [store] [main] o.s.b.w.embedded.tomcat.TomcatWebServer  : Tomcat initialized with port 8888 (http)
2026-05-25T00:35:05.355+08:00  INFO 4356 --- [store] [main] o.apache.catalina.core.StandardService   : Starting service [Tomcat]
2026-05-25T00:35:05.355+08:00  INFO 4356 --- [store] [main] o.apache.catalina.core.StandardEngine    : Starting Servlet engine: [Apache Tomcat/10.1.40]
2026-05-25T00:35:05.584+08:00  INFO 4356 --- [store] [main] o.a.c.c.C.[Tomcat].[localhost].[/store]  : Initializing Spring embedded WebApplicationContext
2026-05-25T00:35:05.584+08:00  INFO 4356 --- [store] [main] w.s.c.ServletWebServerApplicationContext : Root WebApplicationContext: initialization completed in 2858 ms
2026-05-25T00:35:08.101+08:00  INFO 4356 --- [store] [main] r$InitializeUserDetailsManagerConfigurer : Global AuthenticationManager configured with UserDetailsService bean with name userDetailsServiceImpl
2026-05-25T00:35:09.186+08:00  INFO 4356 --- [store] [main] o.s.b.w.embedded.tomcat.TomcatWebServer  : Tomcat started on port 8888 (http) with context path '/store'
2026-05-25T00:35:09.186+08:00  INFO 4356 --- [store] [main] o.s.a.r.c.CachingConnectionFactory       : Attempting to connect to: [localhost:5672]
2026-05-25T00:35:09.233+08:00  INFO 4356 --- [store] [main] o.s.a.r.c.CachingConnectionFactory       : Created new connection: rabbitConnectionFactory#2dfd157b:0/SimpleConnection@7a90f33d [delegate=amqp://guest@127.0.0.1:5672/, localPort=12620]
2026-05-25T00:35:09.377+08:00  INFO 4356 --- [store] [main] com.example.store.StoreApplication       : Started StoreApplication in 7.147 seconds (process running for 7.835)
2026-05-25T00:36:28.939+08:00  INFO 4356 --- [store] [http-nio-8888-exec-1] o.a.c.c.C.[Tomcat].[localhost].[/store]  : Initializing Spring DispatcherServlet 'dispatcherServlet'
2026-05-25T00:36:28.940+08:00  INFO 4356 --- [store] [http-nio-8888-exec-1] o.s.web.servlet.DispatcherServlet        : Initializing Servlet 'dispatcherServlet'
2026-05-25T00:36:28.940+08:00  INFO 4356 --- [store] [http-nio-8888-exec-1] o.s.web.servlet.DispatcherServlet        : Completed initialization in 0 ms
2026-05-25T00:36:29.077+08:00  INFO 4356 --- [store] [http-nio-8888-exec-1] com.example.store.aspect.LogAspect       : ============== AOP日志开始 ==============
2026-05-25T00:36:29.077+08:00  INFO 4356 --- [store] [http-nio-8888-exec-1] com.example.store.aspect.LogAspect       : 请求地址: http://localhost:8888/store/user/captcha
2026-05-25T00:36:29.077+08:00  INFO 4356 --- [store] [http-nio-8888-exec-1] com.example.store.aspect.LogAspect       : 请求方式: GET
2026-05-25T00:36:29.077+08:00  INFO 4356 --- [store] [http-nio-8888-exec-1] com.example.store.aspect.LogAspect       : 执行方法: com.example.store.controller.UserController.getCaptcha
2026-05-25T00:36:29.086+08:00  INFO 4356 --- [store] [http-nio-8888-exec-1] com.example.store.aspect.LogAspect       : 请求参数: []
2026-05-25T00:36:29.087+08:00  INFO 4356 --- [store] [http-nio-8888-exec-1] com.example.store.aspect.LogAspect       : ============== AOP日志结束 ==============
2026-05-25T00:36:41.589+08:00  INFO 4356 --- [store] [http-nio-8888-exec-2] com.example.store.aspect.LogAspect       : ============== AOP日志开始 ==============
2026-05-25T00:36:41.589+08:00  INFO 4356 --- [store] [http-nio-8888-exec-2] com.example.store.aspect.LogAspect       : 请求地址: http://localhost:8888/store/user/login
2026-05-25T00:36:41.589+08:00  INFO 4356 --- [store] [http-nio-8888-exec-2] com.example.store.aspect.LogAspect       : 请求方式: POST
2026-05-25T00:36:41.589+08:00  INFO 4356 --- [store] [http-nio-8888-exec-2] com.example.store.aspect.LogAspect       : 执行方法: com.example.store.controller.UserController.login
2026-05-25T00:36:41.589+08:00  INFO 4356 --- [store] [http-nio-8888-exec-2] com.example.store.aspect.LogAspect       : 请求参数: [LoginDTO(username=cc, password=123456, code=3dpu, uuid=8d8ab203-9ea9-4b2e-8692-d75967416f3c)]
2026-05-25T00:36:41.589+08:00  INFO 4356 --- [store] [http-nio-8888-exec-2] com.example.store.aspect.LogAspect       : ============== AOP日志结束 ==============
2026-05-25T00:36:41.797+08:00  INFO 4356 --- [store] [http-nio-8888-exec-2] com.zaxxer.hikari.HikariDataSource       : HikariPool-1 - Starting...
2026-05-25T00:36:42.109+08:00  INFO 4356 --- [store] [http-nio-8888-exec-2] com.zaxxer.hikari.pool.HikariPool        : HikariPool-1 - Added connection com.mysql.cj.jdbc.ConnectionImpl@688ca7d2
2026-05-25T00:36:42.112+08:00  INFO 4356 --- [store] [http-nio-8888-exec-2] com.zaxxer.hikari.HikariDataSource       : HikariPool-1 - Start completed.
2026-05-25T00:36:42.630+08:00  INFO 4356 --- [store] [http-nio-8888-exec-8] com.example.store.aspect.LogAspect       : ============== AOP日志开始 ==============
2026-05-25T00:36:42.630+08:00  INFO 4356 --- [store] [http-nio-8888-exec-1] com.example.store.aspect.LogAspect       : ============== AOP日志开始 ==============
2026-05-25T00:36:42.631+08:00  INFO 4356 --- [store] [http-nio-8888-exec-8] com.example.store.aspect.LogAspect       : 请求地址: http://localhost:8888/store/category/tree
2026-05-25T00:36:42.632+08:00  INFO 4356 --- [store] [http-nio-8888-exec-1] com.example.store.aspect.LogAspect       : 请求地址: http://localhost:8888/store/goods/hot
2026-05-25T00:36:42.633+08:00  INFO 4356 --- [store] [http-nio-8888-exec-8] com.example.store.aspect.LogAspect       : 请求方式: GET
2026-05-25T00:36:42.634+08:00  INFO 4356 --- [store] [http-nio-8888-exec-1] com.example.store.aspect.LogAspect       : 请求方式: GET
2026-05-25T00:36:42.634+08:00  INFO 4356 --- [store] [http-nio-8888-exec-1] com.example.store.aspect.LogAspect       : 执行方法: com.example.store.controller.GoodsController.hot
2026-05-25T00:36:42.634+08:00  INFO 4356 --- [store] [http-nio-8888-exec-8] com.example.store.aspect.LogAspect       : 执行方法: com.example.store.controller.CategoryController.getTree
2026-05-25T00:36:42.635+08:00  INFO 4356 --- [store] [http-nio-8888-exec-1] com.example.store.aspect.LogAspect       : 请求参数: []
2026-05-25T00:36:42.635+08:00  INFO 4356 --- [store] [http-nio-8888-exec-8] com.example.store.aspect.LogAspect       : 请求参数: []
2026-05-25T00:36:42.635+08:00  INFO 4356 --- [store] [http-nio-8888-exec-1] com.example.store.aspect.LogAspect       : ============== AOP日志结束 ==============
2026-05-25T00:36:42.635+08:00  INFO 4356 --- [store] [http-nio-8888-exec-8] com.example.store.aspect.LogAspect       : ============== AOP日志结束 ==============
2026-05-25T00:36:42.637+08:00  INFO 4356 --- [store] [http-nio-8888-exec-10] com.example.store.aspect.LogAspect       : ============== AOP日志开始 ==============
2026-05-25T00:36:42.640+08:00  INFO 4356 --- [store] [http-nio-8888-exec-10] com.example.store.aspect.LogAspect       : 请求地址: http://localhost:8888/store/goods/list
2026-05-25T00:36:42.641+08:00  INFO 4356 --- [store] [http-nio-8888-exec-10] com.example.store.aspect.LogAspect       : 请求方式: GET
2026-05-25T00:36:42.642+08:00  INFO 4356 --- [store] [http-nio-8888-exec-10] com.example.store.aspect.LogAspect       : 执行方法: com.example.store.controller.GoodsController.list
2026-05-25T00:36:42.643+08:00  INFO 4356 --- [store] [http-nio-8888-exec-10] com.example.store.aspect.LogAspect       : 请求参数: [1, 10, null, null, null]
2026-05-25T00:36:42.643+08:00  INFO 4356 --- [store] [http-nio-8888-exec-10] com.example.store.aspect.LogAspect       : ============== AOP日志结束 ==============
2026-05-25T00:36:42.645+08:00  INFO 4356 --- [store] [http-nio-8888-exec-9] com.example.store.aspect.LogAspect       : ============== AOP日志开始 ==============
2026-05-25T00:36:42.645+08:00  INFO 4356 --- [store] [http-nio-8888-exec-9] com.example.store.aspect.LogAspect       : 请求地址: http://localhost:8888/store/user/info/c3d4587dcef6f7fc62cf35453516be76
2026-05-25T00:36:42.645+08:00  INFO 4356 --- [store] [http-nio-8888-exec-9] com.example.store.aspect.LogAspect       : 请求方式: GET
2026-05-25T00:36:42.645+08:00  INFO 4356 --- [store] [http-nio-8888-exec-9] com.example.store.aspect.LogAspect       : 执行方法: com.example.store.controller.UserController.getUserInfo
2026-05-25T00:36:42.645+08:00  INFO 4356 --- [store] [http-nio-8888-exec-9] com.example.store.aspect.LogAspect       : 请求参数: [c3d4587dcef6f7fc62cf35453516be76]
2026-05-25T00:36:42.645+08:00  INFO 4356 --- [store] [http-nio-8888-exec-9] com.example.store.aspect.LogAspect       : ============== AOP日志结束 ==============
2026-05-25T00:36:43.552+08:00  INFO 4356 --- [store] [http-nio-8888-exec-3] com.example.store.aspect.LogAspect       : ============== AOP日志开始 ==============
2026-05-25T00:36:43.554+08:00  INFO 4356 --- [store] [http-nio-8888-exec-3] com.example.store.aspect.LogAspect       : 请求地址: http://localhost:8888/store/user/info/c3d4587dcef6f7fc62cf35453516be76
2026-05-25T00:36:43.554+08:00  INFO 4356 --- [store] [http-nio-8888-exec-3] com.example.store.aspect.LogAspect       : 请求方式: GET
2026-05-25T00:36:43.555+08:00  INFO 4356 --- [store] [http-nio-8888-exec-3] com.example.store.aspect.LogAspect       : 执行方法: com.example.store.controller.UserController.getUserInfo
2026-05-25T00:36:43.555+08:00  INFO 4356 --- [store] [http-nio-8888-exec-3] com.example.store.aspect.LogAspect       : 请求参数: [c3d4587dcef6f7fc62cf35453516be76]
2026-05-25T00:36:43.555+08:00  INFO 4356 --- [store] [http-nio-8888-exec-3] com.example.store.aspect.LogAspect       : ============== AOP日志结束 ==============
2026-05-25T00:36:43.557+08:00  INFO 4356 --- [store] [http-nio-8888-exec-10] com.example.store.aspect.LogAspect       : ============== AOP日志开始 ==============
2026-05-25T00:36:43.557+08:00  INFO 4356 --- [store] [http-nio-8888-exec-7] com.example.store.aspect.LogAspect       : ============== AOP日志开始 ==============
2026-05-25T00:36:43.557+08:00  INFO 4356 --- [store] [http-nio-8888-exec-10] com.example.store.aspect.LogAspect       : 请求地址: http://localhost:8888/store/goods/detail/4592d5e4-e21d-11f0-a35a-088fc3e477f5
2026-05-25T00:36:43.558+08:00  INFO 4356 --- [store] [http-nio-8888-exec-7] com.example.store.aspect.LogAspect       : 请求地址: http://localhost:8888/store/review/stats/4592d5e4-e21d-11f0-a35a-088fc3e477f5
2026-05-25T00:36:43.558+08:00  INFO 4356 --- [store] [http-nio-8888-exec-10] com.example.store.aspect.LogAspect       : 请求方式: GET
2026-05-25T00:36:43.558+08:00  INFO 4356 --- [store] [http-nio-8888-exec-7] com.example.store.aspect.LogAspect       : 请求方式: GET
2026-05-25T00:36:43.558+08:00  INFO 4356 --- [store] [http-nio-8888-exec-10] com.example.store.aspect.LogAspect       : 执行方法: com.example.store.controller.GoodsController.detail
2026-05-25T00:36:43.558+08:00  INFO 4356 --- [store] [http-nio-8888-exec-7] com.example.store.aspect.LogAspect       : 执行方法: com.example.store.controller.ReviewController.getReviewStats
2026-05-25T00:36:43.558+08:00  INFO 4356 --- [store] [http-nio-8888-exec-10] com.example.store.aspect.LogAspect       : 请求参数: [4592d5e4-e21d-11f0-a35a-088fc3e477f5]
2026-05-25T00:36:43.558+08:00  INFO 4356 --- [store] [http-nio-8888-exec-7] com.example.store.aspect.LogAspect       : 请求参数: [4592d5e4-e21d-11f0-a35a-088fc3e477f5]
2026-05-25T00:36:43.559+08:00  INFO 4356 --- [store] [http-nio-8888-exec-10] com.example.store.aspect.LogAspect       : ============== AOP日志结束 ==============
2026-05-25T00:36:43.559+08:00  INFO 4356 --- [store] [http-nio-8888-exec-7] com.example.store.aspect.LogAspect       : ============== AOP日志结束 ==============
2026-05-25T00:36:43.584+08:00  INFO 4356 --- [store] [http-nio-8888-exec-8] com.example.store.aspect.LogAspect       : ============== AOP日志开始 ==============
2026-05-25T00:36:43.586+08:00  INFO 4356 --- [store] [http-nio-8888-exec-8] com.example.store.aspect.LogAspect       : 请求地址: http://localhost:8888/store/shop/detail/shop002
2026-05-25T00:36:43.586+08:00  INFO 4356 --- [store] [http-nio-8888-exec-8] com.example.store.aspect.LogAspect       : 请求方式: GET
2026-05-25T00:36:43.586+08:00  INFO 4356 --- [store] [http-nio-8888-exec-8] com.example.store.aspect.LogAspect       : 执行方法: com.example.store.controller.ShopController.detail
2026-05-25T00:36:43.587+08:00  INFO 4356 --- [store] [http-nio-8888-exec-8] com.example.store.aspect.LogAspect       : 请求参数: [shop002]
2026-05-25T00:36:43.587+08:00  INFO 4356 --- [store] [http-nio-8888-exec-8] com.example.store.aspect.LogAspect       : ============== AOP日志结束 ==============
2026-05-25T00:36:45.060+08:00  INFO 4356 --- [store] [http-nio-8888-exec-1] com.example.store.aspect.LogAspect       : ============== AOP日志开始 ==============
2026-05-25T00:36:45.061+08:00  INFO 4356 --- [store] [http-nio-8888-exec-1] com.example.store.aspect.LogAspect       : 请求地址: http://localhost:8888/store/review/list/4592d5e4-e21d-11f0-a35a-088fc3e477f5
2026-05-25T00:36:45.062+08:00  INFO 4356 --- [store] [http-nio-8888-exec-1] com.example.store.aspect.LogAspect       : 请求方式: GET
2026-05-25T00:36:45.062+08:00  INFO 4356 --- [store] [http-nio-8888-exec-1] com.example.store.aspect.LogAspect       : 执行方法: com.example.store.controller.ReviewController.getReviewList
2026-05-25T00:36:45.062+08:00  INFO 4356 --- [store] [http-nio-8888-exec-1] com.example.store.aspect.LogAspect       : 请求参数: [4592d5e4-e21d-11f0-a35a-088fc3e477f5, 1, 10]
2026-05-25T00:36:45.063+08:00  INFO 4356 --- [store] [http-nio-8888-exec-1] com.example.store.aspect.LogAspect       : ============== AOP日志结束 ==============
2026-05-25T00:36:47.051+08:00  INFO 4356 --- [store] [http-nio-8888-exec-2] com.example.store.aspect.LogAspect       : ============== AOP日志开始 ==============
2026-05-25T00:36:47.052+08:00  INFO 4356 --- [store] [http-nio-8888-exec-2] com.example.store.aspect.LogAspect       : 请求地址: http://localhost:8888/store/user/info/c3d4587dcef6f7fc62cf35453516be76
2026-05-25T00:36:47.052+08:00  INFO 4356 --- [store] [http-nio-8888-exec-2] com.example.store.aspect.LogAspect       : 请求方式: GET
2026-05-25T00:36:47.052+08:00  INFO 4356 --- [store] [http-nio-8888-exec-2] com.example.store.aspect.LogAspect       : 执行方法: com.example.store.controller.UserController.getUserInfo
2026-05-25T00:36:47.053+08:00  INFO 4356 --- [store] [http-nio-8888-exec-2] com.example.store.aspect.LogAspect       : 请求参数: [c3d4587dcef6f7fc62cf35453516be76]
2026-05-25T00:36:47.053+08:00  INFO 4356 --- [store] [http-nio-8888-exec-2] com.example.store.aspect.LogAspect       : ============== AOP日志结束 ==============
2026-05-25T00:36:47.057+08:00  INFO 4356 --- [store] [http-nio-8888-exec-5] com.example.store.aspect.LogAspect       : ============== AOP日志开始 ==============
2026-05-25T00:36:47.058+08:00  INFO 4356 --- [store] [http-nio-8888-exec-5] com.example.store.aspect.LogAspect       : 请求地址: http://localhost:8888/store/order/list
2026-05-25T00:36:47.058+08:00  INFO 4356 --- [store] [http-nio-8888-exec-5] com.example.store.aspect.LogAspect       : 请求方式: GET
2026-05-25T00:36:47.059+08:00  INFO 4356 --- [store] [http-nio-8888-exec-5] com.example.store.aspect.LogAspect       : 执行方法: com.example.store.controller.OrderController.list
2026-05-25T00:36:47.059+08:00  INFO 4356 --- [store] [http-nio-8888-exec-5] com.example.store.aspect.LogAspect       : 请求参数: [1, 5, null]
2026-05-25T00:36:47.060+08:00  INFO 4356 --- [store] [http-nio-8888-exec-5] com.example.store.aspect.LogAspect       : ============== AOP日志结束 ==============
2026-05-25T00:36:48.061+08:00  INFO 4356 --- [store] [http-nio-8888-exec-3] com.example.store.aspect.LogAspect       : ============== AOP日志开始 ==============
2026-05-25T00:36:48.062+08:00  INFO 4356 --- [store] [http-nio-8888-exec-3] com.example.store.aspect.LogAspect       : 请求地址: http://localhost:8888/store/user/info/c3d4587dcef6f7fc62cf35453516be76
2026-05-25T00:36:48.063+08:00  INFO 4356 --- [store] [http-nio-8888-exec-3] com.example.store.aspect.LogAspect       : 请求方式: GET
2026-05-25T00:36:48.064+08:00  INFO 4356 --- [store] [http-nio-8888-exec-3] com.example.store.aspect.LogAspect       : 执行方法: com.example.store.controller.UserController.getUserInfo
2026-05-25T00:36:48.064+08:00  INFO 4356 --- [store] [http-nio-8888-exec-3] com.example.store.aspect.LogAspect       : 请求参数: [c3d4587dcef6f7fc62cf35453516be76]
2026-05-25T00:36:48.065+08:00  INFO 4356 --- [store] [http-nio-8888-exec-3] com.example.store.aspect.LogAspect       : ============== AOP日志结束 ==============
2026-05-25T00:36:48.065+08:00  INFO 4356 --- [store] [http-nio-8888-exec-8] com.example.store.aspect.LogAspect       : ============== AOP日志开始 ==============
2026-05-25T00:36:48.066+08:00  INFO 4356 --- [store] [http-nio-8888-exec-8] com.example.store.aspect.LogAspect       : 请求地址: http://localhost:8888/store/order/detail/bdf190dd72492e815e3c5d9b3e5e9647
2026-05-25T00:36:48.066+08:00  INFO 4356 --- [store] [http-nio-8888-exec-8] com.example.store.aspect.LogAspect       : 请求方式: GET
2026-05-25T00:36:48.067+08:00  INFO 4356 --- [store] [http-nio-8888-exec-8] com.example.store.aspect.LogAspect       : 执行方法: com.example.store.controller.OrderController.detail
2026-05-25T00:36:48.068+08:00  INFO 4356 --- [store] [http-nio-8888-exec-8] com.example.store.aspect.LogAspect       : 请求参数: [bdf190dd72492e815e3c5d9b3e5e9647]
2026-05-25T00:36:48.068+08:00  INFO 4356 --- [store] [http-nio-8888-exec-8] com.example.store.aspect.LogAspect       : ============== AOP日志结束 ==============
2026-05-25T00:36:53.749+08:00  INFO 4356 --- [store] [http-nio-8888-exec-7] com.example.store.aspect.LogAspect       : ============== AOP日志开始 ==============
2026-05-25T00:36:53.749+08:00  INFO 4356 --- [store] [http-nio-8888-exec-9] com.example.store.aspect.LogAspect       : ============== AOP日志开始 ==============
2026-05-25T00:36:53.749+08:00  INFO 4356 --- [store] [http-nio-8888-exec-9] com.example.store.aspect.LogAspect       : 请求地址: http://localhost:8888/store/order/list
2026-05-25T00:36:53.749+08:00  INFO 4356 --- [store] [http-nio-8888-exec-7] com.example.store.aspect.LogAspect       : 请求地址: http://localhost:8888/store/user/info/c3d4587dcef6f7fc62cf35453516be76
2026-05-25T00:36:53.750+08:00  INFO 4356 --- [store] [http-nio-8888-exec-9] com.example.store.aspect.LogAspect       : 请求方式: GET
2026-05-25T00:36:53.750+08:00  INFO 4356 --- [store] [http-nio-8888-exec-7] com.example.store.aspect.LogAspect       : 请求方式: GET
2026-05-25T00:36:53.750+08:00  INFO 4356 --- [store] [http-nio-8888-exec-9] com.example.store.aspect.LogAspect       : 执行方法: com.example.store.controller.OrderController.list
2026-05-25T00:36:53.750+08:00  INFO 4356 --- [store] [http-nio-8888-exec-7] com.example.store.aspect.LogAspect       : 执行方法: com.example.store.controller.UserController.getUserInfo
2026-05-25T00:36:53.751+08:00  INFO 4356 --- [store] [http-nio-8888-exec-7] com.example.store.aspect.LogAspect       : 请求参数: [c3d4587dcef6f7fc62cf35453516be76]
2026-05-25T00:36:53.750+08:00  INFO 4356 --- [store] [http-nio-8888-exec-9] com.example.store.aspect.LogAspect       : 请求参数: [1, 5, null]
2026-05-25T00:36:53.751+08:00  INFO 4356 --- [store] [http-nio-8888-exec-7] com.example.store.aspect.LogAspect       : ============== AOP日志结束 ==============
2026-05-25T00:36:53.752+08:00  INFO 4356 --- [store] [http-nio-8888-exec-9] com.example.store.aspect.LogAspect       : ============== AOP日志结束 ==============
2026-05-25T00:36:54.701+08:00  INFO 4356 --- [store] [http-nio-8888-exec-4] com.example.store.aspect.LogAspect       : ============== AOP日志开始 ==============
2026-05-25T00:36:54.701+08:00  INFO 4356 --- [store] [http-nio-8888-exec-4] com.example.store.aspect.LogAspect       : 请求地址: http://localhost:8888/store/order/list
2026-05-25T00:36:54.701+08:00  INFO 4356 --- [store] [http-nio-8888-exec-4] com.example.store.aspect.LogAspect       : 请求方式: GET
2026-05-25T00:36:54.701+08:00  INFO 4356 --- [store] [http-nio-8888-exec-4] com.example.store.aspect.LogAspect       : 执行方法: com.example.store.controller.OrderController.list
2026-05-25T00:36:54.701+08:00  INFO 4356 --- [store] [http-nio-8888-exec-4] com.example.store.aspect.LogAspect       : 请求参数: [1, 5, 3]
2026-05-25T00:36:54.701+08:00  INFO 4356 --- [store] [http-nio-8888-exec-4] com.example.store.aspect.LogAspect       : ============== AOP日志结束 ==============
2026-05-25T00:36:55.731+08:00  INFO 4356 --- [store] [http-nio-8888-exec-2] com.example.store.aspect.LogAspect       : ============== AOP日志开始 ==============
2026-05-25T00:36:55.731+08:00  INFO 4356 --- [store] [http-nio-8888-exec-2] com.example.store.aspect.LogAspect       : 请求地址: http://localhost:8888/store/user/info/c3d4587dcef6f7fc62cf35453516be76
2026-05-25T00:36:55.731+08:00  INFO 4356 --- [store] [http-nio-8888-exec-2] com.example.store.aspect.LogAspect       : 请求方式: GET
2026-05-25T00:36:55.731+08:00  INFO 4356 --- [store] [http-nio-8888-exec-2] com.example.store.aspect.LogAspect       : 执行方法: com.example.store.controller.UserController.getUserInfo
2026-05-25T00:36:55.732+08:00  INFO 4356 --- [store] [http-nio-8888-exec-2] com.example.store.aspect.LogAspect       : 请求参数: [c3d4587dcef6f7fc62cf35453516be76]
2026-05-25T00:36:55.732+08:00  INFO 4356 --- [store] [http-nio-8888-exec-10] com.example.store.aspect.LogAspect       : ============== AOP日志开始 ==============
2026-05-25T00:36:55.732+08:00  INFO 4356 --- [store] [http-nio-8888-exec-2] com.example.store.aspect.LogAspect       : ============== AOP日志结束 ==============
2026-05-25T00:36:55.732+08:00  INFO 4356 --- [store] [http-nio-8888-exec-10] com.example.store.aspect.LogAspect       : 请求地址: http://localhost:8888/store/order/detail/15d21286d6d28963dabe8ccf85723148
2026-05-25T00:36:55.732+08:00  INFO 4356 --- [store] [http-nio-8888-exec-10] com.example.store.aspect.LogAspect       : 请求方式: GET
2026-05-25T00:36:55.732+08:00  INFO 4356 --- [store] [http-nio-8888-exec-10] com.example.store.aspect.LogAspect       : 执行方法: com.example.store.controller.OrderController.detail
2026-05-25T00:36:55.732+08:00  INFO 4356 --- [store] [http-nio-8888-exec-10] com.example.store.aspect.LogAspect       : 请求参数: [15d21286d6d28963dabe8ccf85723148]
2026-05-25T00:36:55.733+08:00  INFO 4356 --- [store] [http-nio-8888-exec-10] com.example.store.aspect.LogAspect       : ============== AOP日志结束 ==============
2026-05-25T00:37:04.211+08:00  INFO 4356 --- [store] [http-nio-8888-exec-3] com.example.store.aspect.LogAspect       : ============== AOP日志开始 ==============
2026-05-25T00:37:04.211+08:00  INFO 4356 --- [store] [http-nio-8888-exec-3] com.example.store.aspect.LogAspect       : 请求地址: http://localhost:8888/store/file/upload
2026-05-25T00:37:04.211+08:00  INFO 4356 --- [store] [http-nio-8888-exec-3] com.example.store.aspect.LogAspect       : 请求方式: POST
2026-05-25T00:37:04.215+08:00  INFO 4356 --- [store] [http-nio-8888-exec-3] com.example.store.aspect.LogAspect       : 执行方法: com.example.store.controller.FileController.upload
2026-05-25T00:37:04.215+08:00  INFO 4356 --- [store] [http-nio-8888-exec-3] com.example.store.aspect.LogAspect       : 请求参数: [org.springframework.web.multipart.support.StandardMultipartHttpServletRequest$StandardMultipartFile@618337ef]
2026-05-25T00:37:04.215+08:00  INFO 4356 --- [store] [http-nio-8888-exec-3] com.example.store.aspect.LogAspect       : ============== AOP日志结束 ==============
2026-05-25T00:37:30.315+08:00  INFO 4356 --- [store] [http-nio-8888-exec-8] com.example.store.aspect.LogAspect       : ============== AOP日志开始 ==============
2026-05-25T00:37:30.316+08:00  INFO 4356 --- [store] [http-nio-8888-exec-8] com.example.store.aspect.LogAspect       : 请求地址: http://localhost:8888/store/file/upload
2026-05-25T00:37:30.316+08:00  INFO 4356 --- [store] [http-nio-8888-exec-8] com.example.store.aspect.LogAspect       : 请求方式: POST
2026-05-25T00:37:30.316+08:00  INFO 4356 --- [store] [http-nio-8888-exec-8] com.example.store.aspect.LogAspect       : 执行方法: com.example.store.controller.FileController.upload
2026-05-25T00:37:30.316+08:00  INFO 4356 --- [store] [http-nio-8888-exec-8] com.example.store.aspect.LogAspect       : 请求参数: [org.springframework.web.multipart.support.StandardMultipartHttpServletRequest$StandardMultipartFile@426c9d26]
2026-05-25T00:37:30.317+08:00  INFO 4356 --- [store] [http-nio-8888-exec-8] com.example.store.aspect.LogAspect       : ============== AOP日志结束 ==============
2026-05-25T00:37:32.425+08:00  INFO 4356 --- [store] [http-nio-8888-exec-9] com.example.store.aspect.LogAspect       : ============== AOP日志开始 ==============
2026-05-25T00:37:32.426+08:00  INFO 4356 --- [store] [http-nio-8888-exec-9] com.example.store.aspect.LogAspect       : 请求地址: http://localhost:8888/store/review/submit
2026-05-25T00:37:32.426+08:00  INFO 4356 --- [store] [http-nio-8888-exec-9] com.example.store.aspect.LogAspect       : 请求方式: POST
2026-05-25T00:37:32.426+08:00  INFO 4356 --- [store] [http-nio-8888-exec-9] com.example.store.aspect.LogAspect       : 执行方法: com.example.store.controller.ReviewController.submitReview
2026-05-25T00:37:32.427+08:00  INFO 4356 --- [store] [http-nio-8888-exec-9] com.example.store.aspect.LogAspect       : 请求参数: [ReviewDTO(orderItemId=cc3a84135a0d9946cc942ce85d8d4559, rating=4, content=还行吧
, images=/image/6420fed1-5ccb-49ca-a240-b8d0db7d8da8.jpeg,/image/8d5c133e-6ede-4bd2-9367-4b4b76252459.png)]
2026-05-25T00:37:32.427+08:00  INFO 4356 --- [store] [http-nio-8888-exec-9] com.example.store.aspect.LogAspect       : ============== AOP日志结束 ==============
2026-05-25T00:37:37.624+08:00  INFO 4356 --- [store] [http-nio-8888-exec-1] com.example.store.aspect.LogAspect       : ============== AOP日志开始 ==============
2026-05-25T00:37:37.625+08:00  INFO 4356 --- [store] [http-nio-8888-exec-1] com.example.store.aspect.LogAspect       : 请求地址: http://localhost:8888/store/review/submit
2026-05-25T00:37:37.625+08:00  INFO 4356 --- [store] [http-nio-8888-exec-1] com.example.store.aspect.LogAspect       : 请求方式: POST
2026-05-25T00:37:37.625+08:00  INFO 4356 --- [store] [http-nio-8888-exec-1] com.example.store.aspect.LogAspect       : 执行方法: com.example.store.controller.ReviewController.submitReview
2026-05-25T00:37:37.626+08:00  INFO 4356 --- [store] [http-nio-8888-exec-1] com.example.store.aspect.LogAspect       : 请求参数: [ReviewDTO(orderItemId=cc3a84135a0d9946cc942ce85d8d4559, rating=5, content=ddd, images=)]
2026-05-25T00:37:37.626+08:00  INFO 4356 --- [store] [http-nio-8888-exec-1] com.example.store.aspect.LogAspect       : ============== AOP日志结束 ==============
2026-05-25T00:37:40.719+08:00  INFO 4356 --- [store] [http-nio-8888-exec-4] com.example.store.aspect.LogAspect       : ============== AOP日志开始 ==============
2026-05-25T00:37:40.719+08:00  INFO 4356 --- [store] [http-nio-8888-exec-5] com.example.store.aspect.LogAspect       : ============== AOP日志开始 ==============
2026-05-25T00:37:40.719+08:00  INFO 4356 --- [store] [http-nio-8888-exec-4] com.example.store.aspect.LogAspect       : 请求地址: http://localhost:8888/store/user/info/c3d4587dcef6f7fc62cf35453516be76
2026-05-25T00:37:40.719+08:00  INFO 4356 --- [store] [http-nio-8888-exec-5] com.example.store.aspect.LogAspect       : 请求地址: http://localhost:8888/store/order/list
2026-05-25T00:37:40.719+08:00  INFO 4356 --- [store] [http-nio-8888-exec-4] com.example.store.aspect.LogAspect       : 请求方式: GET
2026-05-25T00:37:40.719+08:00  INFO 4356 --- [store] [http-nio-8888-exec-5] com.example.store.aspect.LogAspect       : 请求方式: GET
2026-05-25T00:37:40.719+08:00  INFO 4356 --- [store] [http-nio-8888-exec-4] com.example.store.aspect.LogAspect       : 执行方法: com.example.store.controller.UserController.getUserInfo
2026-05-25T00:37:40.719+08:00  INFO 4356 --- [store] [http-nio-8888-exec-5] com.example.store.aspect.LogAspect       : 执行方法: com.example.store.controller.OrderController.list
2026-05-25T00:37:40.719+08:00  INFO 4356 --- [store] [http-nio-8888-exec-4] com.example.store.aspect.LogAspect       : 请求参数: [c3d4587dcef6f7fc62cf35453516be76]
2026-05-25T00:37:40.719+08:00  INFO 4356 --- [store] [http-nio-8888-exec-5] com.example.store.aspect.LogAspect       : 请求参数: [1, 5, null]
2026-05-25T00:37:40.719+08:00  INFO 4356 --- [store] [http-nio-8888-exec-4] com.example.store.aspect.LogAspect       : ============== AOP日志结束 ==============
2026-05-25T00:37:40.719+08:00  INFO 4356 --- [store] [http-nio-8888-exec-5] com.example.store.aspect.LogAspect       : ============== AOP日志结束 ==============
2026-05-25T00:37:42.849+08:00  INFO 4356 --- [store] [http-nio-8888-exec-10] com.example.store.aspect.LogAspect       : ============== AOP日志开始 ==============
2026-05-25T00:37:42.854+08:00  INFO 4356 --- [store] [http-nio-8888-exec-10] com.example.store.aspect.LogAspect       : 请求地址: http://localhost:8888/store/user/info/c3d4587dcef6f7fc62cf35453516be76
2026-05-25T00:37:42.854+08:00  INFO 4356 --- [store] [http-nio-8888-exec-10] com.example.store.aspect.LogAspect       : 请求方式: GET
2026-05-25T00:37:42.856+08:00  INFO 4356 --- [store] [http-nio-8888-exec-10] com.example.store.aspect.LogAspect       : 执行方法: com.example.store.controller.UserController.getUserInfo
2026-05-25T00:37:42.856+08:00  INFO 4356 --- [store] [http-nio-8888-exec-10] com.example.store.aspect.LogAspect       : 请求参数: [c3d4587dcef6f7fc62cf35453516be76]
2026-05-25T00:37:42.856+08:00  INFO 4356 --- [store] [http-nio-8888-exec-10] com.example.store.aspect.LogAspect       : ============== AOP日志结束 ==============
2026-05-25T00:37:43.526+08:00  INFO 4356 --- [store] [http-nio-8888-exec-7] com.example.store.aspect.LogAspect       : ============== AOP日志开始 ==============
2026-05-25T00:37:43.526+08:00  INFO 4356 --- [store] [http-nio-8888-exec-8] com.example.store.aspect.LogAspect       : ============== AOP日志开始 ==============
2026-05-25T00:37:43.526+08:00  INFO 4356 --- [store] [http-nio-8888-exec-3] com.example.store.aspect.LogAspect       : ============== AOP日志开始 ==============
2026-05-25T00:37:43.526+08:00  INFO 4356 --- [store] [http-nio-8888-exec-7] com.example.store.aspect.LogAspect       : 请求地址: http://localhost:8888/store/goods/hot
2026-05-25T00:37:43.526+08:00  INFO 4356 --- [store] [http-nio-8888-exec-8] com.example.store.aspect.LogAspect       : 请求地址: http://localhost:8888/store/category/tree
2026-05-25T00:37:43.526+08:00  INFO 4356 --- [store] [http-nio-8888-exec-3] com.example.store.aspect.LogAspect       : 请求地址: http://localhost:8888/store/user/info/c3d4587dcef6f7fc62cf35453516be76
2026-05-25T00:37:43.526+08:00  INFO 4356 --- [store] [http-nio-8888-exec-7] com.example.store.aspect.LogAspect       : 请求方式: GET
2026-05-25T00:37:43.526+08:00  INFO 4356 --- [store] [http-nio-8888-exec-8] com.example.store.aspect.LogAspect       : 请求方式: GET
2026-05-25T00:37:43.526+08:00  INFO 4356 --- [store] [http-nio-8888-exec-3] com.example.store.aspect.LogAspect       : 请求方式: GET
2026-05-25T00:37:43.526+08:00  INFO 4356 --- [store] [http-nio-8888-exec-7] com.example.store.aspect.LogAspect       : 执行方法: com.example.store.controller.GoodsController.hot
2026-05-25T00:37:43.533+08:00  INFO 4356 --- [store] [http-nio-8888-exec-3] com.example.store.aspect.LogAspect       : 执行方法: com.example.store.controller.UserController.getUserInfo
2026-05-25T00:37:43.533+08:00  INFO 4356 --- [store] [http-nio-8888-exec-8] com.example.store.aspect.LogAspect       : 执行方法: com.example.store.controller.CategoryController.getTree
2026-05-25T00:37:43.533+08:00  INFO 4356 --- [store] [http-nio-8888-exec-7] com.example.store.aspect.LogAspect       : 请求参数: []
2026-05-25T00:37:43.533+08:00  INFO 4356 --- [store] [http-nio-8888-exec-7] com.example.store.aspect.LogAspect       : ============== AOP日志结束 ==============
2026-05-25T00:37:43.533+08:00  INFO 4356 --- [store] [http-nio-8888-exec-3] com.example.store.aspect.LogAspect       : 请求参数: [c3d4587dcef6f7fc62cf35453516be76]
2026-05-25T00:37:43.533+08:00  INFO 4356 --- [store] [http-nio-8888-exec-8] com.example.store.aspect.LogAspect       : 请求参数: []
2026-05-25T00:37:43.534+08:00  INFO 4356 --- [store] [http-nio-8888-exec-8] com.example.store.aspect.LogAspect       : ============== AOP日志结束 ==============
2026-05-25T00:37:43.534+08:00  INFO 4356 --- [store] [http-nio-8888-exec-3] com.example.store.aspect.LogAspect       : ============== AOP日志结束 ==============
2026-05-25T00:37:43.536+08:00  INFO 4356 --- [store] [http-nio-8888-exec-9] com.example.store.aspect.LogAspect       : ============== AOP日志开始 ==============
2026-05-25T00:37:43.536+08:00  INFO 4356 --- [store] [http-nio-8888-exec-9] com.example.store.aspect.LogAspect       : 请求地址: http://localhost:8888/store/goods/list
2026-05-25T00:37:43.536+08:00  INFO 4356 --- [store] [http-nio-8888-exec-9] com.example.store.aspect.LogAspect       : 请求方式: GET
2026-05-25T00:37:43.536+08:00  INFO 4356 --- [store] [http-nio-8888-exec-9] com.example.store.aspect.LogAspect       : 执行方法: com.example.store.controller.GoodsController.list
2026-05-25T00:37:43.536+08:00  INFO 4356 --- [store] [http-nio-8888-exec-9] com.example.store.aspect.LogAspect       : 请求参数: [1, 10, null, null, null]
2026-05-25T00:37:43.536+08:00  INFO 4356 --- [store] [http-nio-8888-exec-9] com.example.store.aspect.LogAspect       : ============== AOP日志结束 ==============
2026-05-25T00:37:46.906+08:00  INFO 4356 --- [store] [http-nio-8888-exec-7] com.example.store.aspect.LogAspect       : ============== AOP日志开始 ==============
2026-05-25T00:37:46.906+08:00  INFO 4356 --- [store] [http-nio-8888-exec-6] com.example.store.aspect.LogAspect       : ============== AOP日志开始 ==============
2026-05-25T00:37:46.907+08:00  INFO 4356 --- [store] [http-nio-8888-exec-8] com.example.store.aspect.LogAspect       : ============== AOP日志开始 ==============
2026-05-25T00:37:46.907+08:00  INFO 4356 --- [store] [http-nio-8888-exec-7] com.example.store.aspect.LogAspect       : 请求地址: http://localhost:8888/store/review/stats/27d83564a605736d828c7cd7a4ee5256
2026-05-25T00:37:46.908+08:00  INFO 4356 --- [store] [http-nio-8888-exec-8] com.example.store.aspect.LogAspect       : 请求地址: http://localhost:8888/store/goods/detail/27d83564a605736d828c7cd7a4ee5256
2026-05-25T00:37:46.907+08:00  INFO 4356 --- [store] [http-nio-8888-exec-6] com.example.store.aspect.LogAspect       : 请求地址: http://localhost:8888/store/user/info/c3d4587dcef6f7fc62cf35453516be76
2026-05-25T00:37:46.908+08:00  INFO 4356 --- [store] [http-nio-8888-exec-7] com.example.store.aspect.LogAspect       : 请求方式: GET
2026-05-25T00:37:46.908+08:00  INFO 4356 --- [store] [http-nio-8888-exec-8] com.example.store.aspect.LogAspect       : 请求方式: GET
2026-05-25T00:37:46.908+08:00  INFO 4356 --- [store] [http-nio-8888-exec-6] com.example.store.aspect.LogAspect       : 请求方式: GET
2026-05-25T00:37:46.909+08:00  INFO 4356 --- [store] [http-nio-8888-exec-7] com.example.store.aspect.LogAspect       : 执行方法: com.example.store.controller.ReviewController.getReviewStats
2026-05-25T00:37:46.909+08:00  INFO 4356 --- [store] [http-nio-8888-exec-6] com.example.store.aspect.LogAspect       : 执行方法: com.example.store.controller.UserController.getUserInfo
2026-05-25T00:37:46.909+08:00  INFO 4356 --- [store] [http-nio-8888-exec-8] com.example.store.aspect.LogAspect       : 执行方法: com.example.store.controller.GoodsController.detail
2026-05-25T00:37:46.909+08:00  INFO 4356 --- [store] [http-nio-8888-exec-7] com.example.store.aspect.LogAspect       : 请求参数: [27d83564a605736d828c7cd7a4ee5256]
2026-05-25T00:37:46.909+08:00  INFO 4356 --- [store] [http-nio-8888-exec-6] com.example.store.aspect.LogAspect       : 请求参数: [c3d4587dcef6f7fc62cf35453516be76]
2026-05-25T00:37:46.909+08:00  INFO 4356 --- [store] [http-nio-8888-exec-8] com.example.store.aspect.LogAspect       : 请求参数: [27d83564a605736d828c7cd7a4ee5256]
2026-05-25T00:37:46.909+08:00  INFO 4356 --- [store] [http-nio-8888-exec-7] com.example.store.aspect.LogAspect       : ============== AOP日志结束 ==============
2026-05-25T00:37:46.909+08:00  INFO 4356 --- [store] [http-nio-8888-exec-6] com.example.store.aspect.LogAspect       : ============== AOP日志结束 ==============
2026-05-25T00:37:46.910+08:00  INFO 4356 --- [store] [http-nio-8888-exec-8] com.example.store.aspect.LogAspect       : ============== AOP日志结束 ==============
2026-05-25T00:37:46.929+08:00  INFO 4356 --- [store] [http-nio-8888-exec-5] com.example.store.aspect.LogAspect       : ============== AOP日志开始 ==============
2026-05-25T00:37:46.930+08:00  INFO 4356 --- [store] [http-nio-8888-exec-5] com.example.store.aspect.LogAspect       : 请求地址: http://localhost:8888/store/shop/detail/7b7a25908592c30c1696752fb4e7ae3b
2026-05-25T00:37:46.930+08:00  INFO 4356 --- [store] [http-nio-8888-exec-5] com.example.store.aspect.LogAspect       : 请求方式: GET
2026-05-25T00:37:46.930+08:00  INFO 4356 --- [store] [http-nio-8888-exec-5] com.example.store.aspect.LogAspect       : 执行方法: com.example.store.controller.ShopController.detail
2026-05-25T00:37:46.930+08:00  INFO 4356 --- [store] [http-nio-8888-exec-5] com.example.store.aspect.LogAspect       : 请求参数: [7b7a25908592c30c1696752fb4e7ae3b]
2026-05-25T00:37:46.931+08:00  INFO 4356 --- [store] [http-nio-8888-exec-5] com.example.store.aspect.LogAspect       : ============== AOP日志结束 ==============
2026-05-25T00:37:48.082+08:00  INFO 4356 --- [store] [http-nio-8888-exec-4] com.example.store.aspect.LogAspect       : ============== AOP日志开始 ==============
2026-05-25T00:37:48.082+08:00  INFO 4356 --- [store] [http-nio-8888-exec-4] com.example.store.aspect.LogAspect       : 请求地址: http://localhost:8888/store/review/list/27d83564a605736d828c7cd7a4ee5256
2026-05-25T00:37:48.083+08:00  INFO 4356 --- [store] [http-nio-8888-exec-4] com.example.store.aspect.LogAspect       : 请求方式: GET
2026-05-25T00:37:48.084+08:00  INFO 4356 --- [store] [http-nio-8888-exec-4] com.example.store.aspect.LogAspect       : 执行方法: com.example.store.controller.ReviewController.getReviewList
2026-05-25T00:37:48.084+08:00  INFO 4356 --- [store] [http-nio-8888-exec-4] com.example.store.aspect.LogAspect       : 请求参数: [27d83564a605736d828c7cd7a4ee5256, 1, 10]
2026-05-25T00:37:48.084+08:00  INFO 4356 --- [store] [http-nio-8888-exec-4] com.example.store.aspect.LogAspect       : ============== AOP日志结束 ==============
2026-05-25T00:39:24.897+08:00  INFO 22656 --- [store] [main] com.example.store.StoreApplication       : Starting StoreApplication using Java 23.0.2 with PID 22656 (D:\1A\store-system\store_springboot\target\classes started by chenchuang in D:\1A\store-system\store_springboot)
2026-05-25T00:39:24.903+08:00  INFO 22656 --- [store] [main] com.example.store.StoreApplication       : No active profile set, falling back to 1 default profile: "default"
2026-05-25T00:39:26.101+08:00  INFO 22656 --- [store] [main] .s.d.r.c.RepositoryConfigurationDelegate : Multiple Spring Data modules found, entering strict repository configuration mode
2026-05-25T00:39:26.107+08:00  INFO 22656 --- [store] [main] .s.d.r.c.RepositoryConfigurationDelegate : Bootstrapping Spring Data Elasticsearch repositories in DEFAULT mode.
2026-05-25T00:39:26.317+08:00  INFO 22656 --- [store] [main] .s.d.r.c.RepositoryConfigurationDelegate : Finished Spring Data repository scanning in 199 ms. Found 1 Elasticsearch repository interface.
2026-05-25T00:39:26.325+08:00  INFO 22656 --- [store] [main] .s.d.r.c.RepositoryConfigurationDelegate : Multiple Spring Data modules found, entering strict repository configuration mode
2026-05-25T00:39:26.331+08:00  INFO 22656 --- [store] [main] .s.d.r.c.RepositoryConfigurationDelegate : Bootstrapping Spring Data Reactive Elasticsearch repositories in DEFAULT mode.
2026-05-25T00:39:26.358+08:00  INFO 22656 --- [store] [main] .s.d.r.c.RepositoryConfigurationDelegate : Finished Spring Data repository scanning in 25 ms. Found 0 Reactive Elasticsearch repository interfaces.
2026-05-25T00:39:26.370+08:00  INFO 22656 --- [store] [main] .s.d.r.c.RepositoryConfigurationDelegate : Multiple Spring Data modules found, entering strict repository configuration mode
2026-05-25T00:39:26.370+08:00  INFO 22656 --- [store] [main] .s.d.r.c.RepositoryConfigurationDelegate : Bootstrapping Spring Data Redis repositories in DEFAULT mode.
2026-05-25T00:39:26.392+08:00  INFO 22656 --- [store] [main] .RepositoryConfigurationExtensionSupport : Spring Data Redis - Could not safely identify store assignment for repository candidate interface com.example.store.repository.GoodsDocRepository; If you want this repository to be a Redis repository, consider annotating your entities with one of these annotations: org.springframework.data.redis.core.RedisHash (preferred), or consider extending one of the following types with your repository: org.springframework.data.keyvalue.repository.KeyValueRepository
2026-05-25T00:39:26.392+08:00  INFO 22656 --- [store] [main] .s.d.r.c.RepositoryConfigurationDelegate : Finished Spring Data repository scanning in 10 ms. Found 0 Redis repository interfaces.
2026-05-25T00:39:27.249+08:00  INFO 22656 --- [store] [main] o.s.b.w.embedded.tomcat.TomcatWebServer  : Tomcat initialized with port 8888 (http)
2026-05-25T00:39:27.257+08:00  INFO 22656 --- [store] [main] o.apache.catalina.core.StandardService   : Starting service [Tomcat]
2026-05-25T00:39:27.262+08:00  INFO 22656 --- [store] [main] o.apache.catalina.core.StandardEngine    : Starting Servlet engine: [Apache Tomcat/10.1.40]
2026-05-25T00:39:27.370+08:00  INFO 22656 --- [store] [main] o.a.c.c.C.[Tomcat].[localhost].[/store]  : Initializing Spring embedded WebApplicationContext
2026-05-25T00:39:27.372+08:00  INFO 22656 --- [store] [main] w.s.c.ServletWebServerApplicationContext : Root WebApplicationContext: initialization completed in 2406 ms
2026-05-25T00:39:29.361+08:00  INFO 22656 --- [store] [main] r$InitializeUserDetailsManagerConfigurer : Global AuthenticationManager configured with UserDetailsService bean with name userDetailsServiceImpl
2026-05-25T00:39:30.483+08:00  INFO 22656 --- [store] [main] o.s.b.w.embedded.tomcat.TomcatWebServer  : Tomcat started on port 8888 (http) with context path '/store'
2026-05-25T00:39:30.490+08:00  INFO 22656 --- [store] [main] o.s.a.r.c.CachingConnectionFactory       : Attempting to connect to: [localhost:5672]
2026-05-25T00:39:30.549+08:00  INFO 22656 --- [store] [main] o.s.a.r.c.CachingConnectionFactory       : Created new connection: rabbitConnectionFactory#13866865:0/SimpleConnection@4884350b [delegate=amqp://guest@127.0.0.1:5672/, localPort=58895]
2026-05-25T00:39:30.665+08:00  INFO 22656 --- [store] [main] com.example.store.StoreApplication       : Started StoreApplication in 6.303 seconds (process running for 7.2)
2026-05-25T00:39:57.399+08:00  INFO 22656 --- [store] [http-nio-8888-exec-1] o.a.c.c.C.[Tomcat].[localhost].[/store]  : Initializing Spring DispatcherServlet 'dispatcherServlet'
2026-05-25T00:39:57.401+08:00  INFO 22656 --- [store] [http-nio-8888-exec-1] o.s.web.servlet.DispatcherServlet        : Initializing Servlet 'dispatcherServlet'
2026-05-25T00:39:57.419+08:00  INFO 22656 --- [store] [http-nio-8888-exec-1] o.s.web.servlet.DispatcherServlet        : Completed initialization in 17 ms
2026-05-25T00:39:58.815+08:00  INFO 22656 --- [store] [http-nio-8888-exec-3] com.example.store.aspect.LogAspect       : ============== AOP日志开始 ==============
2026-05-25T00:39:58.817+08:00  INFO 22656 --- [store] [http-nio-8888-exec-3] com.example.store.aspect.LogAspect       : 请求地址: http://localhost:8888/store/user/captcha
2026-05-25T00:39:58.819+08:00  INFO 22656 --- [store] [http-nio-8888-exec-3] com.example.store.aspect.LogAspect       : 请求方式: GET
2026-05-25T00:39:58.821+08:00  INFO 22656 --- [store] [http-nio-8888-exec-3] com.example.store.aspect.LogAspect       : 执行方法: com.example.store.controller.UserController.getCaptcha
2026-05-25T00:39:58.822+08:00  INFO 22656 --- [store] [http-nio-8888-exec-3] com.example.store.aspect.LogAspect       : 请求参数: []
2026-05-25T00:39:58.823+08:00  INFO 22656 --- [store] [http-nio-8888-exec-3] com.example.store.aspect.LogAspect       : ============== AOP日志结束 ==============
2026-05-25T00:40:05.833+08:00  INFO 22656 --- [store] [http-nio-8888-exec-4] com.example.store.aspect.LogAspect       : ============== AOP日志开始 ==============
2026-05-25T00:40:05.834+08:00  INFO 22656 --- [store] [http-nio-8888-exec-4] com.example.store.aspect.LogAspect       : 请求地址: http://localhost:8888/store/user/login
2026-05-25T00:40:05.835+08:00  INFO 22656 --- [store] [http-nio-8888-exec-4] com.example.store.aspect.LogAspect       : 请求方式: POST
2026-05-25T00:40:05.835+08:00  INFO 22656 --- [store] [http-nio-8888-exec-4] com.example.store.aspect.LogAspect       : 执行方法: com.example.store.controller.UserController.login
2026-05-25T00:40:05.836+08:00  INFO 22656 --- [store] [http-nio-8888-exec-4] com.example.store.aspect.LogAspect       : 请求参数: [LoginDTO(username=cc, password=123456, code=n0ts, uuid=0694030a-aed0-49cf-a780-3a45fb0cbf0d)]
2026-05-25T00:40:05.837+08:00  INFO 22656 --- [store] [http-nio-8888-exec-4] com.example.store.aspect.LogAspect       : ============== AOP日志结束 ==============
2026-05-25T00:40:06.030+08:00  INFO 22656 --- [store] [http-nio-8888-exec-4] com.zaxxer.hikari.HikariDataSource       : HikariPool-1 - Starting...
2026-05-25T00:40:06.361+08:00  INFO 22656 --- [store] [http-nio-8888-exec-4] com.zaxxer.hikari.pool.HikariPool        : HikariPool-1 - Added connection com.mysql.cj.jdbc.ConnectionImpl@77eb4dca
2026-05-25T00:40:06.366+08:00  INFO 22656 --- [store] [http-nio-8888-exec-4] com.zaxxer.hikari.HikariDataSource       : HikariPool-1 - Start completed.
2026-05-25T00:40:06.686+08:00  INFO 22656 --- [store] [http-nio-8888-exec-7] com.example.store.aspect.LogAspect       : ============== AOP日志开始 ==============
2026-05-25T00:40:06.687+08:00  INFO 22656 --- [store] [http-nio-8888-exec-7] com.example.store.aspect.LogAspect       : 请求地址: http://localhost:8888/store/goods/hot
2026-05-25T00:40:06.686+08:00  INFO 22656 --- [store] [http-nio-8888-exec-6] com.example.store.aspect.LogAspect       : ============== AOP日志开始 ==============
2026-05-25T00:40:06.688+08:00  INFO 22656 --- [store] [http-nio-8888-exec-7] com.example.store.aspect.LogAspect       : 请求方式: GET
2026-05-25T00:40:06.688+08:00  INFO 22656 --- [store] [http-nio-8888-exec-6] com.example.store.aspect.LogAspect       : 请求地址: http://localhost:8888/store/category/tree
2026-05-25T00:40:06.688+08:00  INFO 22656 --- [store] [http-nio-8888-exec-7] com.example.store.aspect.LogAspect       : 执行方法: com.example.store.controller.GoodsController.hot
2026-05-25T00:40:06.689+08:00  INFO 22656 --- [store] [http-nio-8888-exec-6] com.example.store.aspect.LogAspect       : 请求方式: GET
2026-05-25T00:40:06.689+08:00  INFO 22656 --- [store] [http-nio-8888-exec-7] com.example.store.aspect.LogAspect       : 请求参数: []
2026-05-25T00:40:06.689+08:00  INFO 22656 --- [store] [http-nio-8888-exec-6] com.example.store.aspect.LogAspect       : 执行方法: com.example.store.controller.CategoryController.getTree
2026-05-25T00:40:06.689+08:00  INFO 22656 --- [store] [http-nio-8888-exec-7] com.example.store.aspect.LogAspect       : ============== AOP日志结束 ==============
2026-05-25T00:40:06.689+08:00  INFO 22656 --- [store] [http-nio-8888-exec-6] com.example.store.aspect.LogAspect       : 请求参数: []
2026-05-25T00:40:06.690+08:00  INFO 22656 --- [store] [http-nio-8888-exec-6] com.example.store.aspect.LogAspect       : ============== AOP日志结束 ==============
2026-05-25T00:40:06.693+08:00  INFO 22656 --- [store] [http-nio-8888-exec-1] com.example.store.aspect.LogAspect       : ============== AOP日志开始 ==============
2026-05-25T00:40:06.694+08:00  INFO 22656 --- [store] [http-nio-8888-exec-1] com.example.store.aspect.LogAspect       : 请求地址: http://localhost:8888/store/goods/list
2026-05-25T00:40:06.696+08:00  INFO 22656 --- [store] [http-nio-8888-exec-1] com.example.store.aspect.LogAspect       : 请求方式: GET
2026-05-25T00:40:06.696+08:00  INFO 22656 --- [store] [http-nio-8888-exec-1] com.example.store.aspect.LogAspect       : 执行方法: com.example.store.controller.GoodsController.list
2026-05-25T00:40:06.696+08:00  INFO 22656 --- [store] [http-nio-8888-exec-1] com.example.store.aspect.LogAspect       : 请求参数: [1, 10, null, null, null]
2026-05-25T00:40:06.696+08:00  INFO 22656 --- [store] [http-nio-8888-exec-1] com.example.store.aspect.LogAspect       : ============== AOP日志结束 ==============
2026-05-25T00:40:06.702+08:00  INFO 22656 --- [store] [http-nio-8888-exec-9] com.example.store.aspect.LogAspect       : ============== AOP日志开始 ==============
2026-05-25T00:40:06.703+08:00  INFO 22656 --- [store] [http-nio-8888-exec-9] com.example.store.aspect.LogAspect       : 请求地址: http://localhost:8888/store/user/info/c3d4587dcef6f7fc62cf35453516be76
2026-05-25T00:40:06.703+08:00  INFO 22656 --- [store] [http-nio-8888-exec-9] com.example.store.aspect.LogAspect       : 请求方式: GET
2026-05-25T00:40:06.703+08:00  INFO 22656 --- [store] [http-nio-8888-exec-9] com.example.store.aspect.LogAspect       : 执行方法: com.example.store.controller.UserController.getUserInfo
2026-05-25T00:40:06.703+08:00  INFO 22656 --- [store] [http-nio-8888-exec-9] com.example.store.aspect.LogAspect       : 请求参数: [c3d4587dcef6f7fc62cf35453516be76]
2026-05-25T00:40:06.703+08:00  INFO 22656 --- [store] [http-nio-8888-exec-9] com.example.store.aspect.LogAspect       : ============== AOP日志结束 ==============
2026-05-25T00:40:08.479+08:00  INFO 22656 --- [store] [http-nio-8888-exec-8] com.example.store.aspect.LogAspect       : ============== AOP日志开始 ==============
2026-05-25T00:40:08.482+08:00  INFO 22656 --- [store] [http-nio-8888-exec-8] com.example.store.aspect.LogAspect       : 请求地址: http://localhost:8888/store/user/info/c3d4587dcef6f7fc62cf35453516be76
2026-05-25T00:40:08.484+08:00  INFO 22656 --- [store] [http-nio-8888-exec-8] com.example.store.aspect.LogAspect       : 请求方式: GET
2026-05-25T00:40:08.486+08:00  INFO 22656 --- [store] [http-nio-8888-exec-8] com.example.store.aspect.LogAspect       : 执行方法: com.example.store.controller.UserController.getUserInfo
2026-05-25T00:40:08.487+08:00  INFO 22656 --- [store] [http-nio-8888-exec-8] com.example.store.aspect.LogAspect       : 请求参数: [c3d4587dcef6f7fc62cf35453516be76]
2026-05-25T00:40:08.489+08:00  INFO 22656 --- [store] [http-nio-8888-exec-8] com.example.store.aspect.LogAspect       : ============== AOP日志结束 ==============
2026-05-25T00:40:08.493+08:00  INFO 22656 --- [store] [http-nio-8888-exec-4] com.example.store.aspect.LogAspect       : ============== AOP日志开始 ==============
2026-05-25T00:40:08.493+08:00  INFO 22656 --- [store] [http-nio-8888-exec-1] com.example.store.aspect.LogAspect       : ============== AOP日志开始 ==============
2026-05-25T00:40:08.496+08:00  INFO 22656 --- [store] [http-nio-8888-exec-4] com.example.store.aspect.LogAspect       : 请求地址: http://localhost:8888/store/goods/detail/27d83564a605736d828c7cd7a4ee5256
2026-05-25T00:40:08.496+08:00  INFO 22656 --- [store] [http-nio-8888-exec-1] com.example.store.aspect.LogAspect       : 请求地址: http://localhost:8888/store/review/stats/27d83564a605736d828c7cd7a4ee5256
2026-05-25T00:40:08.496+08:00  INFO 22656 --- [store] [http-nio-8888-exec-4] com.example.store.aspect.LogAspect       : 请求方式: GET
2026-05-25T00:40:08.496+08:00  INFO 22656 --- [store] [http-nio-8888-exec-1] com.example.store.aspect.LogAspect       : 请求方式: GET
2026-05-25T00:40:08.496+08:00  INFO 22656 --- [store] [http-nio-8888-exec-4] com.example.store.aspect.LogAspect       : 执行方法: com.example.store.controller.GoodsController.detail
2026-05-25T00:40:08.499+08:00  INFO 22656 --- [store] [http-nio-8888-exec-1] com.example.store.aspect.LogAspect       : 执行方法: com.example.store.controller.ReviewController.getReviewStats
2026-05-25T00:40:08.499+08:00  INFO 22656 --- [store] [http-nio-8888-exec-4] com.example.store.aspect.LogAspect       : 请求参数: [27d83564a605736d828c7cd7a4ee5256]
2026-05-25T00:40:08.499+08:00  INFO 22656 --- [store] [http-nio-8888-exec-1] com.example.store.aspect.LogAspect       : 请求参数: [27d83564a605736d828c7cd7a4ee5256]
2026-05-25T00:40:08.499+08:00  INFO 22656 --- [store] [http-nio-8888-exec-4] com.example.store.aspect.LogAspect       : ============== AOP日志结束 ==============
2026-05-25T00:40:08.501+08:00  INFO 22656 --- [store] [http-nio-8888-exec-1] com.example.store.aspect.LogAspect       : ============== AOP日志结束 ==============
2026-05-25T00:40:08.562+08:00  INFO 22656 --- [store] [http-nio-8888-exec-10] com.example.store.aspect.LogAspect       : ============== AOP日志开始 ==============
2026-05-25T00:40:08.563+08:00  INFO 22656 --- [store] [http-nio-8888-exec-10] com.example.store.aspect.LogAspect       : 请求地址: http://localhost:8888/store/shop/detail/7b7a25908592c30c1696752fb4e7ae3b
2026-05-25T00:40:08.565+08:00  INFO 22656 --- [store] [http-nio-8888-exec-10] com.example.store.aspect.LogAspect       : 请求方式: GET
2026-05-25T00:40:08.565+08:00  INFO 22656 --- [store] [http-nio-8888-exec-10] com.example.store.aspect.LogAspect       : 执行方法: com.example.store.controller.ShopController.detail
2026-05-25T00:40:08.566+08:00  INFO 22656 --- [store] [http-nio-8888-exec-10] com.example.store.aspect.LogAspect       : 请求参数: [7b7a25908592c30c1696752fb4e7ae3b]
2026-05-25T00:40:08.566+08:00  INFO 22656 --- [store] [http-nio-8888-exec-10] com.example.store.aspect.LogAspect       : ============== AOP日志结束 ==============
2026-05-25T00:40:09.616+08:00  INFO 22656 --- [store] [http-nio-8888-exec-7] com.example.store.aspect.LogAspect       : ============== AOP日志开始 ==============
2026-05-25T00:40:09.616+08:00  INFO 22656 --- [store] [http-nio-8888-exec-7] com.example.store.aspect.LogAspect       : 请求地址: http://localhost:8888/store/review/list/27d83564a605736d828c7cd7a4ee5256
2026-05-25T00:40:09.617+08:00  INFO 22656 --- [store] [http-nio-8888-exec-7] com.example.store.aspect.LogAspect       : 请求方式: GET
2026-05-25T00:40:09.617+08:00  INFO 22656 --- [store] [http-nio-8888-exec-7] com.example.store.aspect.LogAspect       : 执行方法: com.example.store.controller.ReviewController.getReviewList
2026-05-25T00:40:09.617+08:00  INFO 22656 --- [store] [http-nio-8888-exec-7] com.example.store.aspect.LogAspect       : 请求参数: [27d83564a605736d828c7cd7a4ee5256, 1, 10]
2026-05-25T00:40:09.618+08:00  INFO 22656 --- [store] [http-nio-8888-exec-7] com.example.store.aspect.LogAspect       : ============== AOP日志结束 ==============
2026-05-25T00:40:31.872+08:00  INFO 22656 --- [store] [http-nio-8888-exec-3] com.example.store.aspect.LogAspect       : ============== AOP日志开始 ==============
2026-05-25T00:40:31.872+08:00  INFO 22656 --- [store] [http-nio-8888-exec-5] com.example.store.aspect.LogAspect       : ============== AOP日志开始 ==============
2026-05-25T00:40:31.872+08:00  INFO 22656 --- [store] [http-nio-8888-exec-3] com.example.store.aspect.LogAspect       : 请求地址: http://localhost:8888/store/user/info/c3d4587dcef6f7fc62cf35453516be76
2026-05-25T00:40:31.874+08:00  INFO 22656 --- [store] [http-nio-8888-exec-5] com.example.store.aspect.LogAspect       : 请求地址: http://localhost:8888/store/shop/detail/7b7a25908592c30c1696752fb4e7ae3b
2026-05-25T00:40:31.874+08:00  INFO 22656 --- [store] [http-nio-8888-exec-3] com.example.store.aspect.LogAspect       : 请求方式: GET
2026-05-25T00:40:31.874+08:00  INFO 22656 --- [store] [http-nio-8888-exec-5] com.example.store.aspect.LogAspect       : 请求方式: GET
2026-05-25T00:40:31.874+08:00  INFO 22656 --- [store] [http-nio-8888-exec-3] com.example.store.aspect.LogAspect       : 执行方法: com.example.store.controller.UserController.getUserInfo
2026-05-25T00:40:31.874+08:00  INFO 22656 --- [store] [http-nio-8888-exec-5] com.example.store.aspect.LogAspect       : 执行方法: com.example.store.controller.ShopController.detail
2026-05-25T00:40:31.874+08:00  INFO 22656 --- [store] [http-nio-8888-exec-3] com.example.store.aspect.LogAspect       : 请求参数: [c3d4587dcef6f7fc62cf35453516be76]
2026-05-25T00:40:31.874+08:00  INFO 22656 --- [store] [http-nio-8888-exec-5] com.example.store.aspect.LogAspect       : 请求参数: [7b7a25908592c30c1696752fb4e7ae3b]
2026-05-25T00:40:31.874+08:00  INFO 22656 --- [store] [http-nio-8888-exec-3] com.example.store.aspect.LogAspect       : ============== AOP日志结束 ==============
2026-05-25T00:40:31.874+08:00  INFO 22656 --- [store] [http-nio-8888-exec-5] com.example.store.aspect.LogAspect       : ============== AOP日志结束 ==============
2026-05-25T00:40:31.896+08:00  INFO 22656 --- [store] [http-nio-8888-exec-8] com.example.store.aspect.LogAspect       : ============== AOP日志开始 ==============
2026-05-25T00:40:31.899+08:00  INFO 22656 --- [store] [http-nio-8888-exec-8] com.example.store.aspect.LogAspect       : 请求地址: http://localhost:8888/store/goods/list
2026-05-25T00:40:31.900+08:00  INFO 22656 --- [store] [http-nio-8888-exec-8] com.example.store.aspect.LogAspect       : 请求方式: GET
2026-05-25T00:40:31.900+08:00  INFO 22656 --- [store] [http-nio-8888-exec-8] com.example.store.aspect.LogAspect       : 执行方法: com.example.store.controller.GoodsController.list
2026-05-25T00:40:31.900+08:00  INFO 22656 --- [store] [http-nio-8888-exec-8] com.example.store.aspect.LogAspect       : 请求参数: [1, 10, null, 7b7a25908592c30c1696752fb4e7ae3b, null]
2026-05-25T00:40:31.903+08:00  INFO 22656 --- [store] [http-nio-8888-exec-8] com.example.store.aspect.LogAspect       : ============== AOP日志结束 ==============
2026-05-25T00:40:32.851+08:00  INFO 22656 --- [store] [http-nio-8888-exec-10] com.example.store.aspect.LogAspect       : ============== AOP日志开始 ==============
2026-05-25T00:40:32.851+08:00  INFO 22656 --- [store] [http-nio-8888-exec-9] com.example.store.aspect.LogAspect       : ============== AOP日志开始 ==============
2026-05-25T00:40:32.851+08:00  INFO 22656 --- [store] [http-nio-8888-exec-4] com.example.store.aspect.LogAspect       : ============== AOP日志开始 ==============
2026-05-25T00:40:32.851+08:00  INFO 22656 --- [store] [http-nio-8888-exec-1] com.example.store.aspect.LogAspect       : ============== AOP日志开始 ==============
2026-05-25T00:40:32.851+08:00  INFO 22656 --- [store] [http-nio-8888-exec-10] com.example.store.aspect.LogAspect       : 请求地址: http://localhost:8888/store/goods/hot
2026-05-25T00:40:32.853+08:00  INFO 22656 --- [store] [http-nio-8888-exec-1] com.example.store.aspect.LogAspect       : 请求地址: http://localhost:8888/store/goods/list
2026-05-25T00:40:32.852+08:00  INFO 22656 --- [store] [http-nio-8888-exec-9] com.example.store.aspect.LogAspect       : 请求地址: http://localhost:8888/store/category/tree
2026-05-25T00:40:32.853+08:00  INFO 22656 --- [store] [http-nio-8888-exec-4] com.example.store.aspect.LogAspect       : 请求地址: http://localhost:8888/store/user/info/c3d4587dcef6f7fc62cf35453516be76
2026-05-25T00:40:32.853+08:00  INFO 22656 --- [store] [http-nio-8888-exec-10] com.example.store.aspect.LogAspect       : 请求方式: GET
2026-05-25T00:40:32.854+08:00  INFO 22656 --- [store] [http-nio-8888-exec-1] com.example.store.aspect.LogAspect       : 请求方式: GET
2026-05-25T00:40:32.854+08:00  INFO 22656 --- [store] [http-nio-8888-exec-9] com.example.store.aspect.LogAspect       : 请求方式: GET
2026-05-25T00:40:32.854+08:00  INFO 22656 --- [store] [http-nio-8888-exec-4] com.example.store.aspect.LogAspect       : 请求方式: GET
2026-05-25T00:40:32.854+08:00  INFO 22656 --- [store] [http-nio-8888-exec-1] com.example.store.aspect.LogAspect       : 执行方法: com.example.store.controller.GoodsController.list
2026-05-25T00:40:32.854+08:00  INFO 22656 --- [store] [http-nio-8888-exec-9] com.example.store.aspect.LogAspect       : 执行方法: com.example.store.controller.CategoryController.getTree
2026-05-25T00:40:32.854+08:00  INFO 22656 --- [store] [http-nio-8888-exec-10] com.example.store.aspect.LogAspect       : 执行方法: com.example.store.controller.GoodsController.hot
2026-05-25T00:40:32.854+08:00  INFO 22656 --- [store] [http-nio-8888-exec-4] com.example.store.aspect.LogAspect       : 执行方法: com.example.store.controller.UserController.getUserInfo
2026-05-25T00:40:32.854+08:00  INFO 22656 --- [store] [http-nio-8888-exec-1] com.example.store.aspect.LogAspect       : 请求参数: [1, 10, null, null, null]
2026-05-25T00:40:32.855+08:00  INFO 22656 --- [store] [http-nio-8888-exec-4] com.example.store.aspect.LogAspect       : 请求参数: [c3d4587dcef6f7fc62cf35453516be76]
2026-05-25T00:40:32.855+08:00  INFO 22656 --- [store] [http-nio-8888-exec-10] com.example.store.aspect.LogAspect       : 请求参数: []
2026-05-25T00:40:32.855+08:00  INFO 22656 --- [store] [http-nio-8888-exec-9] com.example.store.aspect.LogAspect       : 请求参数: []
2026-05-25T00:40:32.856+08:00  INFO 22656 --- [store] [http-nio-8888-exec-1] com.example.store.aspect.LogAspect       : ============== AOP日志结束 ==============
2026-05-25T00:40:32.856+08:00  INFO 22656 --- [store] [http-nio-8888-exec-4] com.example.store.aspect.LogAspect       : ============== AOP日志结束 ==============
2026-05-25T00:40:32.858+08:00  INFO 22656 --- [store] [http-nio-8888-exec-9] com.example.store.aspect.LogAspect       : ============== AOP日志结束 ==============
2026-05-25T00:40:32.858+08:00  INFO 22656 --- [store] [http-nio-8888-exec-10] com.example.store.aspect.LogAspect       : ============== AOP日志结束 ==============
2026-05-25T00:40:33.928+08:00  INFO 22656 --- [store] [http-nio-8888-exec-6] com.example.store.aspect.LogAspect       : ============== AOP日志开始 ==============
2026-05-25T00:40:33.929+08:00  INFO 22656 --- [store] [http-nio-8888-exec-6] com.example.store.aspect.LogAspect       : 请求地址: http://localhost:8888/store/user/info/c3d4587dcef6f7fc62cf35453516be76
2026-05-25T00:40:33.929+08:00  INFO 22656 --- [store] [http-nio-8888-exec-6] com.example.store.aspect.LogAspect       : 请求方式: GET
2026-05-25T00:40:33.930+08:00  INFO 22656 --- [store] [http-nio-8888-exec-6] com.example.store.aspect.LogAspect       : 执行方法: com.example.store.controller.UserController.getUserInfo
2026-05-25T00:40:33.930+08:00  INFO 22656 --- [store] [http-nio-8888-exec-6] com.example.store.aspect.LogAspect       : 请求参数: [c3d4587dcef6f7fc62cf35453516be76]
2026-05-25T00:40:33.930+08:00  INFO 22656 --- [store] [http-nio-8888-exec-6] com.example.store.aspect.LogAspect       : ============== AOP日志结束 ==============
2026-05-25T00:40:33.933+08:00  INFO 22656 --- [store] [http-nio-8888-exec-3] com.example.store.aspect.LogAspect       : ============== AOP日志开始 ==============
2026-05-25T00:40:33.933+08:00  INFO 22656 --- [store] [http-nio-8888-exec-5] com.example.store.aspect.LogAspect       : ============== AOP日志开始 ==============
2026-05-25T00:40:33.934+08:00  INFO 22656 --- [store] [http-nio-8888-exec-5] com.example.store.aspect.LogAspect       : 请求地址: http://localhost:8888/store/review/stats/4592d30a-e21d-11f0-a35a-088fc3e477f5
2026-05-25T00:40:33.934+08:00  INFO 22656 --- [store] [http-nio-8888-exec-3] com.example.store.aspect.LogAspect       : 请求地址: http://localhost:8888/store/goods/detail/4592d30a-e21d-11f0-a35a-088fc3e477f5
2026-05-25T00:40:33.934+08:00  INFO 22656 --- [store] [http-nio-8888-exec-5] com.example.store.aspect.LogAspect       : 请求方式: GET
2026-05-25T00:40:33.934+08:00  INFO 22656 --- [store] [http-nio-8888-exec-3] com.example.store.aspect.LogAspect       : 请求方式: GET
2026-05-25T00:40:33.935+08:00  INFO 22656 --- [store] [http-nio-8888-exec-5] com.example.store.aspect.LogAspect       : 执行方法: com.example.store.controller.ReviewController.getReviewStats
2026-05-25T00:40:33.936+08:00  INFO 22656 --- [store] [http-nio-8888-exec-3] com.example.store.aspect.LogAspect       : 执行方法: com.example.store.controller.GoodsController.detail
2026-05-25T00:40:33.936+08:00  INFO 22656 --- [store] [http-nio-8888-exec-5] com.example.store.aspect.LogAspect       : 请求参数: [4592d30a-e21d-11f0-a35a-088fc3e477f5]
2026-05-25T00:40:33.936+08:00  INFO 22656 --- [store] [http-nio-8888-exec-3] com.example.store.aspect.LogAspect       : 请求参数: [4592d30a-e21d-11f0-a35a-088fc3e477f5]
2026-05-25T00:40:33.936+08:00  INFO 22656 --- [store] [http-nio-8888-exec-5] com.example.store.aspect.LogAspect       : ============== AOP日志结束 ==============
2026-05-25T00:40:33.936+08:00  INFO 22656 --- [store] [http-nio-8888-exec-3] com.example.store.aspect.LogAspect       : ============== AOP日志结束 ==============
2026-05-25T00:40:33.956+08:00  INFO 22656 --- [store] [http-nio-8888-exec-4] com.example.store.aspect.LogAspect       : ============== AOP日志开始 ==============
2026-05-25T00:40:33.956+08:00  INFO 22656 --- [store] [http-nio-8888-exec-4] com.example.store.aspect.LogAspect       : 请求地址: http://localhost:8888/store/shop/detail/shop001
2026-05-25T00:40:33.956+08:00  INFO 22656 --- [store] [http-nio-8888-exec-4] com.example.store.aspect.LogAspect       : 请求方式: GET
2026-05-25T00:40:33.956+08:00  INFO 22656 --- [store] [http-nio-8888-exec-4] com.example.store.aspect.LogAspect       : 执行方法: com.example.store.controller.ShopController.detail
2026-05-25T00:40:33.956+08:00  INFO 22656 --- [store] [http-nio-8888-exec-4] com.example.store.aspect.LogAspect       : 请求参数: [shop001]
2026-05-25T00:40:33.956+08:00  INFO 22656 --- [store] [http-nio-8888-exec-4] com.example.store.aspect.LogAspect       : ============== AOP日志结束 ==============
2026-05-25T00:40:35.201+08:00  INFO 22656 --- [store] [http-nio-8888-exec-9] com.example.store.aspect.LogAspect       : ============== AOP日志开始 ==============
2026-05-25T00:40:35.201+08:00  INFO 22656 --- [store] [http-nio-8888-exec-9] com.example.store.aspect.LogAspect       : 请求地址: http://localhost:8888/store/review/list/4592d30a-e21d-11f0-a35a-088fc3e477f5
2026-05-25T00:40:35.201+08:00  INFO 22656 --- [store] [http-nio-8888-exec-9] com.example.store.aspect.LogAspect       : 请求方式: GET
2026-05-25T00:40:35.202+08:00  INFO 22656 --- [store] [http-nio-8888-exec-9] com.example.store.aspect.LogAspect       : 执行方法: com.example.store.controller.ReviewController.getReviewList
2026-05-25T00:40:35.202+08:00  INFO 22656 --- [store] [http-nio-8888-exec-9] com.example.store.aspect.LogAspect       : 请求参数: [4592d30a-e21d-11f0-a35a-088fc3e477f5, 1, 10]
2026-05-25T00:40:35.202+08:00  INFO 22656 --- [store] [http-nio-8888-exec-9] com.example.store.aspect.LogAspect       : ============== AOP日志结束 ==============
2026-05-25T00:40:36.679+08:00  INFO 22656 --- [store] [http-nio-8888-exec-1] com.example.store.aspect.LogAspect       : ============== AOP日志开始 ==============
2026-05-25T00:40:36.679+08:00  INFO 22656 --- [store] [http-nio-8888-exec-7] com.example.store.aspect.LogAspect       : ============== AOP日志开始 ==============
2026-05-25T00:40:36.679+08:00  INFO 22656 --- [store] [http-nio-8888-exec-1] com.example.store.aspect.LogAspect       : 请求地址: http://localhost:8888/store/user/info/c3d4587dcef6f7fc62cf35453516be76
2026-05-25T00:40:36.679+08:00  INFO 22656 --- [store] [http-nio-8888-exec-7] com.example.store.aspect.LogAspect       : 请求地址: http://localhost:8888/store/shop/detail/shop001
2026-05-25T00:40:36.681+08:00  INFO 22656 --- [store] [http-nio-8888-exec-1] com.example.store.aspect.LogAspect       : 请求方式: GET
2026-05-25T00:40:36.681+08:00  INFO 22656 --- [store] [http-nio-8888-exec-7] com.example.store.aspect.LogAspect       : 请求方式: GET
2026-05-25T00:40:36.681+08:00  INFO 22656 --- [store] [http-nio-8888-exec-1] com.example.store.aspect.LogAspect       : 执行方法: com.example.store.controller.UserController.getUserInfo
2026-05-25T00:40:36.681+08:00  INFO 22656 --- [store] [http-nio-8888-exec-7] com.example.store.aspect.LogAspect       : 执行方法: com.example.store.controller.ShopController.detail
2026-05-25T00:40:36.682+08:00  INFO 22656 --- [store] [http-nio-8888-exec-7] com.example.store.aspect.LogAspect       : 请求参数: [shop001]
2026-05-25T00:40:36.682+08:00  INFO 22656 --- [store] [http-nio-8888-exec-1] com.example.store.aspect.LogAspect       : 请求参数: [c3d4587dcef6f7fc62cf35453516be76]
2026-05-25T00:40:36.682+08:00  INFO 22656 --- [store] [http-nio-8888-exec-7] com.example.store.aspect.LogAspect       : ============== AOP日志结束 ==============
2026-05-25T00:40:36.683+08:00  INFO 22656 --- [store] [http-nio-8888-exec-1] com.example.store.aspect.LogAspect       : ============== AOP日志结束 ==============
2026-05-25T00:40:36.688+08:00  INFO 22656 --- [store] [http-nio-8888-exec-6] com.example.store.aspect.LogAspect       : ============== AOP日志开始 ==============
2026-05-25T00:40:36.691+08:00  INFO 22656 --- [store] [http-nio-8888-exec-6] com.example.store.aspect.LogAspect       : 请求地址: http://localhost:8888/store/goods/list
2026-05-25T00:40:36.691+08:00  INFO 22656 --- [store] [http-nio-8888-exec-6] com.example.store.aspect.LogAspect       : 请求方式: GET
2026-05-25T00:40:36.693+08:00  INFO 22656 --- [store] [http-nio-8888-exec-6] com.example.store.aspect.LogAspect       : 执行方法: com.example.store.controller.GoodsController.list
2026-05-25T00:40:36.694+08:00  INFO 22656 --- [store] [http-nio-8888-exec-6] com.example.store.aspect.LogAspect       : 请求参数: [1, 10, null, shop001, null]
2026-05-25T00:40:36.695+08:00  INFO 22656 --- [store] [http-nio-8888-exec-6] com.example.store.aspect.LogAspect       : ============== AOP日志结束 ==============
2026-05-25T00:40:39.230+08:00  INFO 22656 --- [store] [http-nio-8888-exec-8] com.example.store.aspect.LogAspect       : ============== AOP日志开始 ==============
2026-05-25T00:40:39.230+08:00  INFO 22656 --- [store] [http-nio-8888-exec-3] com.example.store.aspect.LogAspect       : ============== AOP日志开始 ==============
2026-05-25T00:40:39.230+08:00  INFO 22656 --- [store] [http-nio-8888-exec-4] com.example.store.aspect.LogAspect       : ============== AOP日志开始 ==============
2026-05-25T00:40:39.230+08:00  INFO 22656 --- [store] [http-nio-8888-exec-4] com.example.store.aspect.LogAspect       : 请求地址: http://localhost:8888/store/review/stats/4592d30a-e21d-11f0-a35a-088fc3e477f5
2026-05-25T00:40:39.230+08:00  INFO 22656 --- [store] [http-nio-8888-exec-8] com.example.store.aspect.LogAspect       : 请求地址: http://localhost:8888/store/goods/detail/4592d30a-e21d-11f0-a35a-088fc3e477f5
2026-05-25T00:40:39.230+08:00  INFO 22656 --- [store] [http-nio-8888-exec-3] com.example.store.aspect.LogAspect       : 请求地址: http://localhost:8888/store/user/info/c3d4587dcef6f7fc62cf35453516be76
2026-05-25T00:40:39.232+08:00  INFO 22656 --- [store] [http-nio-8888-exec-8] com.example.store.aspect.LogAspect       : 请求方式: GET
2026-05-25T00:40:39.231+08:00  INFO 22656 --- [store] [http-nio-8888-exec-4] com.example.store.aspect.LogAspect       : 请求方式: GET
2026-05-25T00:40:39.232+08:00  INFO 22656 --- [store] [http-nio-8888-exec-3] com.example.store.aspect.LogAspect       : 请求方式: GET
2026-05-25T00:40:39.233+08:00  INFO 22656 --- [store] [http-nio-8888-exec-8] com.example.store.aspect.LogAspect       : 执行方法: com.example.store.controller.GoodsController.detail
2026-05-25T00:40:39.233+08:00  INFO 22656 --- [store] [http-nio-8888-exec-4] com.example.store.aspect.LogAspect       : 执行方法: com.example.store.controller.ReviewController.getReviewStats
2026-05-25T00:40:39.233+08:00  INFO 22656 --- [store] [http-nio-8888-exec-3] com.example.store.aspect.LogAspect       : 执行方法: com.example.store.controller.UserController.getUserInfo
2026-05-25T00:40:39.233+08:00  INFO 22656 --- [store] [http-nio-8888-exec-8] com.example.store.aspect.LogAspect       : 请求参数: [4592d30a-e21d-11f0-a35a-088fc3e477f5]
2026-05-25T00:40:39.233+08:00  INFO 22656 --- [store] [http-nio-8888-exec-3] com.example.store.aspect.LogAspect       : 请求参数: [c3d4587dcef6f7fc62cf35453516be76]
2026-05-25T00:40:39.233+08:00  INFO 22656 --- [store] [http-nio-8888-exec-4] com.example.store.aspect.LogAspect       : 请求参数: [4592d30a-e21d-11f0-a35a-088fc3e477f5]
2026-05-25T00:40:39.233+08:00  INFO 22656 --- [store] [http-nio-8888-exec-8] com.example.store.aspect.LogAspect       : ============== AOP日志结束 ==============
2026-05-25T00:40:39.234+08:00  INFO 22656 --- [store] [http-nio-8888-exec-3] com.example.store.aspect.LogAspect       : ============== AOP日志结束 ==============
2026-05-25T00:40:39.234+08:00  INFO 22656 --- [store] [http-nio-8888-exec-4] com.example.store.aspect.LogAspect       : ============== AOP日志结束 ==============
2026-05-25T00:40:39.254+08:00  INFO 22656 --- [store] [http-nio-8888-exec-5] com.example.store.aspect.LogAspect       : ============== AOP日志开始 ==============
2026-05-25T00:40:39.254+08:00  INFO 22656 --- [store] [http-nio-8888-exec-5] com.example.store.aspect.LogAspect       : 请求地址: http://localhost:8888/store/shop/detail/shop001
2026-05-25T00:40:39.255+08:00  INFO 22656 --- [store] [http-nio-8888-exec-5] com.example.store.aspect.LogAspect       : 请求方式: GET
2026-05-25T00:40:39.255+08:00  INFO 22656 --- [store] [http-nio-8888-exec-5] com.example.store.aspect.LogAspect       : 执行方法: com.example.store.controller.ShopController.detail
2026-05-25T00:40:39.255+08:00  INFO 22656 --- [store] [http-nio-8888-exec-5] com.example.store.aspect.LogAspect       : 请求参数: [shop001]
2026-05-25T00:40:39.255+08:00  INFO 22656 --- [store] [http-nio-8888-exec-5] com.example.store.aspect.LogAspect       : ============== AOP日志结束 ==============
2026-05-25T00:40:40.504+08:00  INFO 22656 --- [store] [http-nio-8888-exec-9] com.example.store.aspect.LogAspect       : ============== AOP日志开始 ==============
2026-05-25T00:40:40.504+08:00  INFO 22656 --- [store] [http-nio-8888-exec-10] com.example.store.aspect.LogAspect       : ============== AOP日志开始 ==============
2026-05-25T00:40:40.505+08:00  INFO 22656 --- [store] [http-nio-8888-exec-9] com.example.store.aspect.LogAspect       : 请求地址: http://localhost:8888/store/shop/detail/shop001
2026-05-25T00:40:40.505+08:00  INFO 22656 --- [store] [http-nio-8888-exec-10] com.example.store.aspect.LogAspect       : 请求地址: http://localhost:8888/store/user/info/c3d4587dcef6f7fc62cf35453516be76
2026-05-25T00:40:40.505+08:00  INFO 22656 --- [store] [http-nio-8888-exec-9] com.example.store.aspect.LogAspect       : 请求方式: GET
2026-05-25T00:40:40.506+08:00  INFO 22656 --- [store] [http-nio-8888-exec-9] com.example.store.aspect.LogAspect       : 执行方法: com.example.store.controller.ShopController.detail
2026-05-25T00:40:40.506+08:00  INFO 22656 --- [store] [http-nio-8888-exec-10] com.example.store.aspect.LogAspect       : 请求方式: GET
2026-05-25T00:40:40.507+08:00  INFO 22656 --- [store] [http-nio-8888-exec-10] com.example.store.aspect.LogAspect       : 执行方法: com.example.store.controller.UserController.getUserInfo
2026-05-25T00:40:40.507+08:00  INFO 22656 --- [store] [http-nio-8888-exec-10] com.example.store.aspect.LogAspect       : 请求参数: [c3d4587dcef6f7fc62cf35453516be76]
2026-05-25T00:40:40.506+08:00  INFO 22656 --- [store] [http-nio-8888-exec-9] com.example.store.aspect.LogAspect       : 请求参数: [shop001]
2026-05-25T00:40:40.507+08:00  INFO 22656 --- [store] [http-nio-8888-exec-10] com.example.store.aspect.LogAspect       : ============== AOP日志结束 ==============
2026-05-25T00:40:40.507+08:00  INFO 22656 --- [store] [http-nio-8888-exec-9] com.example.store.aspect.LogAspect       : ============== AOP日志结束 ==============
2026-05-25T00:40:40.506+08:00  INFO 22656 --- [store] [http-nio-8888-exec-2] com.example.store.aspect.LogAspect       : ============== AOP日志开始 ==============
2026-05-25T00:40:40.508+08:00  INFO 22656 --- [store] [http-nio-8888-exec-2] com.example.store.aspect.LogAspect       : 请求地址: http://localhost:8888/store/goods/list
2026-05-25T00:40:40.509+08:00  INFO 22656 --- [store] [http-nio-8888-exec-2] com.example.store.aspect.LogAspect       : 请求方式: GET
2026-05-25T00:40:40.509+08:00  INFO 22656 --- [store] [http-nio-8888-exec-2] com.example.store.aspect.LogAspect       : 执行方法: com.example.store.controller.GoodsController.list
2026-05-25T00:40:40.509+08:00  INFO 22656 --- [store] [http-nio-8888-exec-2] com.example.store.aspect.LogAspect       : 请求参数: [1, 10, null, shop001, null]
2026-05-25T00:40:40.509+08:00  INFO 22656 --- [store] [http-nio-8888-exec-2] com.example.store.aspect.LogAspect       : ============== AOP日志结束 ==============
2026-05-25T00:40:41.350+08:00  INFO 22656 --- [store] [http-nio-8888-exec-6] com.example.store.aspect.LogAspect       : ============== AOP日志开始 ==============
2026-05-25T00:40:41.356+08:00  INFO 22656 --- [store] [http-nio-8888-exec-8] com.example.store.aspect.LogAspect       : ============== AOP日志开始 ==============
2026-05-25T00:40:41.350+08:00  INFO 22656 --- [store] [http-nio-8888-exec-1] com.example.store.aspect.LogAspect       : ============== AOP日志开始 ==============
2026-05-25T00:40:41.350+08:00  INFO 22656 --- [store] [http-nio-8888-exec-7] com.example.store.aspect.LogAspect       : ============== AOP日志开始 ==============
2026-05-25T00:40:41.356+08:00  INFO 22656 --- [store] [http-nio-8888-exec-6] com.example.store.aspect.LogAspect       : 请求地址: http://localhost:8888/store/goods/hot
2026-05-25T00:40:41.356+08:00  INFO 22656 --- [store] [http-nio-8888-exec-8] com.example.store.aspect.LogAspect       : 请求地址: http://localhost:8888/store/goods/list
2026-05-25T00:40:41.356+08:00  INFO 22656 --- [store] [http-nio-8888-exec-1] com.example.store.aspect.LogAspect       : 请求地址: http://localhost:8888/store/category/tree
2026-05-25T00:40:41.356+08:00  INFO 22656 --- [store] [http-nio-8888-exec-7] com.example.store.aspect.LogAspect       : 请求地址: http://localhost:8888/store/user/info/c3d4587dcef6f7fc62cf35453516be76
2026-05-25T00:40:41.356+08:00  INFO 22656 --- [store] [http-nio-8888-exec-6] com.example.store.aspect.LogAspect       : 请求方式: GET
2026-05-25T00:40:41.356+08:00  INFO 22656 --- [store] [http-nio-8888-exec-7] com.example.store.aspect.LogAspect       : 请求方式: GET
2026-05-25T00:40:41.356+08:00  INFO 22656 --- [store] [http-nio-8888-exec-7] com.example.store.aspect.LogAspect       : 执行方法: com.example.store.controller.UserController.getUserInfo
2026-05-25T00:40:41.356+08:00  INFO 22656 --- [store] [http-nio-8888-exec-7] com.example.store.aspect.LogAspect       : 请求参数: [c3d4587dcef6f7fc62cf35453516be76]
2026-05-25T00:40:41.356+08:00  INFO 22656 --- [store] [http-nio-8888-exec-8] com.example.store.aspect.LogAspect       : 请求方式: GET
2026-05-25T00:40:41.356+08:00  INFO 22656 --- [store] [http-nio-8888-exec-1] com.example.store.aspect.LogAspect       : 请求方式: GET
2026-05-25T00:40:41.358+08:00  INFO 22656 --- [store] [http-nio-8888-exec-8] com.example.store.aspect.LogAspect       : 执行方法: com.example.store.controller.GoodsController.list
2026-05-25T00:40:41.358+08:00  INFO 22656 --- [store] [http-nio-8888-exec-1] com.example.store.aspect.LogAspect       : 执行方法: com.example.store.controller.CategoryController.getTree
2026-05-25T00:40:41.358+08:00  INFO 22656 --- [store] [http-nio-8888-exec-8] com.example.store.aspect.LogAspect       : 请求参数: [1, 10, null, null, null]
2026-05-25T00:40:41.358+08:00  INFO 22656 --- [store] [http-nio-8888-exec-1] com.example.store.aspect.LogAspect       : 请求参数: []
2026-05-25T00:40:41.358+08:00  INFO 22656 --- [store] [http-nio-8888-exec-8] com.example.store.aspect.LogAspect       : ============== AOP日志结束 ==============
2026-05-25T00:40:41.358+08:00  INFO 22656 --- [store] [http-nio-8888-exec-1] com.example.store.aspect.LogAspect       : ============== AOP日志结束 ==============
2026-05-25T00:40:41.356+08:00  INFO 22656 --- [store] [http-nio-8888-exec-6] com.example.store.aspect.LogAspect       : 执行方法: com.example.store.controller.GoodsController.hot
2026-05-25T00:40:41.358+08:00  INFO 22656 --- [store] [http-nio-8888-exec-6] com.example.store.aspect.LogAspect       : 请求参数: []
2026-05-25T00:40:41.358+08:00  INFO 22656 --- [store] [http-nio-8888-exec-6] com.example.store.aspect.LogAspect       : ============== AOP日志结束 ==============
2026-05-25T00:40:41.358+08:00  INFO 22656 --- [store] [http-nio-8888-exec-7] com.example.store.aspect.LogAspect       : ============== AOP日志结束 ==============
2026-05-25T00:41:12.373+08:00  INFO 22656 --- [store] [org.springframework.amqp.rabbit.RabbitListenerEndpointContainer#0-2] o.s.a.r.l.SimpleMessageListenerContainer : Waiting for workers to finish.
2026-05-25T00:41:12.380+08:00  INFO 22656 --- [store] [org.springframework.amqp.rabbit.RabbitListenerEndpointContainer#1-2] o.s.a.r.l.SimpleMessageListenerContainer : Waiting for workers to finish.
2026-05-25T00:41:12.383+08:00  INFO 22656 --- [store] [org.springframework.amqp.rabbit.RabbitListenerEndpointContainer#2-2] o.s.a.r.l.SimpleMessageListenerContainer : Waiting for workers to finish.
2026-05-25T00:41:13.249+08:00  INFO 22656 --- [store] [org.springframework.amqp.rabbit.RabbitListenerEndpointContainer#0-2] o.s.a.r.l.SimpleMessageListenerContainer : Successfully waited for workers to finish.
2026-05-25T00:41:13.249+08:00  INFO 22656 --- [store] [org.springframework.amqp.rabbit.RabbitListenerEndpointContainer#1-2] o.s.a.r.l.SimpleMessageListenerContainer : Successfully waited for workers to finish.
2026-05-25T00:41:13.249+08:00  INFO 22656 --- [store] [org.springframework.amqp.rabbit.RabbitListenerEndpointContainer#2-2] o.s.a.r.l.SimpleMessageListenerContainer : Successfully waited for workers to finish.
2026-05-25T00:41:13.315+08:00  INFO 22656 --- [store] [SpringApplicationShutdownHook] com.zaxxer.hikari.HikariDataSource       : HikariPool-1 - Shutdown initiated...
2026-05-25T00:41:13.324+08:00  INFO 22656 --- [store] [SpringApplicationShutdownHook] com.zaxxer.hikari.HikariDataSource       : HikariPool-1 - Shutdown completed.
2026-05-25T00:56:32.674+08:00  INFO 7792 --- [store] [main] com.example.store.StoreApplication       : Starting StoreApplication using Java 23.0.2 with PID 7792 (D:\1A\store-system\store_springboot\target\classes started by chenchuang in D:\1A\store-system\store_springboot)
2026-05-25T00:56:32.674+08:00  INFO 7792 --- [store] [main] com.example.store.StoreApplication       : No active profile set, falling back to 1 default profile: "default"
2026-05-25T00:56:33.735+08:00  INFO 7792 --- [store] [main] .s.d.r.c.RepositoryConfigurationDelegate : Multiple Spring Data modules found, entering strict repository configuration mode
2026-05-25T00:56:33.739+08:00  INFO 7792 --- [store] [main] .s.d.r.c.RepositoryConfigurationDelegate : Bootstrapping Spring Data Elasticsearch repositories in DEFAULT mode.
2026-05-25T00:56:33.907+08:00  INFO 7792 --- [store] [main] .s.d.r.c.RepositoryConfigurationDelegate : Finished Spring Data repository scanning in 163 ms. Found 1 Elasticsearch repository interface.
2026-05-25T00:56:33.912+08:00  INFO 7792 --- [store] [main] .s.d.r.c.RepositoryConfigurationDelegate : Multiple Spring Data modules found, entering strict repository configuration mode
2026-05-25T00:56:33.914+08:00  INFO 7792 --- [store] [main] .s.d.r.c.RepositoryConfigurationDelegate : Bootstrapping Spring Data Reactive Elasticsearch repositories in DEFAULT mode.
2026-05-25T00:56:33.938+08:00  INFO 7792 --- [store] [main] .s.d.r.c.RepositoryConfigurationDelegate : Finished Spring Data repository scanning in 22 ms. Found 0 Reactive Elasticsearch repository interfaces.
2026-05-25T00:56:33.953+08:00  INFO 7792 --- [store] [main] .s.d.r.c.RepositoryConfigurationDelegate : Multiple Spring Data modules found, entering strict repository configuration mode
2026-05-25T00:56:33.955+08:00  INFO 7792 --- [store] [main] .s.d.r.c.RepositoryConfigurationDelegate : Bootstrapping Spring Data Redis repositories in DEFAULT mode.
2026-05-25T00:56:33.981+08:00  INFO 7792 --- [store] [main] .RepositoryConfigurationExtensionSupport : Spring Data Redis - Could not safely identify store assignment for repository candidate interface com.example.store.repository.GoodsDocRepository; If you want this repository to be a Redis repository, consider annotating your entities with one of these annotations: org.springframework.data.redis.core.RedisHash (preferred), or consider extending one of the following types with your repository: org.springframework.data.keyvalue.repository.KeyValueRepository
2026-05-25T00:56:33.981+08:00  INFO 7792 --- [store] [main] .s.d.r.c.RepositoryConfigurationDelegate : Finished Spring Data repository scanning in 13 ms. Found 0 Redis repository interfaces.
2026-05-25T00:56:34.963+08:00  INFO 7792 --- [store] [main] o.s.b.w.embedded.tomcat.TomcatWebServer  : Tomcat initialized with port 8888 (http)
2026-05-25T00:56:34.983+08:00  INFO 7792 --- [store] [main] o.apache.catalina.core.StandardService   : Starting service [Tomcat]
2026-05-25T00:56:34.985+08:00  INFO 7792 --- [store] [main] o.apache.catalina.core.StandardEngine    : Starting Servlet engine: [Apache Tomcat/10.1.40]
2026-05-25T00:56:35.114+08:00  INFO 7792 --- [store] [main] o.a.c.c.C.[Tomcat].[localhost].[/store]  : Initializing Spring embedded WebApplicationContext
2026-05-25T00:56:35.117+08:00  INFO 7792 --- [store] [main] w.s.c.ServletWebServerApplicationContext : Root WebApplicationContext: initialization completed in 2350 ms
2026-05-25T00:56:37.263+08:00  INFO 7792 --- [store] [main] r$InitializeUserDetailsManagerConfigurer : Global AuthenticationManager configured with UserDetailsService bean with name userDetailsServiceImpl
2026-05-25T00:56:38.379+08:00  INFO 7792 --- [store] [main] o.s.b.w.embedded.tomcat.TomcatWebServer  : Tomcat started on port 8888 (http) with context path '/store'
2026-05-25T00:56:38.380+08:00  INFO 7792 --- [store] [main] o.s.a.r.c.CachingConnectionFactory       : Attempting to connect to: [localhost:5672]
2026-05-25T00:56:38.433+08:00  INFO 7792 --- [store] [main] o.s.a.r.c.CachingConnectionFactory       : Created new connection: rabbitConnectionFactory#5da2966:0/SimpleConnection@64821706 [delegate=amqp://guest@127.0.0.1:5672/, localPort=31921]
2026-05-25T00:56:38.605+08:00  INFO 7792 --- [store] [main] com.example.store.StoreApplication       : Started StoreApplication in 6.4 seconds (process running for 7.069)
2026-05-25T00:57:02.698+08:00  INFO 7792 --- [store] [http-nio-8888-exec-2] o.a.c.c.C.[Tomcat].[localhost].[/store]  : Initializing Spring DispatcherServlet 'dispatcherServlet'
2026-05-25T00:57:02.701+08:00  INFO 7792 --- [store] [http-nio-8888-exec-2] o.s.web.servlet.DispatcherServlet        : Initializing Servlet 'dispatcherServlet'
2026-05-25T00:57:02.721+08:00  INFO 7792 --- [store] [http-nio-8888-exec-2] o.s.web.servlet.DispatcherServlet        : Completed initialization in 20 ms
2026-05-25T00:57:03.557+08:00  INFO 7792 --- [store] [http-nio-8888-exec-4] com.example.store.aspect.LogAspect       : ============== AOP日志开始 ==============
2026-05-25T00:57:03.558+08:00  INFO 7792 --- [store] [http-nio-8888-exec-4] com.example.store.aspect.LogAspect       : 请求地址: http://localhost:8888/store/user/captcha
2026-05-25T00:57:03.559+08:00  INFO 7792 --- [store] [http-nio-8888-exec-4] com.example.store.aspect.LogAspect       : 请求方式: GET
2026-05-25T00:57:03.562+08:00  INFO 7792 --- [store] [http-nio-8888-exec-4] com.example.store.aspect.LogAspect       : 执行方法: com.example.store.controller.UserController.getCaptcha
2026-05-25T00:57:03.562+08:00  INFO 7792 --- [store] [http-nio-8888-exec-4] com.example.store.aspect.LogAspect       : 请求参数: []
2026-05-25T00:57:03.562+08:00  INFO 7792 --- [store] [http-nio-8888-exec-4] com.example.store.aspect.LogAspect       : ============== AOP日志结束 ==============
2026-05-25T00:57:16.743+08:00  INFO 7792 --- [store] [http-nio-8888-exec-1] com.example.store.aspect.LogAspect       : ============== AOP日志开始 ==============
2026-05-25T00:57:16.749+08:00  INFO 7792 --- [store] [http-nio-8888-exec-1] com.example.store.aspect.LogAspect       : 请求地址: http://localhost:8888/store/user/login
2026-05-25T00:57:16.749+08:00  INFO 7792 --- [store] [http-nio-8888-exec-1] com.example.store.aspect.LogAspect       : 请求方式: POST
2026-05-25T00:57:16.749+08:00  INFO 7792 --- [store] [http-nio-8888-exec-1] com.example.store.aspect.LogAspect       : 执行方法: com.example.store.controller.UserController.login
2026-05-25T00:57:16.749+08:00  INFO 7792 --- [store] [http-nio-8888-exec-1] com.example.store.aspect.LogAspect       : 请求参数: [LoginDTO(username=cc, password=123456, code=vimz, uuid=47d248a9-4313-4a8e-aa70-c3e17c0905a6)]
2026-05-25T00:57:16.749+08:00  INFO 7792 --- [store] [http-nio-8888-exec-1] com.example.store.aspect.LogAspect       : ============== AOP日志结束 ==============
2026-05-25T00:57:16.957+08:00  INFO 7792 --- [store] [http-nio-8888-exec-1] com.zaxxer.hikari.HikariDataSource       : HikariPool-1 - Starting...
2026-05-25T00:57:17.309+08:00  INFO 7792 --- [store] [http-nio-8888-exec-1] com.zaxxer.hikari.pool.HikariPool        : HikariPool-1 - Added connection com.mysql.cj.jdbc.ConnectionImpl@6464f6e6
2026-05-25T00:57:17.314+08:00  INFO 7792 --- [store] [http-nio-8888-exec-1] com.zaxxer.hikari.HikariDataSource       : HikariPool-1 - Start completed.
2026-05-25T00:57:17.592+08:00  INFO 7792 --- [store] [http-nio-8888-exec-2] com.example.store.aspect.LogAspect       : ============== AOP日志开始 ==============
2026-05-25T00:57:17.595+08:00  INFO 7792 --- [store] [http-nio-8888-exec-3] com.example.store.aspect.LogAspect       : ============== AOP日志开始 ==============
2026-05-25T00:57:17.595+08:00  INFO 7792 --- [store] [http-nio-8888-exec-2] com.example.store.aspect.LogAspect       : 请求地址: http://localhost:8888/store/goods/hot
2026-05-25T00:57:17.595+08:00  INFO 7792 --- [store] [http-nio-8888-exec-3] com.example.store.aspect.LogAspect       : 请求地址: http://localhost:8888/store/category/tree
2026-05-25T00:57:17.595+08:00  INFO 7792 --- [store] [http-nio-8888-exec-2] com.example.store.aspect.LogAspect       : 请求方式: GET
2026-05-25T00:57:17.598+08:00  INFO 7792 --- [store] [http-nio-8888-exec-3] com.example.store.aspect.LogAspect       : 请求方式: GET
2026-05-25T00:57:17.598+08:00  INFO 7792 --- [store] [http-nio-8888-exec-2] com.example.store.aspect.LogAspect       : 执行方法: com.example.store.controller.GoodsController.hot
2026-05-25T00:57:17.598+08:00  INFO 7792 --- [store] [http-nio-8888-exec-3] com.example.store.aspect.LogAspect       : 执行方法: com.example.store.controller.CategoryController.getTree
2026-05-25T00:57:17.599+08:00  INFO 7792 --- [store] [http-nio-8888-exec-2] com.example.store.aspect.LogAspect       : 请求参数: []
2026-05-25T00:57:17.599+08:00  INFO 7792 --- [store] [http-nio-8888-exec-3] com.example.store.aspect.LogAspect       : 请求参数: []
2026-05-25T00:57:17.599+08:00  INFO 7792 --- [store] [http-nio-8888-exec-2] com.example.store.aspect.LogAspect       : ============== AOP日志结束 ==============
2026-05-25T00:57:17.599+08:00  INFO 7792 --- [store] [http-nio-8888-exec-3] com.example.store.aspect.LogAspect       : ============== AOP日志结束 ==============
2026-05-25T00:57:17.602+08:00  INFO 7792 --- [store] [http-nio-8888-exec-4] com.example.store.aspect.LogAspect       : ============== AOP日志开始 ==============
2026-05-25T00:57:17.602+08:00  INFO 7792 --- [store] [http-nio-8888-exec-4] com.example.store.aspect.LogAspect       : 请求地址: http://localhost:8888/store/goods/list
2026-05-25T00:57:17.602+08:00  INFO 7792 --- [store] [http-nio-8888-exec-4] com.example.store.aspect.LogAspect       : 请求方式: GET
2026-05-25T00:57:17.605+08:00  INFO 7792 --- [store] [http-nio-8888-exec-4] com.example.store.aspect.LogAspect       : 执行方法: com.example.store.controller.GoodsController.list
2026-05-25T00:57:17.605+08:00  INFO 7792 --- [store] [http-nio-8888-exec-4] com.example.store.aspect.LogAspect       : 请求参数: [1, 10, null, null, null]
2026-05-25T00:57:17.606+08:00  INFO 7792 --- [store] [http-nio-8888-exec-4] com.example.store.aspect.LogAspect       : ============== AOP日志结束 ==============
2026-05-25T00:57:17.611+08:00  INFO 7792 --- [store] [http-nio-8888-exec-10] com.example.store.aspect.LogAspect       : ============== AOP日志开始 ==============
2026-05-25T00:57:17.613+08:00  INFO 7792 --- [store] [http-nio-8888-exec-10] com.example.store.aspect.LogAspect       : 请求地址: http://localhost:8888/store/user/info/c3d4587dcef6f7fc62cf35453516be76
2026-05-25T00:57:17.618+08:00  INFO 7792 --- [store] [http-nio-8888-exec-10] com.example.store.aspect.LogAspect       : 请求方式: GET
2026-05-25T00:57:17.619+08:00  INFO 7792 --- [store] [http-nio-8888-exec-10] com.example.store.aspect.LogAspect       : 执行方法: com.example.store.controller.UserController.getUserInfo
2026-05-25T00:57:17.619+08:00  INFO 7792 --- [store] [http-nio-8888-exec-10] com.example.store.aspect.LogAspect       : 请求参数: [c3d4587dcef6f7fc62cf35453516be76]
2026-05-25T00:57:17.622+08:00  INFO 7792 --- [store] [http-nio-8888-exec-10] com.example.store.aspect.LogAspect       : ============== AOP日志结束 ==============
2026-05-25T00:57:20.064+08:00  INFO 7792 --- [store] [http-nio-8888-exec-6] com.example.store.aspect.LogAspect       : ============== AOP日志开始 ==============
2026-05-25T00:57:20.065+08:00  INFO 7792 --- [store] [http-nio-8888-exec-6] com.example.store.aspect.LogAspect       : 请求地址: http://localhost:8888/store/user/info/c3d4587dcef6f7fc62cf35453516be76
2026-05-25T00:57:20.065+08:00  INFO 7792 --- [store] [http-nio-8888-exec-6] com.example.store.aspect.LogAspect       : 请求方式: GET
2026-05-25T00:57:20.066+08:00  INFO 7792 --- [store] [http-nio-8888-exec-6] com.example.store.aspect.LogAspect       : 执行方法: com.example.store.controller.UserController.getUserInfo
2026-05-25T00:57:20.066+08:00  INFO 7792 --- [store] [http-nio-8888-exec-6] com.example.store.aspect.LogAspect       : 请求参数: [c3d4587dcef6f7fc62cf35453516be76]
2026-05-25T00:57:20.067+08:00  INFO 7792 --- [store] [http-nio-8888-exec-6] com.example.store.aspect.LogAspect       : ============== AOP日志结束 ==============
2026-05-25T00:57:20.068+08:00  INFO 7792 --- [store] [http-nio-8888-exec-4] com.example.store.aspect.LogAspect       : ============== AOP日志开始 ==============
2026-05-25T00:57:20.068+08:00  INFO 7792 --- [store] [http-nio-8888-exec-9] com.example.store.aspect.LogAspect       : ============== AOP日志开始 ==============
2026-05-25T00:57:20.069+08:00  INFO 7792 --- [store] [http-nio-8888-exec-9] com.example.store.aspect.LogAspect       : 请求地址: http://localhost:8888/store/goods/detail/27d83564a605736d828c7cd7a4ee5256
2026-05-25T00:57:20.069+08:00  INFO 7792 --- [store] [http-nio-8888-exec-4] com.example.store.aspect.LogAspect       : 请求地址: http://localhost:8888/store/review/stats/27d83564a605736d828c7cd7a4ee5256
2026-05-25T00:57:20.070+08:00  INFO 7792 --- [store] [http-nio-8888-exec-9] com.example.store.aspect.LogAspect       : 请求方式: GET
2026-05-25T00:57:20.070+08:00  INFO 7792 --- [store] [http-nio-8888-exec-4] com.example.store.aspect.LogAspect       : 请求方式: GET
2026-05-25T00:57:20.070+08:00  INFO 7792 --- [store] [http-nio-8888-exec-9] com.example.store.aspect.LogAspect       : 执行方法: com.example.store.controller.GoodsController.detail
2026-05-25T00:57:20.070+08:00  INFO 7792 --- [store] [http-nio-8888-exec-4] com.example.store.aspect.LogAspect       : 执行方法: com.example.store.controller.ReviewController.getReviewStats
2026-05-25T00:57:20.071+08:00  INFO 7792 --- [store] [http-nio-8888-exec-9] com.example.store.aspect.LogAspect       : 请求参数: [27d83564a605736d828c7cd7a4ee5256]
2026-05-25T00:57:20.071+08:00  INFO 7792 --- [store] [http-nio-8888-exec-4] com.example.store.aspect.LogAspect       : 请求参数: [27d83564a605736d828c7cd7a4ee5256]
2026-05-25T00:57:20.072+08:00  INFO 7792 --- [store] [http-nio-8888-exec-9] com.example.store.aspect.LogAspect       : ============== AOP日志结束 ==============
2026-05-25T00:57:20.072+08:00  INFO 7792 --- [store] [http-nio-8888-exec-4] com.example.store.aspect.LogAspect       : ============== AOP日志结束 ==============
2026-05-25T00:57:20.098+08:00  INFO 7792 --- [store] [http-nio-8888-exec-10] com.example.store.aspect.LogAspect       : ============== AOP日志开始 ==============
2026-05-25T00:57:20.098+08:00  INFO 7792 --- [store] [http-nio-8888-exec-10] com.example.store.aspect.LogAspect       : 请求地址: http://localhost:8888/store/shop/detail/7b7a25908592c30c1696752fb4e7ae3b
2026-05-25T00:57:20.098+08:00  INFO 7792 --- [store] [http-nio-8888-exec-10] com.example.store.aspect.LogAspect       : 请求方式: GET
2026-05-25T00:57:20.099+08:00  INFO 7792 --- [store] [http-nio-8888-exec-10] com.example.store.aspect.LogAspect       : 执行方法: com.example.store.controller.ShopController.detail
2026-05-25T00:57:20.100+08:00  INFO 7792 --- [store] [http-nio-8888-exec-10] com.example.store.aspect.LogAspect       : 请求参数: [7b7a25908592c30c1696752fb4e7ae3b]
2026-05-25T00:57:20.100+08:00  INFO 7792 --- [store] [http-nio-8888-exec-10] com.example.store.aspect.LogAspect       : ============== AOP日志结束 ==============
2026-05-25T00:57:21.220+08:00  INFO 7792 --- [store] [http-nio-8888-exec-8] com.example.store.aspect.LogAspect       : ============== AOP日志开始 ==============
2026-05-25T00:57:21.220+08:00  INFO 7792 --- [store] [http-nio-8888-exec-8] com.example.store.aspect.LogAspect       : 请求地址: http://localhost:8888/store/review/list/27d83564a605736d828c7cd7a4ee5256
2026-05-25T00:57:21.221+08:00  INFO 7792 --- [store] [http-nio-8888-exec-8] com.example.store.aspect.LogAspect       : 请求方式: GET
2026-05-25T00:57:21.221+08:00  INFO 7792 --- [store] [http-nio-8888-exec-8] com.example.store.aspect.LogAspect       : 执行方法: com.example.store.controller.ReviewController.getReviewList
2026-05-25T00:57:21.221+08:00  INFO 7792 --- [store] [http-nio-8888-exec-8] com.example.store.aspect.LogAspect       : 请求参数: [27d83564a605736d828c7cd7a4ee5256, 1, 10]
2026-05-25T00:57:21.222+08:00  INFO 7792 --- [store] [http-nio-8888-exec-8] com.example.store.aspect.LogAspect       : ============== AOP日志结束 ==============
2026-05-25T00:57:38.576+08:00  INFO 7792 --- [store] [http-nio-8888-exec-6] com.example.store.aspect.LogAspect       : ============== AOP日志开始 ==============
2026-05-25T00:57:38.576+08:00  INFO 7792 --- [store] [http-nio-8888-exec-7] com.example.store.aspect.LogAspect       : ============== AOP日志开始 ==============
2026-05-25T00:57:38.576+08:00  INFO 7792 --- [store] [http-nio-8888-exec-6] com.example.store.aspect.LogAspect       : 请求地址: http://localhost:8888/store/user/info/c3d4587dcef6f7fc62cf35453516be76
2026-05-25T00:57:38.579+08:00  INFO 7792 --- [store] [http-nio-8888-exec-7] com.example.store.aspect.LogAspect       : 请求地址: http://localhost:8888/store/user/info/c3d4587dcef6f7fc62cf35453516be76
2026-05-25T00:57:38.579+08:00  INFO 7792 --- [store] [http-nio-8888-exec-6] com.example.store.aspect.LogAspect       : 请求方式: GET
2026-05-25T00:57:38.579+08:00  INFO 7792 --- [store] [http-nio-8888-exec-7] com.example.store.aspect.LogAspect       : 请求方式: GET
2026-05-25T00:57:38.579+08:00  INFO 7792 --- [store] [http-nio-8888-exec-6] com.example.store.aspect.LogAspect       : 执行方法: com.example.store.controller.UserController.getUserInfo
2026-05-25T00:57:38.580+08:00  INFO 7792 --- [store] [http-nio-8888-exec-7] com.example.store.aspect.LogAspect       : 执行方法: com.example.store.controller.UserController.getUserInfo
2026-05-25T00:57:38.580+08:00  INFO 7792 --- [store] [http-nio-8888-exec-6] com.example.store.aspect.LogAspect       : 请求参数: [c3d4587dcef6f7fc62cf35453516be76]
2026-05-25T00:57:38.580+08:00  INFO 7792 --- [store] [http-nio-8888-exec-7] com.example.store.aspect.LogAspect       : 请求参数: [c3d4587dcef6f7fc62cf35453516be76]
2026-05-25T00:57:38.580+08:00  INFO 7792 --- [store] [http-nio-8888-exec-6] com.example.store.aspect.LogAspect       : ============== AOP日志结束 ==============
2026-05-25T00:57:38.580+08:00  INFO 7792 --- [store] [http-nio-8888-exec-7] com.example.store.aspect.LogAspect       : ============== AOP日志结束 ==============
2026-05-25T00:57:40.240+08:00  INFO 7792 --- [store] [http-nio-8888-exec-5] com.example.store.aspect.LogAspect       : ============== AOP日志开始 ==============
2026-05-25T00:57:40.242+08:00  INFO 7792 --- [store] [http-nio-8888-exec-5] com.example.store.aspect.LogAspect       : 请求地址: http://localhost:8888/store/address/list/c3d4587dcef6f7fc62cf35453516be76
2026-05-25T00:57:40.243+08:00  INFO 7792 --- [store] [http-nio-8888-exec-5] com.example.store.aspect.LogAspect       : 请求方式: GET
2026-05-25T00:57:40.244+08:00  INFO 7792 --- [store] [http-nio-8888-exec-5] com.example.store.aspect.LogAspect       : 执行方法: com.example.store.controller.UserAddressController.list
2026-05-25T00:57:40.245+08:00  INFO 7792 --- [store] [http-nio-8888-exec-5] com.example.store.aspect.LogAspect       : 请求参数: [c3d4587dcef6f7fc62cf35453516be76]
2026-05-25T00:57:40.245+08:00  INFO 7792 --- [store] [http-nio-8888-exec-5] com.example.store.aspect.LogAspect       : ============== AOP日志结束 ==============
2026-05-25T00:57:40.685+08:00  INFO 7792 --- [store] [http-nio-8888-exec-4] com.example.store.aspect.LogAspect       : ============== AOP日志开始 ==============
2026-05-25T00:57:40.685+08:00  INFO 7792 --- [store] [http-nio-8888-exec-4] com.example.store.aspect.LogAspect       : 请求地址: http://localhost:8888/store/order/list
2026-05-25T00:57:40.685+08:00  INFO 7792 --- [store] [http-nio-8888-exec-4] com.example.store.aspect.LogAspect       : 请求方式: GET
2026-05-25T00:57:40.685+08:00  INFO 7792 --- [store] [http-nio-8888-exec-4] com.example.store.aspect.LogAspect       : 执行方法: com.example.store.controller.OrderController.list
2026-05-25T00:57:40.685+08:00  INFO 7792 --- [store] [http-nio-8888-exec-4] com.example.store.aspect.LogAspect       : 请求参数: [1, 5, null]
2026-05-25T00:57:40.685+08:00  INFO 7792 --- [store] [http-nio-8888-exec-4] com.example.store.aspect.LogAspect       : ============== AOP日志结束 ==============
2026-05-25T00:57:41.047+08:00  INFO 7792 --- [store] [http-nio-8888-exec-8] com.example.store.aspect.LogAspect       : ============== AOP日志开始 ==============
2026-05-25T00:57:41.048+08:00  INFO 7792 --- [store] [http-nio-8888-exec-8] com.example.store.aspect.LogAspect       : 请求地址: http://localhost:8888/store/user/info/c3d4587dcef6f7fc62cf35453516be76
2026-05-25T00:57:41.049+08:00  INFO 7792 --- [store] [http-nio-8888-exec-8] com.example.store.aspect.LogAspect       : 请求方式: GET
2026-05-25T00:57:41.049+08:00  INFO 7792 --- [store] [http-nio-8888-exec-8] com.example.store.aspect.LogAspect       : 执行方法: com.example.store.controller.UserController.getUserInfo
2026-05-25T00:57:41.050+08:00  INFO 7792 --- [store] [http-nio-8888-exec-8] com.example.store.aspect.LogAspect       : 请求参数: [c3d4587dcef6f7fc62cf35453516be76]
2026-05-25T00:57:41.051+08:00  INFO 7792 --- [store] [http-nio-8888-exec-8] com.example.store.aspect.LogAspect       : ============== AOP日志结束 ==============
2026-05-25T00:57:41.053+08:00  INFO 7792 --- [store] [http-nio-8888-exec-3] com.example.store.aspect.LogAspect       : ============== AOP日志开始 ==============
2026-05-25T00:57:41.054+08:00  INFO 7792 --- [store] [http-nio-8888-exec-3] com.example.store.aspect.LogAspect       : 请求地址: http://localhost:8888/store/cart/list
2026-05-25T00:57:41.054+08:00  INFO 7792 --- [store] [http-nio-8888-exec-3] com.example.store.aspect.LogAspect       : 请求方式: GET
2026-05-25T00:57:41.055+08:00  INFO 7792 --- [store] [http-nio-8888-exec-3] com.example.store.aspect.LogAspect       : 执行方法: com.example.store.controller.ShopcartController.list
2026-05-25T00:57:41.058+08:00  INFO 7792 --- [store] [http-nio-8888-exec-3] com.example.store.aspect.LogAspect       : 请求参数: []
2026-05-25T00:57:41.060+08:00  INFO 7792 --- [store] [http-nio-8888-exec-3] com.example.store.aspect.LogAspect       : ============== AOP日志结束 ==============
2026-05-25T00:57:42.102+08:00  INFO 7792 --- [store] [http-nio-8888-exec-6] com.example.store.aspect.LogAspect       : ============== AOP日志开始 ==============
2026-05-25T00:57:42.102+08:00  INFO 7792 --- [store] [http-nio-8888-exec-9] com.example.store.aspect.LogAspect       : ============== AOP日志开始 ==============
2026-05-25T00:57:42.102+08:00  INFO 7792 --- [store] [http-nio-8888-exec-5] com.example.store.aspect.LogAspect       : ============== AOP日志开始 ==============
2026-05-25T00:57:42.103+08:00  INFO 7792 --- [store] [http-nio-8888-exec-9] com.example.store.aspect.LogAspect       : 请求地址: http://localhost:8888/store/goods/hot
2026-05-25T00:57:42.103+08:00  INFO 7792 --- [store] [http-nio-8888-exec-6] com.example.store.aspect.LogAspect       : 请求地址: http://localhost:8888/store/category/tree
2026-05-25T00:57:42.103+08:00  INFO 7792 --- [store] [http-nio-8888-exec-9] com.example.store.aspect.LogAspect       : 请求方式: GET
2026-05-25T00:57:42.103+08:00  INFO 7792 --- [store] [http-nio-8888-exec-7] com.example.store.aspect.LogAspect       : ============== AOP日志开始 ==============
2026-05-25T00:57:42.103+08:00  INFO 7792 --- [store] [http-nio-8888-exec-5] com.example.store.aspect.LogAspect       : 请求地址: http://localhost:8888/store/goods/list
2026-05-25T00:57:42.104+08:00  INFO 7792 --- [store] [http-nio-8888-exec-6] com.example.store.aspect.LogAspect       : 请求方式: GET
2026-05-25T00:57:42.104+08:00  INFO 7792 --- [store] [http-nio-8888-exec-9] com.example.store.aspect.LogAspect       : 执行方法: com.example.store.controller.GoodsController.hot
2026-05-25T00:57:42.104+08:00  INFO 7792 --- [store] [http-nio-8888-exec-7] com.example.store.aspect.LogAspect       : 请求地址: http://localhost:8888/store/user/info/c3d4587dcef6f7fc62cf35453516be76
2026-05-25T00:57:42.104+08:00  INFO 7792 --- [store] [http-nio-8888-exec-5] com.example.store.aspect.LogAspect       : 请求方式: GET
2026-05-25T00:57:42.105+08:00  INFO 7792 --- [store] [http-nio-8888-exec-7] com.example.store.aspect.LogAspect       : 请求方式: GET
2026-05-25T00:57:42.104+08:00  INFO 7792 --- [store] [http-nio-8888-exec-6] com.example.store.aspect.LogAspect       : 执行方法: com.example.store.controller.CategoryController.getTree
2026-05-25T00:57:42.105+08:00  INFO 7792 --- [store] [http-nio-8888-exec-7] com.example.store.aspect.LogAspect       : 执行方法: com.example.store.controller.UserController.getUserInfo
2026-05-25T00:57:42.105+08:00  INFO 7792 --- [store] [http-nio-8888-exec-9] com.example.store.aspect.LogAspect       : 请求参数: []
2026-05-25T00:57:42.105+08:00  INFO 7792 --- [store] [http-nio-8888-exec-5] com.example.store.aspect.LogAspect       : 执行方法: com.example.store.controller.GoodsController.list
2026-05-25T00:57:42.105+08:00  INFO 7792 --- [store] [http-nio-8888-exec-6] com.example.store.aspect.LogAspect       : 请求参数: []
2026-05-25T00:57:42.105+08:00  INFO 7792 --- [store] [http-nio-8888-exec-7] com.example.store.aspect.LogAspect       : 请求参数: [c3d4587dcef6f7fc62cf35453516be76]
2026-05-25T00:57:42.106+08:00  INFO 7792 --- [store] [http-nio-8888-exec-6] com.example.store.aspect.LogAspect       : ============== AOP日志结束 ==============
2026-05-25T00:57:42.105+08:00  INFO 7792 --- [store] [http-nio-8888-exec-9] com.example.store.aspect.LogAspect       : ============== AOP日志结束 ==============
2026-05-25T00:57:42.106+08:00  INFO 7792 --- [store] [http-nio-8888-exec-5] com.example.store.aspect.LogAspect       : 请求参数: [1, 10, null, null, null]
2026-05-25T00:57:42.106+08:00  INFO 7792 --- [store] [http-nio-8888-exec-7] com.example.store.aspect.LogAspect       : ============== AOP日志结束 ==============
2026-05-25T00:57:42.106+08:00  INFO 7792 --- [store] [http-nio-8888-exec-5] com.example.store.aspect.LogAspect       : ============== AOP日志结束 ==============
2026-05-25T00:57:46.838+08:00  INFO 7792 --- [store] [http-nio-8888-exec-10] com.example.store.aspect.LogAspect       : ============== AOP日志开始 ==============
2026-05-25T00:57:46.840+08:00  INFO 7792 --- [store] [http-nio-8888-exec-10] com.example.store.aspect.LogAspect       : 请求地址: http://localhost:8888/store/user/info/c3d4587dcef6f7fc62cf35453516be76
2026-05-25T00:57:46.840+08:00  INFO 7792 --- [store] [http-nio-8888-exec-1] com.example.store.aspect.LogAspect       : ============== AOP日志开始 ==============
2026-05-25T00:57:46.840+08:00  INFO 7792 --- [store] [http-nio-8888-exec-8] com.example.store.aspect.LogAspect       : ============== AOP日志开始 ==============
2026-05-25T00:57:46.840+08:00  INFO 7792 --- [store] [http-nio-8888-exec-10] com.example.store.aspect.LogAspect       : 请求方式: GET
2026-05-25T00:57:46.840+08:00  INFO 7792 --- [store] [http-nio-8888-exec-8] com.example.store.aspect.LogAspect       : 请求地址: http://localhost:8888/store/goods/detail/4592c6b8-e21d-11f0-a35a-088fc3e477f5
2026-05-25T00:57:46.841+08:00  INFO 7792 --- [store] [http-nio-8888-exec-10] com.example.store.aspect.LogAspect       : 执行方法: com.example.store.controller.UserController.getUserInfo
2026-05-25T00:57:46.840+08:00  INFO 7792 --- [store] [http-nio-8888-exec-1] com.example.store.aspect.LogAspect       : 请求地址: http://localhost:8888/store/review/stats/4592c6b8-e21d-11f0-a35a-088fc3e477f5
2026-05-25T00:57:46.841+08:00  INFO 7792 --- [store] [http-nio-8888-exec-8] com.example.store.aspect.LogAspect       : 请求方式: GET
2026-05-25T00:57:46.841+08:00  INFO 7792 --- [store] [http-nio-8888-exec-1] com.example.store.aspect.LogAspect       : 请求方式: GET
2026-05-25T00:57:46.841+08:00  INFO 7792 --- [store] [http-nio-8888-exec-10] com.example.store.aspect.LogAspect       : 请求参数: [c3d4587dcef6f7fc62cf35453516be76]
2026-05-25T00:57:46.841+08:00  INFO 7792 --- [store] [http-nio-8888-exec-8] com.example.store.aspect.LogAspect       : 执行方法: com.example.store.controller.GoodsController.detail
2026-05-25T00:57:46.841+08:00  INFO 7792 --- [store] [http-nio-8888-exec-10] com.example.store.aspect.LogAspect       : ============== AOP日志结束 ==============
2026-05-25T00:57:46.841+08:00  INFO 7792 --- [store] [http-nio-8888-exec-8] com.example.store.aspect.LogAspect       : 请求参数: [4592c6b8-e21d-11f0-a35a-088fc3e477f5]
2026-05-25T00:57:46.841+08:00  INFO 7792 --- [store] [http-nio-8888-exec-1] com.example.store.aspect.LogAspect       : 执行方法: com.example.store.controller.ReviewController.getReviewStats
2026-05-25T00:57:46.842+08:00  INFO 7792 --- [store] [http-nio-8888-exec-8] com.example.store.aspect.LogAspect       : ============== AOP日志结束 ==============
2026-05-25T00:57:46.842+08:00  INFO 7792 --- [store] [http-nio-8888-exec-1] com.example.store.aspect.LogAspect       : 请求参数: [4592c6b8-e21d-11f0-a35a-088fc3e477f5]
2026-05-25T00:57:46.843+08:00  INFO 7792 --- [store] [http-nio-8888-exec-1] com.example.store.aspect.LogAspect       : ============== AOP日志结束 ==============
2026-05-25T00:57:46.863+08:00  INFO 7792 --- [store] [http-nio-8888-exec-9] com.example.store.aspect.LogAspect       : ============== AOP日志开始 ==============
2026-05-25T00:57:46.863+08:00  INFO 7792 --- [store] [http-nio-8888-exec-9] com.example.store.aspect.LogAspect       : 请求地址: http://localhost:8888/store/shop/detail/shop001
2026-05-25T00:57:46.864+08:00  INFO 7792 --- [store] [http-nio-8888-exec-9] com.example.store.aspect.LogAspect       : 请求方式: GET
2026-05-25T00:57:46.864+08:00  INFO 7792 --- [store] [http-nio-8888-exec-9] com.example.store.aspect.LogAspect       : 执行方法: com.example.store.controller.ShopController.detail
2026-05-25T00:57:46.865+08:00  INFO 7792 --- [store] [http-nio-8888-exec-9] com.example.store.aspect.LogAspect       : 请求参数: [shop001]
2026-05-25T00:57:46.865+08:00  INFO 7792 --- [store] [http-nio-8888-exec-9] com.example.store.aspect.LogAspect       : ============== AOP日志结束 ==============
2026-05-25T00:57:54.302+08:00  INFO 7792 --- [store] [http-nio-8888-exec-5] com.example.store.aspect.LogAspect       : ============== AOP日志开始 ==============
2026-05-25T00:57:54.302+08:00  INFO 7792 --- [store] [http-nio-8888-exec-7] com.example.store.aspect.LogAspect       : ============== AOP日志开始 ==============
2026-05-25T00:57:54.302+08:00  INFO 7792 --- [store] [http-nio-8888-exec-6] com.example.store.aspect.LogAspect       : ============== AOP日志开始 ==============
2026-05-25T00:57:54.303+08:00  INFO 7792 --- [store] [http-nio-8888-exec-7] com.example.store.aspect.LogAspect       : 请求地址: http://localhost:8888/store/category/tree
2026-05-25T00:57:54.303+08:00  INFO 7792 --- [store] [http-nio-8888-exec-5] com.example.store.aspect.LogAspect       : 请求地址: http://localhost:8888/store/goods/hot
2026-05-25T00:57:54.303+08:00  INFO 7792 --- [store] [http-nio-8888-exec-6] com.example.store.aspect.LogAspect       : 请求地址: http://localhost:8888/store/user/info/c3d4587dcef6f7fc62cf35453516be76
2026-05-25T00:57:54.304+08:00  INFO 7792 --- [store] [http-nio-8888-exec-7] com.example.store.aspect.LogAspect       : 请求方式: GET
2026-05-25T00:57:54.304+08:00  INFO 7792 --- [store] [http-nio-8888-exec-5] com.example.store.aspect.LogAspect       : 请求方式: GET
2026-05-25T00:57:54.304+08:00  INFO 7792 --- [store] [http-nio-8888-exec-7] com.example.store.aspect.LogAspect       : 执行方法: com.example.store.controller.CategoryController.getTree
2026-05-25T00:57:54.304+08:00  INFO 7792 --- [store] [http-nio-8888-exec-6] com.example.store.aspect.LogAspect       : 请求方式: GET
2026-05-25T00:57:54.304+08:00  INFO 7792 --- [store] [http-nio-8888-exec-5] com.example.store.aspect.LogAspect       : 执行方法: com.example.store.controller.GoodsController.hot
2026-05-25T00:57:54.304+08:00  INFO 7792 --- [store] [http-nio-8888-exec-7] com.example.store.aspect.LogAspect       : 请求参数: []
2026-05-25T00:57:54.304+08:00  INFO 7792 --- [store] [http-nio-8888-exec-2] com.example.store.aspect.LogAspect       : ============== AOP日志开始 ==============
2026-05-25T00:57:54.304+08:00  INFO 7792 --- [store] [http-nio-8888-exec-5] com.example.store.aspect.LogAspect       : 请求参数: []
2026-05-25T00:57:54.304+08:00  INFO 7792 --- [store] [http-nio-8888-exec-6] com.example.store.aspect.LogAspect       : 执行方法: com.example.store.controller.UserController.getUserInfo
2026-05-25T00:57:54.304+08:00  INFO 7792 --- [store] [http-nio-8888-exec-7] com.example.store.aspect.LogAspect       : ============== AOP日志结束 ==============
2026-05-25T00:57:54.305+08:00  INFO 7792 --- [store] [http-nio-8888-exec-2] com.example.store.aspect.LogAspect       : 请求地址: http://localhost:8888/store/goods/list
2026-05-25T00:57:54.306+08:00  INFO 7792 --- [store] [http-nio-8888-exec-5] com.example.store.aspect.LogAspect       : ============== AOP日志结束 ==============
2026-05-25T00:57:54.306+08:00  INFO 7792 --- [store] [http-nio-8888-exec-6] com.example.store.aspect.LogAspect       : 请求参数: [c3d4587dcef6f7fc62cf35453516be76]
2026-05-25T00:57:54.307+08:00  INFO 7792 --- [store] [http-nio-8888-exec-2] com.example.store.aspect.LogAspect       : 请求方式: GET
2026-05-25T00:57:54.307+08:00  INFO 7792 --- [store] [http-nio-8888-exec-6] com.example.store.aspect.LogAspect       : ============== AOP日志结束 ==============
2026-05-25T00:57:54.309+08:00  INFO 7792 --- [store] [http-nio-8888-exec-2] com.example.store.aspect.LogAspect       : 执行方法: com.example.store.controller.GoodsController.list
2026-05-25T00:57:54.309+08:00  INFO 7792 --- [store] [http-nio-8888-exec-2] com.example.store.aspect.LogAspect       : 请求参数: [1, 10, null, null, null]
2026-05-25T00:57:54.310+08:00  INFO 7792 --- [store] [http-nio-8888-exec-2] com.example.store.aspect.LogAspect       : ============== AOP日志结束 ==============
2026-05-25T00:57:54.888+08:00  INFO 7792 --- [store] [http-nio-8888-exec-8] com.example.store.aspect.LogAspect       : ============== AOP日志开始 ==============
2026-05-25T00:57:54.888+08:00  INFO 7792 --- [store] [http-nio-8888-exec-4] com.example.store.aspect.LogAspect       : ============== AOP日志开始 ==============
2026-05-25T00:57:54.888+08:00  INFO 7792 --- [store] [http-nio-8888-exec-8] com.example.store.aspect.LogAspect       : 请求地址: http://localhost:8888/store/cart/list
2026-05-25T00:57:54.888+08:00  INFO 7792 --- [store] [http-nio-8888-exec-4] com.example.store.aspect.LogAspect       : 请求地址: http://localhost:8888/store/user/info/c3d4587dcef6f7fc62cf35453516be76
2026-05-25T00:57:54.889+08:00  INFO 7792 --- [store] [http-nio-8888-exec-8] com.example.store.aspect.LogAspect       : 请求方式: GET
2026-05-25T00:57:54.889+08:00  INFO 7792 --- [store] [http-nio-8888-exec-4] com.example.store.aspect.LogAspect       : 请求方式: GET
2026-05-25T00:57:54.890+08:00  INFO 7792 --- [store] [http-nio-8888-exec-8] com.example.store.aspect.LogAspect       : 执行方法: com.example.store.controller.ShopcartController.list
2026-05-25T00:57:54.890+08:00  INFO 7792 --- [store] [http-nio-8888-exec-4] com.example.store.aspect.LogAspect       : 执行方法: com.example.store.controller.UserController.getUserInfo
2026-05-25T00:57:54.890+08:00  INFO 7792 --- [store] [http-nio-8888-exec-8] com.example.store.aspect.LogAspect       : 请求参数: []
2026-05-25T00:57:54.890+08:00  INFO 7792 --- [store] [http-nio-8888-exec-4] com.example.store.aspect.LogAspect       : 请求参数: [c3d4587dcef6f7fc62cf35453516be76]
2026-05-25T00:57:54.890+08:00  INFO 7792 --- [store] [http-nio-8888-exec-8] com.example.store.aspect.LogAspect       : ============== AOP日志结束 ==============
2026-05-25T00:57:54.891+08:00  INFO 7792 --- [store] [http-nio-8888-exec-4] com.example.store.aspect.LogAspect       : ============== AOP日志结束 ==============
2026-05-25T00:59:56.867+08:00  INFO 7792 --- [store] [org.springframework.amqp.rabbit.RabbitListenerEndpointContainer#0-2] o.s.a.r.l.SimpleMessageListenerContainer : Waiting for workers to finish.
2026-05-25T00:59:56.870+08:00  INFO 7792 --- [store] [org.springframework.amqp.rabbit.RabbitListenerEndpointContainer#1-2] o.s.a.r.l.SimpleMessageListenerContainer : Waiting for workers to finish.
2026-05-25T00:59:56.870+08:00  INFO 7792 --- [store] [org.springframework.amqp.rabbit.RabbitListenerEndpointContainer#2-2] o.s.a.r.l.SimpleMessageListenerContainer : Waiting for workers to finish.
2026-05-25T00:59:57.728+08:00  INFO 7792 --- [store] [org.springframework.amqp.rabbit.RabbitListenerEndpointContainer#2-2] o.s.a.r.l.SimpleMessageListenerContainer : Successfully waited for workers to finish.
2026-05-25T00:59:57.728+08:00  INFO 7792 --- [store] [org.springframework.amqp.rabbit.RabbitListenerEndpointContainer#0-2] o.s.a.r.l.SimpleMessageListenerContainer : Successfully waited for workers to finish.
2026-05-25T00:59:57.728+08:00  INFO 7792 --- [store] [org.springframework.amqp.rabbit.RabbitListenerEndpointContainer#1-2] o.s.a.r.l.SimpleMessageListenerContainer : Successfully waited for workers to finish.
2026-05-25T00:59:57.857+08:00  INFO 7792 --- [store] [SpringApplicationShutdownHook] com.zaxxer.hikari.HikariDataSource       : HikariPool-1 - Shutdown initiated...
2026-05-25T00:59:57.868+08:00  INFO 7792 --- [store] [SpringApplicationShutdownHook] com.zaxxer.hikari.HikariDataSource       : HikariPool-1 - Shutdown completed.
2026-05-25T01:00:37.578+08:00  INFO 6836 --- [store] [main] com.example.store.StoreApplication       : Starting StoreApplication using Java 23.0.2 with PID 6836 (D:\1A\store-system\store_springboot\target\classes started by chenchuang in D:\1A\store-system\store_springboot)
2026-05-25T01:00:37.578+08:00  INFO 6836 --- [store] [main] com.example.store.StoreApplication       : No active profile set, falling back to 1 default profile: "default"
2026-05-25T01:00:38.614+08:00  INFO 6836 --- [store] [main] .s.d.r.c.RepositoryConfigurationDelegate : Multiple Spring Data modules found, entering strict repository configuration mode
2026-05-25T01:00:38.617+08:00  INFO 6836 --- [store] [main] .s.d.r.c.RepositoryConfigurationDelegate : Bootstrapping Spring Data Elasticsearch repositories in DEFAULT mode.
2026-05-25T01:00:38.783+08:00  INFO 6836 --- [store] [main] .s.d.r.c.RepositoryConfigurationDelegate : Finished Spring Data repository scanning in 162 ms. Found 1 Elasticsearch repository interface.
2026-05-25T01:00:38.791+08:00  INFO 6836 --- [store] [main] .s.d.r.c.RepositoryConfigurationDelegate : Multiple Spring Data modules found, entering strict repository configuration mode
2026-05-25T01:00:38.793+08:00  INFO 6836 --- [store] [main] .s.d.r.c.RepositoryConfigurationDelegate : Bootstrapping Spring Data Reactive Elasticsearch repositories in DEFAULT mode.
2026-05-25T01:00:38.839+08:00  INFO 6836 --- [store] [main] .s.d.r.c.RepositoryConfigurationDelegate : Finished Spring Data repository scanning in 45 ms. Found 0 Reactive Elasticsearch repository interfaces.
2026-05-25T01:00:38.870+08:00  INFO 6836 --- [store] [main] .s.d.r.c.RepositoryConfigurationDelegate : Multiple Spring Data modules found, entering strict repository configuration mode
2026-05-25T01:00:38.875+08:00  INFO 6836 --- [store] [main] .s.d.r.c.RepositoryConfigurationDelegate : Bootstrapping Spring Data Redis repositories in DEFAULT mode.
2026-05-25T01:00:38.910+08:00  INFO 6836 --- [store] [main] .RepositoryConfigurationExtensionSupport : Spring Data Redis - Could not safely identify store assignment for repository candidate interface com.example.store.repository.GoodsDocRepository; If you want this repository to be a Redis repository, consider annotating your entities with one of these annotations: org.springframework.data.redis.core.RedisHash (preferred), or consider extending one of the following types with your repository: org.springframework.data.keyvalue.repository.KeyValueRepository
2026-05-25T01:00:38.910+08:00  INFO 6836 --- [store] [main] .s.d.r.c.RepositoryConfigurationDelegate : Finished Spring Data repository scanning in 14 ms. Found 0 Redis repository interfaces.
2026-05-25T01:00:39.937+08:00  INFO 6836 --- [store] [main] o.s.b.w.embedded.tomcat.TomcatWebServer  : Tomcat initialized with port 8888 (http)
2026-05-25T01:00:39.964+08:00  INFO 6836 --- [store] [main] o.apache.catalina.core.StandardService   : Starting service [Tomcat]
2026-05-25T01:00:39.964+08:00  INFO 6836 --- [store] [main] o.apache.catalina.core.StandardEngine    : Starting Servlet engine: [Apache Tomcat/10.1.40]
2026-05-25T01:00:40.142+08:00  INFO 6836 --- [store] [main] o.a.c.c.C.[Tomcat].[localhost].[/store]  : Initializing Spring embedded WebApplicationContext
2026-05-25T01:00:40.143+08:00  INFO 6836 --- [store] [main] w.s.c.ServletWebServerApplicationContext : Root WebApplicationContext: initialization completed in 2506 ms
2026-05-25T01:00:42.462+08:00  INFO 6836 --- [store] [main] r$InitializeUserDetailsManagerConfigurer : Global AuthenticationManager configured with UserDetailsService bean with name userDetailsServiceImpl
2026-05-25T01:00:43.684+08:00  INFO 6836 --- [store] [main] o.s.b.w.embedded.tomcat.TomcatWebServer  : Tomcat started on port 8888 (http) with context path '/store'
2026-05-25T01:00:43.686+08:00  INFO 6836 --- [store] [main] o.s.a.r.c.CachingConnectionFactory       : Attempting to connect to: [localhost:5672]
2026-05-25T01:00:43.735+08:00  INFO 6836 --- [store] [main] o.s.a.r.c.CachingConnectionFactory       : Created new connection: rabbitConnectionFactory#3fb1948c:0/SimpleConnection@3618486e [delegate=amqp://guest@127.0.0.1:5672/, localPort=47321]
2026-05-25T01:00:43.837+08:00  INFO 6836 --- [store] [main] com.example.store.StoreApplication       : Started StoreApplication in 6.654 seconds (process running for 7.45)
2026-05-25T01:01:08.324+08:00  INFO 6836 --- [store] [http-nio-8888-exec-1] o.a.c.c.C.[Tomcat].[localhost].[/store]  : Initializing Spring DispatcherServlet 'dispatcherServlet'
2026-05-25T01:01:08.336+08:00  INFO 6836 --- [store] [http-nio-8888-exec-1] o.s.web.servlet.DispatcherServlet        : Initializing Servlet 'dispatcherServlet'
2026-05-25T01:01:08.374+08:00  INFO 6836 --- [store] [http-nio-8888-exec-1] o.s.web.servlet.DispatcherServlet        : Completed initialization in 38 ms
2026-05-25T01:01:10.120+08:00  INFO 6836 --- [store] [http-nio-8888-exec-1] com.example.store.aspect.LogAspect       : ============== AOP日志开始 ==============
2026-05-25T01:01:10.122+08:00  INFO 6836 --- [store] [http-nio-8888-exec-1] com.example.store.aspect.LogAspect       : 请求地址: http://localhost:8888/store/user/captcha
2026-05-25T01:01:10.125+08:00  INFO 6836 --- [store] [http-nio-8888-exec-1] com.example.store.aspect.LogAspect       : 请求方式: GET
2026-05-25T01:01:10.128+08:00  INFO 6836 --- [store] [http-nio-8888-exec-1] com.example.store.aspect.LogAspect       : 执行方法: com.example.store.controller.UserController.getCaptcha
2026-05-25T01:01:10.128+08:00  INFO 6836 --- [store] [http-nio-8888-exec-1] com.example.store.aspect.LogAspect       : 请求参数: []
2026-05-25T01:01:10.128+08:00  INFO 6836 --- [store] [http-nio-8888-exec-1] com.example.store.aspect.LogAspect       : ============== AOP日志结束 ==============
2026-05-25T01:01:20.224+08:00  INFO 6836 --- [store] [http-nio-8888-exec-7] com.example.store.aspect.LogAspect       : ============== AOP日志开始 ==============
2026-05-25T01:01:20.224+08:00  INFO 6836 --- [store] [http-nio-8888-exec-7] com.example.store.aspect.LogAspect       : 请求地址: http://localhost:8888/store/user/login
2026-05-25T01:01:20.229+08:00  INFO 6836 --- [store] [http-nio-8888-exec-7] com.example.store.aspect.LogAspect       : 请求方式: POST
2026-05-25T01:01:20.229+08:00  INFO 6836 --- [store] [http-nio-8888-exec-7] com.example.store.aspect.LogAspect       : 执行方法: com.example.store.controller.UserController.login
2026-05-25T01:01:20.229+08:00  INFO 6836 --- [store] [http-nio-8888-exec-7] com.example.store.aspect.LogAspect       : 请求参数: [LoginDTO(username=cc, password=123456, code=ik1f, uuid=7a54dd6c-8aa5-474c-9bb9-39ea56646af7)]
2026-05-25T01:01:20.230+08:00  INFO 6836 --- [store] [http-nio-8888-exec-7] com.example.store.aspect.LogAspect       : ============== AOP日志结束 ==============
2026-05-25T01:01:20.402+08:00  INFO 6836 --- [store] [http-nio-8888-exec-7] com.zaxxer.hikari.HikariDataSource       : HikariPool-1 - Starting...
2026-05-25T01:01:20.688+08:00  INFO 6836 --- [store] [http-nio-8888-exec-7] com.zaxxer.hikari.pool.HikariPool        : HikariPool-1 - Added connection com.mysql.cj.jdbc.ConnectionImpl@a354708
2026-05-25T01:01:20.692+08:00  INFO 6836 --- [store] [http-nio-8888-exec-7] com.zaxxer.hikari.HikariDataSource       : HikariPool-1 - Start completed.
2026-05-25T01:01:20.919+08:00  INFO 6836 --- [store] [http-nio-8888-exec-5] com.example.store.aspect.LogAspect       : ============== AOP日志开始 ==============
2026-05-25T01:01:20.920+08:00  INFO 6836 --- [store] [http-nio-8888-exec-4] com.example.store.aspect.LogAspect       : ============== AOP日志开始 ==============
2026-05-25T01:01:20.920+08:00  INFO 6836 --- [store] [http-nio-8888-exec-4] com.example.store.aspect.LogAspect       : 请求地址: http://localhost:8888/store/category/tree
2026-05-25T01:01:20.920+08:00  INFO 6836 --- [store] [http-nio-8888-exec-5] com.example.store.aspect.LogAspect       : 请求地址: http://localhost:8888/store/goods/hot
2026-05-25T01:01:20.921+08:00  INFO 6836 --- [store] [http-nio-8888-exec-4] com.example.store.aspect.LogAspect       : 请求方式: GET
2026-05-25T01:01:20.922+08:00  INFO 6836 --- [store] [http-nio-8888-exec-5] com.example.store.aspect.LogAspect       : 请求方式: GET
2026-05-25T01:01:20.923+08:00  INFO 6836 --- [store] [http-nio-8888-exec-5] com.example.store.aspect.LogAspect       : 执行方法: com.example.store.controller.GoodsController.hot
2026-05-25T01:01:20.923+08:00  INFO 6836 --- [store] [http-nio-8888-exec-4] com.example.store.aspect.LogAspect       : 执行方法: com.example.store.controller.CategoryController.getTree
2026-05-25T01:01:20.923+08:00  INFO 6836 --- [store] [http-nio-8888-exec-5] com.example.store.aspect.LogAspect       : 请求参数: []
2026-05-25T01:01:20.923+08:00  INFO 6836 --- [store] [http-nio-8888-exec-4] com.example.store.aspect.LogAspect       : 请求参数: []
2026-05-25T01:01:20.923+08:00  INFO 6836 --- [store] [http-nio-8888-exec-5] com.example.store.aspect.LogAspect       : ============== AOP日志结束 ==============
2026-05-25T01:01:20.924+08:00  INFO 6836 --- [store] [http-nio-8888-exec-4] com.example.store.aspect.LogAspect       : ============== AOP日志结束 ==============
2026-05-25T01:01:20.929+08:00  INFO 6836 --- [store] [http-nio-8888-exec-6] com.example.store.aspect.LogAspect       : ============== AOP日志开始 ==============
2026-05-25T01:01:20.929+08:00  INFO 6836 --- [store] [http-nio-8888-exec-6] com.example.store.aspect.LogAspect       : 请求地址: http://localhost:8888/store/goods/list
2026-05-25T01:01:20.929+08:00  INFO 6836 --- [store] [http-nio-8888-exec-6] com.example.store.aspect.LogAspect       : 请求方式: GET
2026-05-25T01:01:20.929+08:00  INFO 6836 --- [store] [http-nio-8888-exec-6] com.example.store.aspect.LogAspect       : 执行方法: com.example.store.controller.GoodsController.list
2026-05-25T01:01:20.929+08:00  INFO 6836 --- [store] [http-nio-8888-exec-6] com.example.store.aspect.LogAspect       : 请求参数: [1, 10, null, null, null]
2026-05-25T01:01:20.929+08:00  INFO 6836 --- [store] [http-nio-8888-exec-6] com.example.store.aspect.LogAspect       : ============== AOP日志结束 ==============
2026-05-25T01:01:20.938+08:00  INFO 6836 --- [store] [http-nio-8888-exec-2] com.example.store.aspect.LogAspect       : ============== AOP日志开始 ==============
2026-05-25T01:01:20.940+08:00  INFO 6836 --- [store] [http-nio-8888-exec-2] com.example.store.aspect.LogAspect       : 请求地址: http://localhost:8888/store/user/info/c3d4587dcef6f7fc62cf35453516be76
2026-05-25T01:01:20.943+08:00  INFO 6836 --- [store] [http-nio-8888-exec-2] com.example.store.aspect.LogAspect       : 请求方式: GET
2026-05-25T01:01:20.943+08:00  INFO 6836 --- [store] [http-nio-8888-exec-2] com.example.store.aspect.LogAspect       : 执行方法: com.example.store.controller.UserController.getUserInfo
2026-05-25T01:01:20.943+08:00  INFO 6836 --- [store] [http-nio-8888-exec-2] com.example.store.aspect.LogAspect       : 请求参数: [c3d4587dcef6f7fc62cf35453516be76]
2026-05-25T01:01:20.943+08:00  INFO 6836 --- [store] [http-nio-8888-exec-2] com.example.store.aspect.LogAspect       : ============== AOP日志结束 ==============
2026-05-25T01:01:22.731+08:00  INFO 6836 --- [store] [http-nio-8888-exec-9] com.example.store.aspect.LogAspect       : ============== AOP日志开始 ==============
2026-05-25T01:01:22.731+08:00  INFO 6836 --- [store] [http-nio-8888-exec-10] com.example.store.aspect.LogAspect       : ============== AOP日志开始 ==============
2026-05-25T01:01:22.731+08:00  INFO 6836 --- [store] [http-nio-8888-exec-3] com.example.store.aspect.LogAspect       : ============== AOP日志开始 ==============
2026-05-25T01:01:22.731+08:00  INFO 6836 --- [store] [http-nio-8888-exec-9] com.example.store.aspect.LogAspect       : 请求地址: http://localhost:8888/store/user/info/c3d4587dcef6f7fc62cf35453516be76
2026-05-25T01:01:22.732+08:00  INFO 6836 --- [store] [http-nio-8888-exec-10] com.example.store.aspect.LogAspect       : 请求地址: http://localhost:8888/store/review/stats/27d83564a605736d828c7cd7a4ee5256
2026-05-25T01:01:22.732+08:00  INFO 6836 --- [store] [http-nio-8888-exec-3] com.example.store.aspect.LogAspect       : 请求地址: http://localhost:8888/store/goods/detail/27d83564a605736d828c7cd7a4ee5256
2026-05-25T01:01:22.732+08:00  INFO 6836 --- [store] [http-nio-8888-exec-9] com.example.store.aspect.LogAspect       : 请求方式: GET
2026-05-25T01:01:22.732+08:00  INFO 6836 --- [store] [http-nio-8888-exec-3] com.example.store.aspect.LogAspect       : 请求方式: GET
2026-05-25T01:01:22.732+08:00  INFO 6836 --- [store] [http-nio-8888-exec-10] com.example.store.aspect.LogAspect       : 请求方式: GET
2026-05-25T01:01:22.733+08:00  INFO 6836 --- [store] [http-nio-8888-exec-9] com.example.store.aspect.LogAspect       : 执行方法: com.example.store.controller.UserController.getUserInfo
2026-05-25T01:01:22.733+08:00  INFO 6836 --- [store] [http-nio-8888-exec-3] com.example.store.aspect.LogAspect       : 执行方法: com.example.store.controller.GoodsController.detail
2026-05-25T01:01:22.733+08:00  INFO 6836 --- [store] [http-nio-8888-exec-10] com.example.store.aspect.LogAspect       : 执行方法: com.example.store.controller.ReviewController.getReviewStats
2026-05-25T01:01:22.734+08:00  INFO 6836 --- [store] [http-nio-8888-exec-9] com.example.store.aspect.LogAspect       : 请求参数: [c3d4587dcef6f7fc62cf35453516be76]
2026-05-25T01:01:22.734+08:00  INFO 6836 --- [store] [http-nio-8888-exec-3] com.example.store.aspect.LogAspect       : 请求参数: [27d83564a605736d828c7cd7a4ee5256]
2026-05-25T01:01:22.734+08:00  INFO 6836 --- [store] [http-nio-8888-exec-9] com.example.store.aspect.LogAspect       : ============== AOP日志结束 ==============
2026-05-25T01:01:22.734+08:00  INFO 6836 --- [store] [http-nio-8888-exec-10] com.example.store.aspect.LogAspect       : 请求参数: [27d83564a605736d828c7cd7a4ee5256]
2026-05-25T01:01:22.734+08:00  INFO 6836 --- [store] [http-nio-8888-exec-3] com.example.store.aspect.LogAspect       : ============== AOP日志结束 ==============
2026-05-25T01:01:22.735+08:00  INFO 6836 --- [store] [http-nio-8888-exec-10] com.example.store.aspect.LogAspect       : ============== AOP日志结束 ==============
2026-05-25T01:01:22.757+08:00  INFO 6836 --- [store] [http-nio-8888-exec-6] com.example.store.aspect.LogAspect       : ============== AOP日志开始 ==============
2026-05-25T01:01:22.757+08:00  INFO 6836 --- [store] [http-nio-8888-exec-6] com.example.store.aspect.LogAspect       : 请求地址: http://localhost:8888/store/shop/detail/7b7a25908592c30c1696752fb4e7ae3b
2026-05-25T01:01:22.758+08:00  INFO 6836 --- [store] [http-nio-8888-exec-6] com.example.store.aspect.LogAspect       : 请求方式: GET
2026-05-25T01:01:22.759+08:00  INFO 6836 --- [store] [http-nio-8888-exec-6] com.example.store.aspect.LogAspect       : 执行方法: com.example.store.controller.ShopController.detail
2026-05-25T01:01:22.760+08:00  INFO 6836 --- [store] [http-nio-8888-exec-6] com.example.store.aspect.LogAspect       : 请求参数: [7b7a25908592c30c1696752fb4e7ae3b]
2026-05-25T01:01:22.760+08:00  INFO 6836 --- [store] [http-nio-8888-exec-6] com.example.store.aspect.LogAspect       : ============== AOP日志结束 ==============
2026-05-25T01:01:24.892+08:00  INFO 6836 --- [store] [http-nio-8888-exec-2] com.example.store.aspect.LogAspect       : ============== AOP日志开始 ==============
2026-05-25T01:01:24.892+08:00  INFO 6836 --- [store] [http-nio-8888-exec-2] com.example.store.aspect.LogAspect       : 请求地址: http://localhost:8888/store/review/list/27d83564a605736d828c7cd7a4ee5256
2026-05-25T01:01:24.893+08:00  INFO 6836 --- [store] [http-nio-8888-exec-2] com.example.store.aspect.LogAspect       : 请求方式: GET
2026-05-25T01:01:24.894+08:00  INFO 6836 --- [store] [http-nio-8888-exec-2] com.example.store.aspect.LogAspect       : 执行方法: com.example.store.controller.ReviewController.getReviewList
2026-05-25T01:01:24.894+08:00  INFO 6836 --- [store] [http-nio-8888-exec-2] com.example.store.aspect.LogAspect       : 请求参数: [27d83564a605736d828c7cd7a4ee5256, 1, 10]
2026-05-25T01:01:24.894+08:00  INFO 6836 --- [store] [http-nio-8888-exec-2] com.example.store.aspect.LogAspect       : ============== AOP日志结束 ==============
2026-05-25T01:01:27.837+08:00  INFO 6836 --- [store] [http-nio-8888-exec-7] com.example.store.aspect.LogAspect       : ============== AOP日志开始 ==============
2026-05-25T01:01:27.837+08:00  INFO 6836 --- [store] [http-nio-8888-exec-1] com.example.store.aspect.LogAspect       : ============== AOP日志开始 ==============
2026-05-25T01:01:27.839+08:00  INFO 6836 --- [store] [http-nio-8888-exec-1] com.example.store.aspect.LogAspect       : 请求地址: http://localhost:8888/store/shop/detail/7b7a25908592c30c1696752fb4e7ae3b
2026-05-25T01:01:27.839+08:00  INFO 6836 --- [store] [http-nio-8888-exec-7] com.example.store.aspect.LogAspect       : 请求地址: http://localhost:8888/store/user/info/c3d4587dcef6f7fc62cf35453516be76
2026-05-25T01:01:27.839+08:00  INFO 6836 --- [store] [http-nio-8888-exec-1] com.example.store.aspect.LogAspect       : 请求方式: GET
2026-05-25T01:01:27.839+08:00  INFO 6836 --- [store] [http-nio-8888-exec-7] com.example.store.aspect.LogAspect       : 请求方式: GET
2026-05-25T01:01:27.839+08:00  INFO 6836 --- [store] [http-nio-8888-exec-1] com.example.store.aspect.LogAspect       : 执行方法: com.example.store.controller.ShopController.detail
2026-05-25T01:01:27.839+08:00  INFO 6836 --- [store] [http-nio-8888-exec-7] com.example.store.aspect.LogAspect       : 执行方法: com.example.store.controller.UserController.getUserInfo
2026-05-25T01:01:27.840+08:00  INFO 6836 --- [store] [http-nio-8888-exec-1] com.example.store.aspect.LogAspect       : 请求参数: [7b7a25908592c30c1696752fb4e7ae3b]
2026-05-25T01:01:27.840+08:00  INFO 6836 --- [store] [http-nio-8888-exec-7] com.example.store.aspect.LogAspect       : 请求参数: [c3d4587dcef6f7fc62cf35453516be76]
2026-05-25T01:01:27.841+08:00  INFO 6836 --- [store] [http-nio-8888-exec-1] com.example.store.aspect.LogAspect       : ============== AOP日志结束 ==============
2026-05-25T01:01:27.841+08:00  INFO 6836 --- [store] [http-nio-8888-exec-7] com.example.store.aspect.LogAspect       : ============== AOP日志结束 ==============
2026-05-25T01:01:27.846+08:00  INFO 6836 --- [store] [http-nio-8888-exec-3] com.example.store.aspect.LogAspect       : ============== AOP日志开始 ==============
2026-05-25T01:01:27.848+08:00  INFO 6836 --- [store] [http-nio-8888-exec-3] com.example.store.aspect.LogAspect       : 请求地址: http://localhost:8888/store/goods/list
2026-05-25T01:01:27.848+08:00  INFO 6836 --- [store] [http-nio-8888-exec-3] com.example.store.aspect.LogAspect       : 请求方式: GET
2026-05-25T01:01:27.849+08:00  INFO 6836 --- [store] [http-nio-8888-exec-3] com.example.store.aspect.LogAspect       : 执行方法: com.example.store.controller.GoodsController.list
2026-05-25T01:01:27.849+08:00  INFO 6836 --- [store] [http-nio-8888-exec-3] com.example.store.aspect.LogAspect       : 请求参数: [1, 10, null, 7b7a25908592c30c1696752fb4e7ae3b, null]
2026-05-25T01:01:27.850+08:00  INFO 6836 --- [store] [http-nio-8888-exec-3] com.example.store.aspect.LogAspect       : ============== AOP日志结束 ==============
2026-05-25T01:01:28.400+08:00  INFO 6836 --- [store] [http-nio-8888-exec-9] com.example.store.aspect.LogAspect       : ============== AOP日志开始 ==============
2026-05-25T01:01:28.400+08:00  INFO 6836 --- [store] [http-nio-8888-exec-2] com.example.store.aspect.LogAspect       : ============== AOP日志开始 ==============
2026-05-25T01:01:28.400+08:00  INFO 6836 --- [store] [http-nio-8888-exec-10] com.example.store.aspect.LogAspect       : ============== AOP日志开始 ==============
2026-05-25T01:01:28.402+08:00  INFO 6836 --- [store] [http-nio-8888-exec-6] com.example.store.aspect.LogAspect       : ============== AOP日志开始 ==============
2026-05-25T01:01:28.403+08:00  INFO 6836 --- [store] [http-nio-8888-exec-9] com.example.store.aspect.LogAspect       : 请求地址: http://localhost:8888/store/user/info/c3d4587dcef6f7fc62cf35453516be76
2026-05-25T01:01:28.403+08:00  INFO 6836 --- [store] [http-nio-8888-exec-2] com.example.store.aspect.LogAspect       : 请求地址: http://localhost:8888/store/goods/list
2026-05-25T01:01:28.404+08:00  INFO 6836 --- [store] [http-nio-8888-exec-9] com.example.store.aspect.LogAspect       : 请求方式: GET
2026-05-25T01:01:28.404+08:00  INFO 6836 --- [store] [http-nio-8888-exec-10] com.example.store.aspect.LogAspect       : 请求地址: http://localhost:8888/store/goods/hot
2026-05-25T01:01:28.404+08:00  INFO 6836 --- [store] [http-nio-8888-exec-6] com.example.store.aspect.LogAspect       : 请求地址: http://localhost:8888/store/category/tree
2026-05-25T01:01:28.404+08:00  INFO 6836 --- [store] [http-nio-8888-exec-2] com.example.store.aspect.LogAspect       : 请求方式: GET
2026-05-25T01:01:28.404+08:00  INFO 6836 --- [store] [http-nio-8888-exec-9] com.example.store.aspect.LogAspect       : 执行方法: com.example.store.controller.UserController.getUserInfo
2026-05-25T01:01:28.405+08:00  INFO 6836 --- [store] [http-nio-8888-exec-10] com.example.store.aspect.LogAspect       : 请求方式: GET
2026-05-25T01:01:28.405+08:00  INFO 6836 --- [store] [http-nio-8888-exec-6] com.example.store.aspect.LogAspect       : 请求方式: GET
2026-05-25T01:01:28.405+08:00  INFO 6836 --- [store] [http-nio-8888-exec-2] com.example.store.aspect.LogAspect       : 执行方法: com.example.store.controller.GoodsController.list
2026-05-25T01:01:28.405+08:00  INFO 6836 --- [store] [http-nio-8888-exec-9] com.example.store.aspect.LogAspect       : 请求参数: [c3d4587dcef6f7fc62cf35453516be76]
2026-05-25T01:01:28.405+08:00  INFO 6836 --- [store] [http-nio-8888-exec-10] com.example.store.aspect.LogAspect       : 执行方法: com.example.store.controller.GoodsController.hot
2026-05-25T01:01:28.406+08:00  INFO 6836 --- [store] [http-nio-8888-exec-6] com.example.store.aspect.LogAspect       : 执行方法: com.example.store.controller.CategoryController.getTree
2026-05-25T01:01:28.406+08:00  INFO 6836 --- [store] [http-nio-8888-exec-2] com.example.store.aspect.LogAspect       : 请求参数: [1, 10, null, null, null]
2026-05-25T01:01:28.407+08:00  INFO 6836 --- [store] [http-nio-8888-exec-9] com.example.store.aspect.LogAspect       : ============== AOP日志结束 ==============
2026-05-25T01:01:28.409+08:00  INFO 6836 --- [store] [http-nio-8888-exec-10] com.example.store.aspect.LogAspect       : 请求参数: []
2026-05-25T01:01:28.409+08:00  INFO 6836 --- [store] [http-nio-8888-exec-6] com.example.store.aspect.LogAspect       : 请求参数: []
2026-05-25T01:01:28.410+08:00  INFO 6836 --- [store] [http-nio-8888-exec-2] com.example.store.aspect.LogAspect       : ============== AOP日志结束 ==============
2026-05-25T01:01:28.411+08:00  INFO 6836 --- [store] [http-nio-8888-exec-10] com.example.store.aspect.LogAspect       : ============== AOP日志结束 ==============
2026-05-25T01:01:28.411+08:00  INFO 6836 --- [store] [http-nio-8888-exec-6] com.example.store.aspect.LogAspect       : ============== AOP日志结束 ==============
2026-05-25T01:04:15.372+08:00  INFO 6836 --- [store] [org.springframework.amqp.rabbit.RabbitListenerEndpointContainer#0-2] o.s.a.r.l.SimpleMessageListenerContainer : Waiting for workers to finish.
2026-05-25T01:04:15.378+08:00  INFO 6836 --- [store] [org.springframework.amqp.rabbit.RabbitListenerEndpointContainer#1-2] o.s.a.r.l.SimpleMessageListenerContainer : Waiting for workers to finish.
2026-05-25T01:04:15.386+08:00  INFO 6836 --- [store] [org.springframework.amqp.rabbit.RabbitListenerEndpointContainer#2-2] o.s.a.r.l.SimpleMessageListenerContainer : Waiting for workers to finish.
2026-05-25T01:04:15.978+08:00  INFO 6836 --- [store] [org.springframework.amqp.rabbit.RabbitListenerEndpointContainer#1-2] o.s.a.r.l.SimpleMessageListenerContainer : Successfully waited for workers to finish.
2026-05-25T01:04:15.987+08:00  INFO 6836 --- [store] [org.springframework.amqp.rabbit.RabbitListenerEndpointContainer#0-2] o.s.a.r.l.SimpleMessageListenerContainer : Successfully waited for workers to finish.
2026-05-25T01:04:16.099+08:00  INFO 6836 --- [store] [org.springframework.amqp.rabbit.RabbitListenerEndpointContainer#2-2] o.s.a.r.l.SimpleMessageListenerContainer : Successfully waited for workers to finish.
2026-05-25T01:04:16.176+08:00  INFO 6836 --- [store] [SpringApplicationShutdownHook] com.zaxxer.hikari.HikariDataSource       : HikariPool-1 - Shutdown initiated...
2026-05-25T01:04:16.183+08:00  INFO 6836 --- [store] [SpringApplicationShutdownHook] com.zaxxer.hikari.HikariDataSource       : HikariPool-1 - Shutdown completed.
2026-05-25T01:04:31.387+08:00  INFO 9368 --- [store] [main] com.example.store.StoreApplication       : Starting StoreApplication using Java 23.0.2 with PID 9368 (D:\1A\store-system\store_springboot\target\classes started by chenchuang in D:\1A\store-system\store_springboot)
2026-05-25T01:04:31.387+08:00  INFO 9368 --- [store] [main] com.example.store.StoreApplication       : No active profile set, falling back to 1 default profile: "default"
2026-05-25T01:04:32.418+08:00  INFO 9368 --- [store] [main] .s.d.r.c.RepositoryConfigurationDelegate : Multiple Spring Data modules found, entering strict repository configuration mode
2026-05-25T01:04:32.418+08:00  INFO 9368 --- [store] [main] .s.d.r.c.RepositoryConfigurationDelegate : Bootstrapping Spring Data Elasticsearch repositories in DEFAULT mode.
2026-05-25T01:04:32.598+08:00  INFO 9368 --- [store] [main] .s.d.r.c.RepositoryConfigurationDelegate : Finished Spring Data repository scanning in 168 ms. Found 1 Elasticsearch repository interface.
2026-05-25T01:04:32.605+08:00  INFO 9368 --- [store] [main] .s.d.r.c.RepositoryConfigurationDelegate : Multiple Spring Data modules found, entering strict repository configuration mode
2026-05-25T01:04:32.606+08:00  INFO 9368 --- [store] [main] .s.d.r.c.RepositoryConfigurationDelegate : Bootstrapping Spring Data Reactive Elasticsearch repositories in DEFAULT mode.
2026-05-25T01:04:32.618+08:00  INFO 9368 --- [store] [main] .s.d.r.c.RepositoryConfigurationDelegate : Finished Spring Data repository scanning in 13 ms. Found 0 Reactive Elasticsearch repository interfaces.
2026-05-25T01:04:32.636+08:00  INFO 9368 --- [store] [main] .s.d.r.c.RepositoryConfigurationDelegate : Multiple Spring Data modules found, entering strict repository configuration mode
2026-05-25T01:04:32.638+08:00  INFO 9368 --- [store] [main] .s.d.r.c.RepositoryConfigurationDelegate : Bootstrapping Spring Data Redis repositories in DEFAULT mode.
2026-05-25T01:04:32.660+08:00  INFO 9368 --- [store] [main] .RepositoryConfigurationExtensionSupport : Spring Data Redis - Could not safely identify store assignment for repository candidate interface com.example.store.repository.GoodsDocRepository; If you want this repository to be a Redis repository, consider annotating your entities with one of these annotations: org.springframework.data.redis.core.RedisHash (preferred), or consider extending one of the following types with your repository: org.springframework.data.keyvalue.repository.KeyValueRepository
2026-05-25T01:04:32.660+08:00  INFO 9368 --- [store] [main] .s.d.r.c.RepositoryConfigurationDelegate : Finished Spring Data repository scanning in 16 ms. Found 0 Redis repository interfaces.
2026-05-25T01:04:33.433+08:00  INFO 9368 --- [store] [main] o.s.b.w.embedded.tomcat.TomcatWebServer  : Tomcat initialized with port 8888 (http)
2026-05-25T01:04:33.448+08:00  INFO 9368 --- [store] [main] o.apache.catalina.core.StandardService   : Starting service [Tomcat]
2026-05-25T01:04:33.451+08:00  INFO 9368 --- [store] [main] o.apache.catalina.core.StandardEngine    : Starting Servlet engine: [Apache Tomcat/10.1.40]
2026-05-25T01:04:33.559+08:00  INFO 9368 --- [store] [main] o.a.c.c.C.[Tomcat].[localhost].[/store]  : Initializing Spring embedded WebApplicationContext
2026-05-25T01:04:33.559+08:00  INFO 9368 --- [store] [main] w.s.c.ServletWebServerApplicationContext : Root WebApplicationContext: initialization completed in 2108 ms
2026-05-25T01:04:35.522+08:00  INFO 9368 --- [store] [main] r$InitializeUserDetailsManagerConfigurer : Global AuthenticationManager configured with UserDetailsService bean with name userDetailsServiceImpl
2026-05-25T01:04:36.737+08:00  INFO 9368 --- [store] [main] o.s.b.w.embedded.tomcat.TomcatWebServer  : Tomcat started on port 8888 (http) with context path '/store'
2026-05-25T01:04:36.743+08:00  INFO 9368 --- [store] [main] o.s.a.r.c.CachingConnectionFactory       : Attempting to connect to: [localhost:5672]
2026-05-25T01:04:36.857+08:00  INFO 9368 --- [store] [main] o.s.a.r.c.CachingConnectionFactory       : Created new connection: rabbitConnectionFactory#4504a4ed:0/SimpleConnection@1ff52a71 [delegate=amqp://guest@127.0.0.1:5672/, localPort=28479]
2026-05-25T01:04:36.993+08:00  INFO 9368 --- [store] [main] com.example.store.StoreApplication       : Started StoreApplication in 6.007 seconds (process running for 6.713)
2026-05-25T01:04:59.658+08:00  INFO 9368 --- [store] [http-nio-8888-exec-1] o.a.c.c.C.[Tomcat].[localhost].[/store]  : Initializing Spring DispatcherServlet 'dispatcherServlet'
2026-05-25T01:04:59.667+08:00  INFO 9368 --- [store] [http-nio-8888-exec-1] o.s.web.servlet.DispatcherServlet        : Initializing Servlet 'dispatcherServlet'
2026-05-25T01:04:59.698+08:00  INFO 9368 --- [store] [http-nio-8888-exec-1] o.s.web.servlet.DispatcherServlet        : Completed initialization in 31 ms
2026-05-25T01:05:01.236+08:00  INFO 9368 --- [store] [http-nio-8888-exec-1] com.example.store.aspect.LogAspect       : ============== AOP日志开始 ==============
2026-05-25T01:05:01.236+08:00  INFO 9368 --- [store] [http-nio-8888-exec-1] com.example.store.aspect.LogAspect       : 请求地址: http://localhost:8888/store/user/captcha
2026-05-25T01:05:01.238+08:00  INFO 9368 --- [store] [http-nio-8888-exec-1] com.example.store.aspect.LogAspect       : 请求方式: GET
2026-05-25T01:05:01.241+08:00  INFO 9368 --- [store] [http-nio-8888-exec-1] com.example.store.aspect.LogAspect       : 执行方法: com.example.store.controller.UserController.getCaptcha
2026-05-25T01:05:01.241+08:00  INFO 9368 --- [store] [http-nio-8888-exec-1] com.example.store.aspect.LogAspect       : 请求参数: []
2026-05-25T01:05:01.241+08:00  INFO 9368 --- [store] [http-nio-8888-exec-1] com.example.store.aspect.LogAspect       : ============== AOP日志结束 ==============
2026-05-25T01:05:11.350+08:00  INFO 9368 --- [store] [http-nio-8888-exec-3] com.example.store.aspect.LogAspect       : ============== AOP日志开始 ==============
2026-05-25T01:05:11.350+08:00  INFO 9368 --- [store] [http-nio-8888-exec-3] com.example.store.aspect.LogAspect       : 请求地址: http://localhost:8888/store/user/login
2026-05-25T01:05:11.350+08:00  INFO 9368 --- [store] [http-nio-8888-exec-3] com.example.store.aspect.LogAspect       : 请求方式: POST
2026-05-25T01:05:11.350+08:00  INFO 9368 --- [store] [http-nio-8888-exec-3] com.example.store.aspect.LogAspect       : 执行方法: com.example.store.controller.UserController.login
2026-05-25T01:05:11.350+08:00  INFO 9368 --- [store] [http-nio-8888-exec-3] com.example.store.aspect.LogAspect       : 请求参数: [LoginDTO(username=cc, password=123456, code=2lle, uuid=55374291-fab3-48d2-addf-ceb3786302bd)]
2026-05-25T01:05:11.357+08:00  INFO 9368 --- [store] [http-nio-8888-exec-3] com.example.store.aspect.LogAspect       : ============== AOP日志结束 ==============
2026-05-25T01:05:11.548+08:00  INFO 9368 --- [store] [http-nio-8888-exec-3] com.zaxxer.hikari.HikariDataSource       : HikariPool-1 - Starting...
2026-05-25T01:05:11.860+08:00  INFO 9368 --- [store] [http-nio-8888-exec-3] com.zaxxer.hikari.pool.HikariPool        : HikariPool-1 - Added connection com.mysql.cj.jdbc.ConnectionImpl@59e0817d
2026-05-25T01:05:11.866+08:00  INFO 9368 --- [store] [http-nio-8888-exec-3] com.zaxxer.hikari.HikariDataSource       : HikariPool-1 - Start completed.
2026-05-25T01:05:12.093+08:00  INFO 9368 --- [store] [http-nio-8888-exec-5] com.example.store.aspect.LogAspect       : ============== AOP日志开始 ==============
2026-05-25T01:05:12.094+08:00  INFO 9368 --- [store] [http-nio-8888-exec-5] com.example.store.aspect.LogAspect       : 请求地址: http://localhost:8888/store/category/tree
2026-05-25T01:05:12.094+08:00  INFO 9368 --- [store] [http-nio-8888-exec-5] com.example.store.aspect.LogAspect       : 请求方式: GET
2026-05-25T01:05:12.094+08:00  INFO 9368 --- [store] [http-nio-8888-exec-5] com.example.store.aspect.LogAspect       : 执行方法: com.example.store.controller.CategoryController.getTree
2026-05-25T01:05:12.096+08:00  INFO 9368 --- [store] [http-nio-8888-exec-6] com.example.store.aspect.LogAspect       : ============== AOP日志开始 ==============
2026-05-25T01:05:12.096+08:00  INFO 9368 --- [store] [http-nio-8888-exec-5] com.example.store.aspect.LogAspect       : 请求参数: []
2026-05-25T01:05:12.096+08:00  INFO 9368 --- [store] [http-nio-8888-exec-6] com.example.store.aspect.LogAspect       : 请求地址: http://localhost:8888/store/goods/hot
2026-05-25T01:05:12.097+08:00  INFO 9368 --- [store] [http-nio-8888-exec-5] com.example.store.aspect.LogAspect       : ============== AOP日志结束 ==============
2026-05-25T01:05:12.097+08:00  INFO 9368 --- [store] [http-nio-8888-exec-6] com.example.store.aspect.LogAspect       : 请求方式: GET
2026-05-25T01:05:12.099+08:00  INFO 9368 --- [store] [http-nio-8888-exec-6] com.example.store.aspect.LogAspect       : 执行方法: com.example.store.controller.GoodsController.hot
2026-05-25T01:05:12.101+08:00  INFO 9368 --- [store] [http-nio-8888-exec-6] com.example.store.aspect.LogAspect       : 请求参数: []
2026-05-25T01:05:12.102+08:00  INFO 9368 --- [store] [http-nio-8888-exec-6] com.example.store.aspect.LogAspect       : ============== AOP日志结束 ==============
2026-05-25T01:05:12.104+08:00  INFO 9368 --- [store] [http-nio-8888-exec-7] com.example.store.aspect.LogAspect       : ============== AOP日志开始 ==============
2026-05-25T01:05:12.104+08:00  INFO 9368 --- [store] [http-nio-8888-exec-7] com.example.store.aspect.LogAspect       : 请求地址: http://localhost:8888/store/goods/list
2026-05-25T01:05:12.104+08:00  INFO 9368 --- [store] [http-nio-8888-exec-7] com.example.store.aspect.LogAspect       : 请求方式: GET
2026-05-25T01:05:12.106+08:00  INFO 9368 --- [store] [http-nio-8888-exec-7] com.example.store.aspect.LogAspect       : 执行方法: com.example.store.controller.GoodsController.list
2026-05-25T01:05:12.106+08:00  INFO 9368 --- [store] [http-nio-8888-exec-7] com.example.store.aspect.LogAspect       : 请求参数: [1, 10, null, null, null]
2026-05-25T01:05:12.108+08:00  INFO 9368 --- [store] [http-nio-8888-exec-7] com.example.store.aspect.LogAspect       : ============== AOP日志结束 ==============
2026-05-25T01:05:12.109+08:00  INFO 9368 --- [store] [http-nio-8888-exec-10] com.example.store.aspect.LogAspect       : ============== AOP日志开始 ==============
2026-05-25T01:05:12.109+08:00  INFO 9368 --- [store] [http-nio-8888-exec-10] com.example.store.aspect.LogAspect       : 请求地址: http://localhost:8888/store/user/info/c3d4587dcef6f7fc62cf35453516be76
2026-05-25T01:05:12.113+08:00  INFO 9368 --- [store] [http-nio-8888-exec-10] com.example.store.aspect.LogAspect       : 请求方式: GET
2026-05-25T01:05:12.115+08:00  INFO 9368 --- [store] [http-nio-8888-exec-10] com.example.store.aspect.LogAspect       : 执行方法: com.example.store.controller.UserController.getUserInfo
2026-05-25T01:05:12.117+08:00  INFO 9368 --- [store] [http-nio-8888-exec-10] com.example.store.aspect.LogAspect       : 请求参数: [c3d4587dcef6f7fc62cf35453516be76]
2026-05-25T01:05:12.117+08:00  INFO 9368 --- [store] [http-nio-8888-exec-10] com.example.store.aspect.LogAspect       : ============== AOP日志结束 ==============
2026-05-25T01:06:22.083+08:00  INFO 9368 --- [store] [org.springframework.amqp.rabbit.RabbitListenerEndpointContainer#0-2] o.s.a.r.l.SimpleMessageListenerContainer : Waiting for workers to finish.
2026-05-25T01:06:22.087+08:00  INFO 9368 --- [store] [org.springframework.amqp.rabbit.RabbitListenerEndpointContainer#1-2] o.s.a.r.l.SimpleMessageListenerContainer : Waiting for workers to finish.
2026-05-25T01:06:22.092+08:00  INFO 9368 --- [store] [org.springframework.amqp.rabbit.RabbitListenerEndpointContainer#2-2] o.s.a.r.l.SimpleMessageListenerContainer : Waiting for workers to finish.
2026-05-25T01:06:22.676+08:00  INFO 9368 --- [store] [org.springframework.amqp.rabbit.RabbitListenerEndpointContainer#1-2] o.s.a.r.l.SimpleMessageListenerContainer : Successfully waited for workers to finish.
2026-05-25T01:06:22.676+08:00  INFO 9368 --- [store] [org.springframework.amqp.rabbit.RabbitListenerEndpointContainer#2-2] o.s.a.r.l.SimpleMessageListenerContainer : Successfully waited for workers to finish.
2026-05-25T01:06:22.676+08:00  INFO 9368 --- [store] [org.springframework.amqp.rabbit.RabbitListenerEndpointContainer#0-2] o.s.a.r.l.SimpleMessageListenerContainer : Successfully waited for workers to finish.
2026-05-25T01:06:22.742+08:00  INFO 9368 --- [store] [SpringApplicationShutdownHook] com.zaxxer.hikari.HikariDataSource       : HikariPool-1 - Shutdown initiated...
2026-05-25T01:06:22.748+08:00  INFO 9368 --- [store] [SpringApplicationShutdownHook] com.zaxxer.hikari.HikariDataSource       : HikariPool-1 - Shutdown completed.
2026-05-25T01:33:12.779+08:00  INFO 27244 --- [store] [main] com.example.store.StoreApplication       : Starting StoreApplication using Java 23.0.2 with PID 27244 (D:\1A\store-system\store_springboot\target\classes started by chenchuang in D:\1A\store-system\store_springboot)
2026-05-25T01:33:12.782+08:00  INFO 27244 --- [store] [main] com.example.store.StoreApplication       : No active profile set, falling back to 1 default profile: "default"
2026-05-25T01:33:14.131+08:00  INFO 27244 --- [store] [main] .s.d.r.c.RepositoryConfigurationDelegate : Multiple Spring Data modules found, entering strict repository configuration mode
2026-05-25T01:33:14.134+08:00  INFO 27244 --- [store] [main] .s.d.r.c.RepositoryConfigurationDelegate : Bootstrapping Spring Data Elasticsearch repositories in DEFAULT mode.
2026-05-25T01:33:14.396+08:00  INFO 27244 --- [store] [main] .s.d.r.c.RepositoryConfigurationDelegate : Finished Spring Data repository scanning in 256 ms. Found 1 Elasticsearch repository interface.
2026-05-25T01:33:14.403+08:00  INFO 27244 --- [store] [main] .s.d.r.c.RepositoryConfigurationDelegate : Multiple Spring Data modules found, entering strict repository configuration mode
2026-05-25T01:33:14.405+08:00  INFO 27244 --- [store] [main] .s.d.r.c.RepositoryConfigurationDelegate : Bootstrapping Spring Data Reactive Elasticsearch repositories in DEFAULT mode.
2026-05-25T01:33:14.421+08:00  INFO 27244 --- [store] [main] .s.d.r.c.RepositoryConfigurationDelegate : Finished Spring Data repository scanning in 15 ms. Found 0 Reactive Elasticsearch repository interfaces.
2026-05-25T01:33:14.438+08:00  INFO 27244 --- [store] [main] .s.d.r.c.RepositoryConfigurationDelegate : Multiple Spring Data modules found, entering strict repository configuration mode
2026-05-25T01:33:14.438+08:00  INFO 27244 --- [store] [main] .s.d.r.c.RepositoryConfigurationDelegate : Bootstrapping Spring Data Redis repositories in DEFAULT mode.
2026-05-25T01:33:14.465+08:00  INFO 27244 --- [store] [main] .RepositoryConfigurationExtensionSupport : Spring Data Redis - Could not safely identify store assignment for repository candidate interface com.example.store.repository.GoodsDocRepository; If you want this repository to be a Redis repository, consider annotating your entities with one of these annotations: org.springframework.data.redis.core.RedisHash (preferred), or consider extending one of the following types with your repository: org.springframework.data.keyvalue.repository.KeyValueRepository
2026-05-25T01:33:14.465+08:00  INFO 27244 --- [store] [main] .s.d.r.c.RepositoryConfigurationDelegate : Finished Spring Data repository scanning in 12 ms. Found 0 Redis repository interfaces.
2026-05-25T01:33:15.503+08:00  INFO 27244 --- [store] [main] o.s.b.w.embedded.tomcat.TomcatWebServer  : Tomcat initialized with port 8888 (http)
2026-05-25T01:33:15.530+08:00  INFO 27244 --- [store] [main] o.apache.catalina.core.StandardService   : Starting service [Tomcat]
2026-05-25T01:33:15.530+08:00  INFO 27244 --- [store] [main] o.apache.catalina.core.StandardEngine    : Starting Servlet engine: [Apache Tomcat/10.1.40]
2026-05-25T01:33:15.670+08:00  INFO 27244 --- [store] [main] o.a.c.c.C.[Tomcat].[localhost].[/store]  : Initializing Spring embedded WebApplicationContext
2026-05-25T01:33:15.676+08:00  INFO 27244 --- [store] [main] w.s.c.ServletWebServerApplicationContext : Root WebApplicationContext: initialization completed in 2823 ms
2026-05-25T01:33:18.610+08:00  INFO 27244 --- [store] [main] r$InitializeUserDetailsManagerConfigurer : Global AuthenticationManager configured with UserDetailsService bean with name userDetailsServiceImpl
2026-05-25T01:33:19.985+08:00  INFO 27244 --- [store] [main] o.s.b.w.embedded.tomcat.TomcatWebServer  : Tomcat started on port 8888 (http) with context path '/store'
2026-05-25T01:33:19.997+08:00  INFO 27244 --- [store] [main] o.s.a.r.c.CachingConnectionFactory       : Attempting to connect to: [localhost:5672]
2026-05-25T01:33:20.118+08:00  INFO 27244 --- [store] [main] o.s.a.r.c.CachingConnectionFactory       : Created new connection: rabbitConnectionFactory#361d8567:0/SimpleConnection@cfe72b0 [delegate=amqp://guest@127.0.0.1:5672/, localPort=31206]
2026-05-25T01:33:20.288+08:00  INFO 27244 --- [store] [main] com.example.store.StoreApplication       : Started StoreApplication in 8.041 seconds (process running for 8.786)
2026-05-25T01:34:01.517+08:00  INFO 27244 --- [store] [http-nio-8888-exec-1] o.a.c.c.C.[Tomcat].[localhost].[/store]  : Initializing Spring DispatcherServlet 'dispatcherServlet'
2026-05-25T01:34:01.517+08:00  INFO 27244 --- [store] [http-nio-8888-exec-1] o.s.web.servlet.DispatcherServlet        : Initializing Servlet 'dispatcherServlet'
2026-05-25T01:34:01.517+08:00  INFO 27244 --- [store] [http-nio-8888-exec-1] o.s.web.servlet.DispatcherServlet        : Completed initialization in 0 ms
2026-05-25T01:34:02.268+08:00  INFO 27244 --- [store] [http-nio-8888-exec-1] com.example.store.aspect.LogAspect       : ============== AOP日志开始 ==============
2026-05-25T01:34:02.269+08:00  INFO 27244 --- [store] [http-nio-8888-exec-1] com.example.store.aspect.LogAspect       : 请求地址: http://localhost:8888/store/user/captcha
2026-05-25T01:34:02.270+08:00  INFO 27244 --- [store] [http-nio-8888-exec-1] com.example.store.aspect.LogAspect       : 请求方式: GET
2026-05-25T01:34:02.271+08:00  INFO 27244 --- [store] [http-nio-8888-exec-1] com.example.store.aspect.LogAspect       : 执行方法: com.example.store.controller.UserController.getCaptcha
2026-05-25T01:34:02.272+08:00  INFO 27244 --- [store] [http-nio-8888-exec-1] com.example.store.aspect.LogAspect       : 请求参数: []
2026-05-25T01:34:02.272+08:00  INFO 27244 --- [store] [http-nio-8888-exec-1] com.example.store.aspect.LogAspect       : ============== AOP日志结束 ==============
2026-05-25T01:34:56.107+08:00  INFO 27244 --- [store] [http-nio-8888-exec-3] com.example.store.aspect.LogAspect       : ============== AOP日志开始 ==============
2026-05-25T01:34:56.107+08:00  INFO 27244 --- [store] [http-nio-8888-exec-3] com.example.store.aspect.LogAspect       : 请求地址: http://localhost:8888/store/user/login
2026-05-25T01:34:56.107+08:00  INFO 27244 --- [store] [http-nio-8888-exec-3] com.example.store.aspect.LogAspect       : 请求方式: POST
2026-05-25T01:34:56.109+08:00  INFO 27244 --- [store] [http-nio-8888-exec-3] com.example.store.aspect.LogAspect       : 执行方法: com.example.store.controller.UserController.login
2026-05-25T01:34:56.110+08:00  INFO 27244 --- [store] [http-nio-8888-exec-3] com.example.store.aspect.LogAspect       : 请求参数: [LoginDTO(username=cc, password=123456, code=83cq, uuid=119a4d7c-610d-409a-8aed-c3aecc25c9e4)]
2026-05-25T01:34:56.110+08:00  INFO 27244 --- [store] [http-nio-8888-exec-3] com.example.store.aspect.LogAspect       : ============== AOP日志结束 ==============
2026-05-25T01:34:56.153+08:00  INFO 27244 --- [store] [http-nio-8888-exec-2] com.example.store.aspect.LogAspect       : ============== AOP日志开始 ==============
2026-05-25T01:34:56.153+08:00  INFO 27244 --- [store] [http-nio-8888-exec-2] com.example.store.aspect.LogAspect       : 请求地址: http://localhost:8888/store/user/captcha
2026-05-25T01:34:56.153+08:00  INFO 27244 --- [store] [http-nio-8888-exec-2] com.example.store.aspect.LogAspect       : 请求方式: GET
2026-05-25T01:34:56.153+08:00  INFO 27244 --- [store] [http-nio-8888-exec-2] com.example.store.aspect.LogAspect       : 执行方法: com.example.store.controller.UserController.getCaptcha
2026-05-25T01:34:56.155+08:00  INFO 27244 --- [store] [http-nio-8888-exec-2] com.example.store.aspect.LogAspect       : 请求参数: []
2026-05-25T01:34:56.155+08:00  INFO 27244 --- [store] [http-nio-8888-exec-2] com.example.store.aspect.LogAspect       : ============== AOP日志结束 ==============
2026-05-25T01:35:00.715+08:00  INFO 27244 --- [store] [http-nio-8888-exec-6] com.example.store.aspect.LogAspect       : ============== AOP日志开始 ==============
2026-05-25T01:35:00.717+08:00  INFO 27244 --- [store] [http-nio-8888-exec-6] com.example.store.aspect.LogAspect       : 请求地址: http://localhost:8888/store/user/login
2026-05-25T01:35:00.717+08:00  INFO 27244 --- [store] [http-nio-8888-exec-6] com.example.store.aspect.LogAspect       : 请求方式: POST
2026-05-25T01:35:00.718+08:00  INFO 27244 --- [store] [http-nio-8888-exec-6] com.example.store.aspect.LogAspect       : 执行方法: com.example.store.controller.UserController.login
2026-05-25T01:35:00.718+08:00  INFO 27244 --- [store] [http-nio-8888-exec-6] com.example.store.aspect.LogAspect       : 请求参数: [LoginDTO(username=cc, password=123456, code=pvjk, uuid=e2136151-9737-4b5c-97ef-fa322c88e6c8)]
2026-05-25T01:35:00.718+08:00  INFO 27244 --- [store] [http-nio-8888-exec-6] com.example.store.aspect.LogAspect       : ============== AOP日志结束 ==============
2026-05-25T01:35:00.917+08:00  INFO 27244 --- [store] [http-nio-8888-exec-6] com.zaxxer.hikari.HikariDataSource       : HikariPool-1 - Starting...
2026-05-25T01:35:01.218+08:00  INFO 27244 --- [store] [http-nio-8888-exec-6] com.zaxxer.hikari.pool.HikariPool        : HikariPool-1 - Added connection com.mysql.cj.jdbc.ConnectionImpl@6418b047
2026-05-25T01:35:01.220+08:00  INFO 27244 --- [store] [http-nio-8888-exec-6] com.zaxxer.hikari.HikariDataSource       : HikariPool-1 - Start completed.
2026-05-25T01:35:01.441+08:00  INFO 27244 --- [store] [http-nio-8888-exec-7] com.example.store.aspect.LogAspect       : ============== AOP日志开始 ==============
2026-05-25T01:35:01.441+08:00  INFO 27244 --- [store] [http-nio-8888-exec-4] com.example.store.aspect.LogAspect       : ============== AOP日志开始 ==============
2026-05-25T01:35:01.443+08:00  INFO 27244 --- [store] [http-nio-8888-exec-4] com.example.store.aspect.LogAspect       : 请求地址: http://localhost:8888/store/category/tree
2026-05-25T01:35:01.442+08:00  INFO 27244 --- [store] [http-nio-8888-exec-7] com.example.store.aspect.LogAspect       : 请求地址: http://localhost:8888/store/goods/hot
2026-05-25T01:35:01.443+08:00  INFO 27244 --- [store] [http-nio-8888-exec-4] com.example.store.aspect.LogAspect       : 请求方式: GET
2026-05-25T01:35:01.443+08:00  INFO 27244 --- [store] [http-nio-8888-exec-7] com.example.store.aspect.LogAspect       : 请求方式: GET
2026-05-25T01:35:01.443+08:00  INFO 27244 --- [store] [http-nio-8888-exec-4] com.example.store.aspect.LogAspect       : 执行方法: com.example.store.controller.CategoryController.getTree
2026-05-25T01:35:01.444+08:00  INFO 27244 --- [store] [http-nio-8888-exec-4] com.example.store.aspect.LogAspect       : 请求参数: []
2026-05-25T01:35:01.444+08:00  INFO 27244 --- [store] [http-nio-8888-exec-7] com.example.store.aspect.LogAspect       : 执行方法: com.example.store.controller.GoodsController.hot
2026-05-25T01:35:01.445+08:00  INFO 27244 --- [store] [http-nio-8888-exec-4] com.example.store.aspect.LogAspect       : ============== AOP日志结束 ==============
2026-05-25T01:35:01.445+08:00  INFO 27244 --- [store] [http-nio-8888-exec-7] com.example.store.aspect.LogAspect       : 请求参数: []
2026-05-25T01:35:01.445+08:00  INFO 27244 --- [store] [http-nio-8888-exec-7] com.example.store.aspect.LogAspect       : ============== AOP日志结束 ==============
2026-05-25T01:35:01.449+08:00  INFO 27244 --- [store] [http-nio-8888-exec-9] com.example.store.aspect.LogAspect       : ============== AOP日志开始 ==============
2026-05-25T01:35:01.452+08:00  INFO 27244 --- [store] [http-nio-8888-exec-9] com.example.store.aspect.LogAspect       : 请求地址: http://localhost:8888/store/goods/list
2026-05-25T01:35:01.454+08:00  INFO 27244 --- [store] [http-nio-8888-exec-9] com.example.store.aspect.LogAspect       : 请求方式: GET
2026-05-25T01:35:01.455+08:00  INFO 27244 --- [store] [http-nio-8888-exec-9] com.example.store.aspect.LogAspect       : 执行方法: com.example.store.controller.GoodsController.list
2026-05-25T01:35:01.455+08:00  INFO 27244 --- [store] [http-nio-8888-exec-9] com.example.store.aspect.LogAspect       : 请求参数: [1, 10, null, null, null]
2026-05-25T01:35:01.455+08:00  INFO 27244 --- [store] [http-nio-8888-exec-9] com.example.store.aspect.LogAspect       : ============== AOP日志结束 ==============
2026-05-25T01:35:01.456+08:00  INFO 27244 --- [store] [http-nio-8888-exec-5] com.example.store.aspect.LogAspect       : ============== AOP日志开始 ==============
2026-05-25T01:35:01.456+08:00  INFO 27244 --- [store] [http-nio-8888-exec-5] com.example.store.aspect.LogAspect       : 请求地址: http://localhost:8888/store/user/info/c3d4587dcef6f7fc62cf35453516be76
2026-05-25T01:35:01.456+08:00  INFO 27244 --- [store] [http-nio-8888-exec-5] com.example.store.aspect.LogAspect       : 请求方式: GET
2026-05-25T01:35:01.456+08:00  INFO 27244 --- [store] [http-nio-8888-exec-5] com.example.store.aspect.LogAspect       : 执行方法: com.example.store.controller.UserController.getUserInfo
2026-05-25T01:35:01.459+08:00  INFO 27244 --- [store] [http-nio-8888-exec-5] com.example.store.aspect.LogAspect       : 请求参数: [c3d4587dcef6f7fc62cf35453516be76]
2026-05-25T01:35:01.460+08:00  INFO 27244 --- [store] [http-nio-8888-exec-5] com.example.store.aspect.LogAspect       : ============== AOP日志结束 ==============
2026-05-25T01:35:03.388+08:00  INFO 27244 --- [store] [http-nio-8888-exec-1] com.example.store.aspect.LogAspect       : ============== AOP日志开始 ==============
2026-05-25T01:35:03.388+08:00  INFO 27244 --- [store] [http-nio-8888-exec-8] com.example.store.aspect.LogAspect       : ============== AOP日志开始 ==============
2026-05-25T01:35:03.388+08:00  INFO 27244 --- [store] [http-nio-8888-exec-2] com.example.store.aspect.LogAspect       : ============== AOP日志开始 ==============
2026-05-25T01:35:03.388+08:00  INFO 27244 --- [store] [http-nio-8888-exec-1] com.example.store.aspect.LogAspect       : 请求地址: http://localhost:8888/store/user/info/c3d4587dcef6f7fc62cf35453516be76
2026-05-25T01:35:03.388+08:00  INFO 27244 --- [store] [http-nio-8888-exec-8] com.example.store.aspect.LogAspect       : 请求地址: http://localhost:8888/store/goods/detail/27d83564a605736d828c7cd7a4ee5256
2026-05-25T01:35:03.388+08:00  INFO 27244 --- [store] [http-nio-8888-exec-2] com.example.store.aspect.LogAspect       : 请求地址: http://localhost:8888/store/review/stats/27d83564a605736d828c7cd7a4ee5256
2026-05-25T01:35:03.388+08:00  INFO 27244 --- [store] [http-nio-8888-exec-1] com.example.store.aspect.LogAspect       : 请求方式: GET
2026-05-25T01:35:03.388+08:00  INFO 27244 --- [store] [http-nio-8888-exec-8] com.example.store.aspect.LogAspect       : 请求方式: GET
2026-05-25T01:35:03.391+08:00  INFO 27244 --- [store] [http-nio-8888-exec-2] com.example.store.aspect.LogAspect       : 请求方式: GET
2026-05-25T01:35:03.391+08:00  INFO 27244 --- [store] [http-nio-8888-exec-8] com.example.store.aspect.LogAspect       : 执行方法: com.example.store.controller.GoodsController.detail
2026-05-25T01:35:03.391+08:00  INFO 27244 --- [store] [http-nio-8888-exec-1] com.example.store.aspect.LogAspect       : 执行方法: com.example.store.controller.UserController.getUserInfo
2026-05-25T01:35:03.391+08:00  INFO 27244 --- [store] [http-nio-8888-exec-2] com.example.store.aspect.LogAspect       : 执行方法: com.example.store.controller.ReviewController.getReviewStats
2026-05-25T01:35:03.391+08:00  INFO 27244 --- [store] [http-nio-8888-exec-8] com.example.store.aspect.LogAspect       : 请求参数: [27d83564a605736d828c7cd7a4ee5256]
2026-05-25T01:35:03.391+08:00  INFO 27244 --- [store] [http-nio-8888-exec-1] com.example.store.aspect.LogAspect       : 请求参数: [c3d4587dcef6f7fc62cf35453516be76]
2026-05-25T01:35:03.391+08:00  INFO 27244 --- [store] [http-nio-8888-exec-2] com.example.store.aspect.LogAspect       : 请求参数: [27d83564a605736d828c7cd7a4ee5256]
2026-05-25T01:35:03.391+08:00  INFO 27244 --- [store] [http-nio-8888-exec-8] com.example.store.aspect.LogAspect       : ============== AOP日志结束 ==============
2026-05-25T01:35:03.391+08:00  INFO 27244 --- [store] [http-nio-8888-exec-2] com.example.store.aspect.LogAspect       : ============== AOP日志结束 ==============
2026-05-25T01:35:03.391+08:00  INFO 27244 --- [store] [http-nio-8888-exec-1] com.example.store.aspect.LogAspect       : ============== AOP日志结束 ==============
2026-05-25T01:35:03.417+08:00  INFO 27244 --- [store] [http-nio-8888-exec-9] com.example.store.aspect.LogAspect       : ============== AOP日志开始 ==============
2026-05-25T01:35:03.418+08:00  INFO 27244 --- [store] [http-nio-8888-exec-9] com.example.store.aspect.LogAspect       : 请求地址: http://localhost:8888/store/shop/detail/7b7a25908592c30c1696752fb4e7ae3b
2026-05-25T01:35:03.419+08:00  INFO 27244 --- [store] [http-nio-8888-exec-9] com.example.store.aspect.LogAspect       : 请求方式: GET
2026-05-25T01:35:03.419+08:00  INFO 27244 --- [store] [http-nio-8888-exec-9] com.example.store.aspect.LogAspect       : 执行方法: com.example.store.controller.ShopController.detail
2026-05-25T01:35:03.420+08:00  INFO 27244 --- [store] [http-nio-8888-exec-9] com.example.store.aspect.LogAspect       : 请求参数: [7b7a25908592c30c1696752fb4e7ae3b]
2026-05-25T01:35:03.420+08:00  INFO 27244 --- [store] [http-nio-8888-exec-9] com.example.store.aspect.LogAspect       : ============== AOP日志结束 ==============
2026-05-25T01:35:04.320+08:00  INFO 27244 --- [store] [http-nio-8888-exec-10] com.example.store.aspect.LogAspect       : ============== AOP日志开始 ==============
2026-05-25T01:35:04.320+08:00  INFO 27244 --- [store] [http-nio-8888-exec-10] com.example.store.aspect.LogAspect       : 请求地址: http://localhost:8888/store/review/list/27d83564a605736d828c7cd7a4ee5256
2026-05-25T01:35:04.321+08:00  INFO 27244 --- [store] [http-nio-8888-exec-10] com.example.store.aspect.LogAspect       : 请求方式: GET
2026-05-25T01:35:04.322+08:00  INFO 27244 --- [store] [http-nio-8888-exec-10] com.example.store.aspect.LogAspect       : 执行方法: com.example.store.controller.ReviewController.getReviewList
2026-05-25T01:35:04.322+08:00  INFO 27244 --- [store] [http-nio-8888-exec-10] com.example.store.aspect.LogAspect       : 请求参数: [27d83564a605736d828c7cd7a4ee5256, 1, 10, false]
2026-05-25T01:35:04.322+08:00  INFO 27244 --- [store] [http-nio-8888-exec-10] com.example.store.aspect.LogAspect       : ============== AOP日志结束 ==============
2026-05-25T01:35:05.675+08:00  INFO 27244 --- [store] [http-nio-8888-exec-4] com.example.store.aspect.LogAspect       : ============== AOP日志开始 ==============
2026-05-25T01:35:05.675+08:00  INFO 27244 --- [store] [http-nio-8888-exec-4] com.example.store.aspect.LogAspect       : 请求地址: http://localhost:8888/store/review/comment/list/575be180b322f4ddd3600c098fd67c25
2026-05-25T01:35:05.677+08:00  INFO 27244 --- [store] [http-nio-8888-exec-4] com.example.store.aspect.LogAspect       : 请求方式: GET
2026-05-25T01:35:05.678+08:00  INFO 27244 --- [store] [http-nio-8888-exec-4] com.example.store.aspect.LogAspect       : 执行方法: com.example.store.controller.ReviewCommentController.getCommentList
2026-05-25T01:35:05.678+08:00  INFO 27244 --- [store] [http-nio-8888-exec-4] com.example.store.aspect.LogAspect       : 请求参数: [575be180b322f4ddd3600c098fd67c25, 1, 50]
2026-05-25T01:35:05.678+08:00  INFO 27244 --- [store] [http-nio-8888-exec-4] com.example.store.aspect.LogAspect       : ============== AOP日志结束 ==============
2026-05-25T01:35:17.734+08:00  INFO 27244 --- [store] [http-nio-8888-exec-1] com.example.store.aspect.LogAspect       : ============== AOP日志开始 ==============
2026-05-25T01:35:17.734+08:00  INFO 27244 --- [store] [http-nio-8888-exec-1] com.example.store.aspect.LogAspect       : 请求地址: http://localhost:8888/store/review/list/27d83564a605736d828c7cd7a4ee5256
2026-05-25T01:35:17.734+08:00  INFO 27244 --- [store] [http-nio-8888-exec-1] com.example.store.aspect.LogAspect       : 请求方式: GET
2026-05-25T01:35:17.734+08:00  INFO 27244 --- [store] [http-nio-8888-exec-1] com.example.store.aspect.LogAspect       : 执行方法: com.example.store.controller.ReviewController.getReviewList
2026-05-25T01:35:17.734+08:00  INFO 27244 --- [store] [http-nio-8888-exec-1] com.example.store.aspect.LogAspect       : 请求参数: [27d83564a605736d828c7cd7a4ee5256, 1, 10, true]
2026-05-25T01:35:17.734+08:00  INFO 27244 --- [store] [http-nio-8888-exec-1] com.example.store.aspect.LogAspect       : ============== AOP日志结束 ==============
2026-05-25T01:35:18.712+08:00  INFO 27244 --- [store] [http-nio-8888-exec-9] com.example.store.aspect.LogAspect       : ============== AOP日志开始 ==============
2026-05-25T01:35:18.712+08:00  INFO 27244 --- [store] [http-nio-8888-exec-9] com.example.store.aspect.LogAspect       : 请求地址: http://localhost:8888/store/review/list/27d83564a605736d828c7cd7a4ee5256
2026-05-25T01:35:18.713+08:00  INFO 27244 --- [store] [http-nio-8888-exec-9] com.example.store.aspect.LogAspect       : 请求方式: GET
2026-05-25T01:35:18.713+08:00  INFO 27244 --- [store] [http-nio-8888-exec-9] com.example.store.aspect.LogAspect       : 执行方法: com.example.store.controller.ReviewController.getReviewList
2026-05-25T01:35:18.714+08:00  INFO 27244 --- [store] [http-nio-8888-exec-9] com.example.store.aspect.LogAspect       : 请求参数: [27d83564a605736d828c7cd7a4ee5256, 1, 10, false]
2026-05-25T01:35:18.714+08:00  INFO 27244 --- [store] [http-nio-8888-exec-9] com.example.store.aspect.LogAspect       : ============== AOP日志结束 ==============
2026-05-25T01:35:20.169+08:00  INFO 27244 --- [store] [http-nio-8888-exec-2] com.example.store.aspect.LogAspect       : ============== AOP日志开始 ==============
2026-05-25T01:35:20.170+08:00  INFO 27244 --- [store] [http-nio-8888-exec-2] com.example.store.aspect.LogAspect       : 请求地址: http://localhost:8888/store/review/list/27d83564a605736d828c7cd7a4ee5256
2026-05-25T01:35:20.170+08:00  INFO 27244 --- [store] [http-nio-8888-exec-2] com.example.store.aspect.LogAspect       : 请求方式: GET
2026-05-25T01:35:20.170+08:00  INFO 27244 --- [store] [http-nio-8888-exec-2] com.example.store.aspect.LogAspect       : 执行方法: com.example.store.controller.ReviewController.getReviewList
2026-05-25T01:35:20.171+08:00  INFO 27244 --- [store] [http-nio-8888-exec-2] com.example.store.aspect.LogAspect       : 请求参数: [27d83564a605736d828c7cd7a4ee5256, 1, 10, true]
2026-05-25T01:35:20.172+08:00  INFO 27244 --- [store] [http-nio-8888-exec-2] com.example.store.aspect.LogAspect       : ============== AOP日志结束 ==============
2026-05-25T01:35:31.455+08:00  INFO 27244 --- [store] [http-nio-8888-exec-10] com.example.store.aspect.LogAspect       : ============== AOP日志开始 ==============
2026-05-25T01:35:31.456+08:00  INFO 27244 --- [store] [http-nio-8888-exec-10] com.example.store.aspect.LogAspect       : 请求地址: http://localhost:8888/store/user/logout
2026-05-25T01:35:31.457+08:00  INFO 27244 --- [store] [http-nio-8888-exec-10] com.example.store.aspect.LogAspect       : 请求方式: POST
2026-05-25T01:35:31.458+08:00  INFO 27244 --- [store] [http-nio-8888-exec-10] com.example.store.aspect.LogAspect       : 执行方法: com.example.store.controller.UserController.logout
2026-05-25T01:35:31.458+08:00  INFO 27244 --- [store] [http-nio-8888-exec-10] com.example.store.aspect.LogAspect       : 请求参数: [eyJhbGciOiJIUzM4NCJ9.eyJqdGkiOiJlMWFkNDZmYy1mZmQ2LTQzODUtYmVlNy0wY2UxN2E0NjY5MTkiLCJzdWIiOiJjM2Q0NTg3ZGNlZjZmN2ZjNjJjZjM1NDUzNTE2YmU3NiIsInR5cGUiOjMsImlhdCI6MTc3OTY0NDEwMSwiZXhwIjoxNzc5NjQ1OTAxfQ.q14ciug0uqbNGJ8nKCGMkwUchbolPDr179kA9uxQ4Pd9zabPdN8YTInyag4RZu0f]
2026-05-25T01:35:31.458+08:00  INFO 27244 --- [store] [http-nio-8888-exec-10] com.example.store.aspect.LogAspect       : ============== AOP日志结束 ==============
2026-05-25T01:35:31.481+08:00  INFO 27244 --- [store] [http-nio-8888-exec-5] com.example.store.aspect.LogAspect       : ============== AOP日志开始 ==============
2026-05-25T01:35:31.481+08:00  INFO 27244 --- [store] [http-nio-8888-exec-5] com.example.store.aspect.LogAspect       : 请求地址: http://localhost:8888/store/user/captcha
2026-05-25T01:35:31.481+08:00  INFO 27244 --- [store] [http-nio-8888-exec-5] com.example.store.aspect.LogAspect       : 请求方式: GET
2026-05-25T01:35:31.481+08:00  INFO 27244 --- [store] [http-nio-8888-exec-5] com.example.store.aspect.LogAspect       : 执行方法: com.example.store.controller.UserController.getCaptcha
2026-05-25T01:35:31.481+08:00  INFO 27244 --- [store] [http-nio-8888-exec-5] com.example.store.aspect.LogAspect       : 请求参数: []
2026-05-25T01:35:31.481+08:00  INFO 27244 --- [store] [http-nio-8888-exec-5] com.example.store.aspect.LogAspect       : ============== AOP日志结束 ==============
2026-05-25T01:36:25.563+08:00  INFO 27244 --- [store] [http-nio-8888-exec-5] com.example.store.aspect.LogAspect       : ============== AOP日志开始 ==============
2026-05-25T01:36:25.563+08:00  INFO 27244 --- [store] [http-nio-8888-exec-5] com.example.store.aspect.LogAspect       : 请求地址: http://localhost:8888/store/user/login
2026-05-25T01:36:25.563+08:00  INFO 27244 --- [store] [http-nio-8888-exec-5] com.example.store.aspect.LogAspect       : 请求方式: POST
2026-05-25T01:36:25.567+08:00  INFO 27244 --- [store] [http-nio-8888-exec-5] com.example.store.aspect.LogAspect       : 执行方法: com.example.store.controller.UserController.login
2026-05-25T01:36:25.567+08:00  INFO 27244 --- [store] [http-nio-8888-exec-5] com.example.store.aspect.LogAspect       : 请求参数: [LoginDTO(username=aa, password=123456, code=abq4, uuid=0db4c610-eafd-4a78-b6ea-35c7dc1ddd4f)]
2026-05-25T01:36:25.567+08:00  INFO 27244 --- [store] [http-nio-8888-exec-5] com.example.store.aspect.LogAspect       : ============== AOP日志结束 ==============
2026-05-25T01:36:25.789+08:00  INFO 27244 --- [store] [http-nio-8888-exec-8] com.example.store.aspect.LogAspect       : ============== AOP日志开始 ==============
2026-05-25T01:36:25.790+08:00  INFO 27244 --- [store] [http-nio-8888-exec-8] com.example.store.aspect.LogAspect       : 请求地址: http://localhost:8888/store/category/tree
2026-05-25T01:36:25.790+08:00  INFO 27244 --- [store] [http-nio-8888-exec-8] com.example.store.aspect.LogAspect       : 请求方式: GET
2026-05-25T01:36:25.790+08:00  INFO 27244 --- [store] [http-nio-8888-exec-8] com.example.store.aspect.LogAspect       : 执行方法: com.example.store.controller.CategoryController.getTree
2026-05-25T01:36:25.790+08:00  INFO 27244 --- [store] [http-nio-8888-exec-8] com.example.store.aspect.LogAspect       : 请求参数: []
2026-05-25T01:36:25.795+08:00  INFO 27244 --- [store] [http-nio-8888-exec-8] com.example.store.aspect.LogAspect       : ============== AOP日志结束 ==============
2026-05-25T01:36:25.851+08:00  INFO 27244 --- [store] [http-nio-8888-exec-6] com.example.store.aspect.LogAspect       : ============== AOP日志开始 ==============
2026-05-25T01:36:25.854+08:00  INFO 27244 --- [store] [http-nio-8888-exec-6] com.example.store.aspect.LogAspect       : 请求地址: http://localhost:8888/store/goods/hot
2026-05-25T01:36:25.854+08:00  INFO 27244 --- [store] [http-nio-8888-exec-4] com.example.store.aspect.LogAspect       : ============== AOP日志开始 ==============
2026-05-25T01:36:25.857+08:00  INFO 27244 --- [store] [http-nio-8888-exec-6] com.example.store.aspect.LogAspect       : 请求方式: GET
2026-05-25T01:36:25.857+08:00  INFO 27244 --- [store] [http-nio-8888-exec-3] com.example.store.aspect.LogAspect       : ============== AOP日志开始 ==============
2026-05-25T01:36:25.857+08:00  INFO 27244 --- [store] [http-nio-8888-exec-4] com.example.store.aspect.LogAspect       : 请求地址: http://localhost:8888/store/goods/list
2026-05-25T01:36:25.864+08:00  INFO 27244 --- [store] [http-nio-8888-exec-6] com.example.store.aspect.LogAspect       : 执行方法: com.example.store.controller.GoodsController.hot
2026-05-25T01:36:25.864+08:00  INFO 27244 --- [store] [http-nio-8888-exec-3] com.example.store.aspect.LogAspect       : 请求地址: http://localhost:8888/store/user/info/678fb053fb91331b23706910885c58d6
2026-05-25T01:36:25.866+08:00  INFO 27244 --- [store] [http-nio-8888-exec-4] com.example.store.aspect.LogAspect       : 请求方式: GET
2026-05-25T01:36:25.867+08:00  INFO 27244 --- [store] [http-nio-8888-exec-3] com.example.store.aspect.LogAspect       : 请求方式: GET
2026-05-25T01:36:25.867+08:00  INFO 27244 --- [store] [http-nio-8888-exec-6] com.example.store.aspect.LogAspect       : 请求参数: []
2026-05-25T01:36:25.867+08:00  INFO 27244 --- [store] [http-nio-8888-exec-4] com.example.store.aspect.LogAspect       : 执行方法: com.example.store.controller.GoodsController.list
2026-05-25T01:36:25.867+08:00  INFO 27244 --- [store] [http-nio-8888-exec-3] com.example.store.aspect.LogAspect       : 执行方法: com.example.store.controller.UserController.getUserInfo
2026-05-25T01:36:25.867+08:00  INFO 27244 --- [store] [http-nio-8888-exec-6] com.example.store.aspect.LogAspect       : ============== AOP日志结束 ==============
2026-05-25T01:36:25.867+08:00  INFO 27244 --- [store] [http-nio-8888-exec-4] com.example.store.aspect.LogAspect       : 请求参数: [1, 10, null, null, null]
2026-05-25T01:36:25.867+08:00  INFO 27244 --- [store] [http-nio-8888-exec-4] com.example.store.aspect.LogAspect       : ============== AOP日志结束 ==============
2026-05-25T01:36:25.867+08:00  INFO 27244 --- [store] [http-nio-8888-exec-3] com.example.store.aspect.LogAspect       : 请求参数: [678fb053fb91331b23706910885c58d6]
2026-05-25T01:36:25.867+08:00  INFO 27244 --- [store] [http-nio-8888-exec-3] com.example.store.aspect.LogAspect       : ============== AOP日志结束 ==============
2026-05-25T01:36:27.323+08:00  INFO 27244 --- [store] [http-nio-8888-exec-3] com.example.store.aspect.LogAspect       : ============== AOP日志开始 ==============
2026-05-25T01:36:27.323+08:00  INFO 27244 --- [store] [http-nio-8888-exec-6] com.example.store.aspect.LogAspect       : ============== AOP日志开始 ==============
2026-05-25T01:36:27.323+08:00  INFO 27244 --- [store] [http-nio-8888-exec-4] com.example.store.aspect.LogAspect       : ============== AOP日志开始 ==============
2026-05-25T01:36:27.325+08:00  INFO 27244 --- [store] [http-nio-8888-exec-3] com.example.store.aspect.LogAspect       : 请求地址: http://localhost:8888/store/user/info/678fb053fb91331b23706910885c58d6
2026-05-25T01:36:27.325+08:00  INFO 27244 --- [store] [http-nio-8888-exec-6] com.example.store.aspect.LogAspect       : 请求地址: http://localhost:8888/store/goods/detail/27d83564a605736d828c7cd7a4ee5256
2026-05-25T01:36:27.325+08:00  INFO 27244 --- [store] [http-nio-8888-exec-4] com.example.store.aspect.LogAspect       : 请求地址: http://localhost:8888/store/review/stats/27d83564a605736d828c7cd7a4ee5256
2026-05-25T01:36:27.325+08:00  INFO 27244 --- [store] [http-nio-8888-exec-3] com.example.store.aspect.LogAspect       : 请求方式: GET
2026-05-25T01:36:27.325+08:00  INFO 27244 --- [store] [http-nio-8888-exec-4] com.example.store.aspect.LogAspect       : 请求方式: GET
2026-05-25T01:36:27.325+08:00  INFO 27244 --- [store] [http-nio-8888-exec-6] com.example.store.aspect.LogAspect       : 请求方式: GET
2026-05-25T01:36:27.326+08:00  INFO 27244 --- [store] [http-nio-8888-exec-3] com.example.store.aspect.LogAspect       : 执行方法: com.example.store.controller.UserController.getUserInfo
2026-05-25T01:36:27.326+08:00  INFO 27244 --- [store] [http-nio-8888-exec-4] com.example.store.aspect.LogAspect       : 执行方法: com.example.store.controller.ReviewController.getReviewStats
2026-05-25T01:36:27.326+08:00  INFO 27244 --- [store] [http-nio-8888-exec-3] com.example.store.aspect.LogAspect       : 请求参数: [678fb053fb91331b23706910885c58d6]
2026-05-25T01:36:27.327+08:00  INFO 27244 --- [store] [http-nio-8888-exec-4] com.example.store.aspect.LogAspect       : 请求参数: [27d83564a605736d828c7cd7a4ee5256]
2026-05-25T01:36:27.326+08:00  INFO 27244 --- [store] [http-nio-8888-exec-6] com.example.store.aspect.LogAspect       : 执行方法: com.example.store.controller.GoodsController.detail
2026-05-25T01:36:27.328+08:00  INFO 27244 --- [store] [http-nio-8888-exec-4] com.example.store.aspect.LogAspect       : ============== AOP日志结束 ==============
2026-05-25T01:36:27.327+08:00  INFO 27244 --- [store] [http-nio-8888-exec-3] com.example.store.aspect.LogAspect       : ============== AOP日志结束 ==============
2026-05-25T01:36:27.328+08:00  INFO 27244 --- [store] [http-nio-8888-exec-6] com.example.store.aspect.LogAspect       : 请求参数: [27d83564a605736d828c7cd7a4ee5256]
2026-05-25T01:36:27.329+08:00  INFO 27244 --- [store] [http-nio-8888-exec-6] com.example.store.aspect.LogAspect       : ============== AOP日志结束 ==============
2026-05-25T01:36:27.352+08:00  INFO 27244 --- [store] [http-nio-8888-exec-7] com.example.store.aspect.LogAspect       : ============== AOP日志开始 ==============
2026-05-25T01:36:27.353+08:00  INFO 27244 --- [store] [http-nio-8888-exec-7] com.example.store.aspect.LogAspect       : 请求地址: http://localhost:8888/store/shop/detail/7b7a25908592c30c1696752fb4e7ae3b
2026-05-25T01:36:27.354+08:00  INFO 27244 --- [store] [http-nio-8888-exec-7] com.example.store.aspect.LogAspect       : 请求方式: GET
2026-05-25T01:36:27.355+08:00  INFO 27244 --- [store] [http-nio-8888-exec-7] com.example.store.aspect.LogAspect       : 执行方法: com.example.store.controller.ShopController.detail
2026-05-25T01:36:27.355+08:00  INFO 27244 --- [store] [http-nio-8888-exec-7] com.example.store.aspect.LogAspect       : 请求参数: [7b7a25908592c30c1696752fb4e7ae3b]
2026-05-25T01:36:27.355+08:00  INFO 27244 --- [store] [http-nio-8888-exec-7] com.example.store.aspect.LogAspect       : ============== AOP日志结束 ==============
2026-05-25T01:36:28.209+08:00  INFO 27244 --- [store] [http-nio-8888-exec-1] com.example.store.aspect.LogAspect       : ============== AOP日志开始 ==============
2026-05-25T01:36:28.209+08:00  INFO 27244 --- [store] [http-nio-8888-exec-1] com.example.store.aspect.LogAspect       : 请求地址: http://localhost:8888/store/review/list/27d83564a605736d828c7cd7a4ee5256
2026-05-25T01:36:28.210+08:00  INFO 27244 --- [store] [http-nio-8888-exec-1] com.example.store.aspect.LogAspect       : 请求方式: GET
2026-05-25T01:36:28.210+08:00  INFO 27244 --- [store] [http-nio-8888-exec-1] com.example.store.aspect.LogAspect       : 执行方法: com.example.store.controller.ReviewController.getReviewList
2026-05-25T01:36:28.211+08:00  INFO 27244 --- [store] [http-nio-8888-exec-1] com.example.store.aspect.LogAspect       : 请求参数: [27d83564a605736d828c7cd7a4ee5256, 1, 10, false]
2026-05-25T01:36:28.211+08:00  INFO 27244 --- [store] [http-nio-8888-exec-1] com.example.store.aspect.LogAspect       : ============== AOP日志结束 ==============
2026-05-25T01:36:30.980+08:00  INFO 27244 --- [store] [http-nio-8888-exec-5] com.example.store.aspect.LogAspect       : ============== AOP日志开始 ==============
2026-05-25T01:36:30.980+08:00  INFO 27244 --- [store] [http-nio-8888-exec-5] com.example.store.aspect.LogAspect       : 请求地址: http://localhost:8888/store/review/comment/list/575be180b322f4ddd3600c098fd67c25
2026-05-25T01:36:30.980+08:00  INFO 27244 --- [store] [http-nio-8888-exec-5] com.example.store.aspect.LogAspect       : 请求方式: GET
2026-05-25T01:36:30.980+08:00  INFO 27244 --- [store] [http-nio-8888-exec-5] com.example.store.aspect.LogAspect       : 执行方法: com.example.store.controller.ReviewCommentController.getCommentList
2026-05-25T01:36:30.980+08:00  INFO 27244 --- [store] [http-nio-8888-exec-5] com.example.store.aspect.LogAspect       : 请求参数: [575be180b322f4ddd3600c098fd67c25, 1, 50]
2026-05-25T01:36:30.980+08:00  INFO 27244 --- [store] [http-nio-8888-exec-5] com.example.store.aspect.LogAspect       : ============== AOP日志结束 ==============
2026-05-25T01:37:46.703+08:00  INFO 27244 --- [store] [org.springframework.amqp.rabbit.RabbitListenerEndpointContainer#0-2] o.s.a.r.l.SimpleMessageListenerContainer : Waiting for workers to finish.
2026-05-25T01:37:46.706+08:00  INFO 27244 --- [store] [org.springframework.amqp.rabbit.RabbitListenerEndpointContainer#1-2] o.s.a.r.l.SimpleMessageListenerContainer : Waiting for workers to finish.
2026-05-25T01:37:46.711+08:00  INFO 27244 --- [store] [org.springframework.amqp.rabbit.RabbitListenerEndpointContainer#2-2] o.s.a.r.l.SimpleMessageListenerContainer : Waiting for workers to finish.
2026-05-25T01:37:46.988+08:00  INFO 27244 --- [store] [org.springframework.amqp.rabbit.RabbitListenerEndpointContainer#0-2] o.s.a.r.l.SimpleMessageListenerContainer : Successfully waited for workers to finish.
2026-05-25T01:37:47.037+08:00  INFO 27244 --- [store] [org.springframework.amqp.rabbit.RabbitListenerEndpointContainer#2-2] o.s.a.r.l.SimpleMessageListenerContainer : Successfully waited for workers to finish.
2026-05-25T01:37:47.183+08:00  INFO 27244 --- [store] [org.springframework.amqp.rabbit.RabbitListenerEndpointContainer#1-2] o.s.a.r.l.SimpleMessageListenerContainer : Successfully waited for workers to finish.
2026-05-25T01:37:47.240+08:00  INFO 27244 --- [store] [SpringApplicationShutdownHook] com.zaxxer.hikari.HikariDataSource       : HikariPool-1 - Shutdown initiated...
2026-05-25T01:37:47.245+08:00  INFO 27244 --- [store] [SpringApplicationShutdownHook] com.zaxxer.hikari.HikariDataSource       : HikariPool-1 - Shutdown completed.
2026-05-25T01:39:40.426+08:00  INFO 28612 --- [store] [main] com.example.store.StoreApplication       : Starting StoreApplication using Java 23.0.2 with PID 28612 (D:\1A\store-system\store_springboot\target\classes started by chenchuang in D:\1A\store-system\store_springboot)
2026-05-25T01:39:40.426+08:00  INFO 28612 --- [store] [main] com.example.store.StoreApplication       : No active profile set, falling back to 1 default profile: "default"
2026-05-25T01:39:41.552+08:00  INFO 28612 --- [store] [main] .s.d.r.c.RepositoryConfigurationDelegate : Multiple Spring Data modules found, entering strict repository configuration mode
2026-05-25T01:39:41.552+08:00  INFO 28612 --- [store] [main] .s.d.r.c.RepositoryConfigurationDelegate : Bootstrapping Spring Data Elasticsearch repositories in DEFAULT mode.
2026-05-25T01:39:41.735+08:00  INFO 28612 --- [store] [main] .s.d.r.c.RepositoryConfigurationDelegate : Finished Spring Data repository scanning in 176 ms. Found 1 Elasticsearch repository interface.
2026-05-25T01:39:41.740+08:00  INFO 28612 --- [store] [main] .s.d.r.c.RepositoryConfigurationDelegate : Multiple Spring Data modules found, entering strict repository configuration mode
2026-05-25T01:39:41.745+08:00  INFO 28612 --- [store] [main] .s.d.r.c.RepositoryConfigurationDelegate : Bootstrapping Spring Data Reactive Elasticsearch repositories in DEFAULT mode.
2026-05-25T01:39:41.759+08:00  INFO 28612 --- [store] [main] .s.d.r.c.RepositoryConfigurationDelegate : Finished Spring Data repository scanning in 13 ms. Found 0 Reactive Elasticsearch repository interfaces.
2026-05-25T01:39:41.771+08:00  INFO 28612 --- [store] [main] .s.d.r.c.RepositoryConfigurationDelegate : Multiple Spring Data modules found, entering strict repository configuration mode
2026-05-25T01:39:41.771+08:00  INFO 28612 --- [store] [main] .s.d.r.c.RepositoryConfigurationDelegate : Bootstrapping Spring Data Redis repositories in DEFAULT mode.
2026-05-25T01:39:41.793+08:00  INFO 28612 --- [store] [main] .RepositoryConfigurationExtensionSupport : Spring Data Redis - Could not safely identify store assignment for repository candidate interface com.example.store.repository.GoodsDocRepository; If you want this repository to be a Redis repository, consider annotating your entities with one of these annotations: org.springframework.data.redis.core.RedisHash (preferred), or consider extending one of the following types with your repository: org.springframework.data.keyvalue.repository.KeyValueRepository
2026-05-25T01:39:41.794+08:00  INFO 28612 --- [store] [main] .s.d.r.c.RepositoryConfigurationDelegate : Finished Spring Data repository scanning in 15 ms. Found 0 Redis repository interfaces.
2026-05-25T01:39:42.842+08:00  INFO 28612 --- [store] [main] o.s.b.w.embedded.tomcat.TomcatWebServer  : Tomcat initialized with port 8888 (http)
2026-05-25T01:39:42.875+08:00  INFO 28612 --- [store] [main] o.apache.catalina.core.StandardService   : Starting service [Tomcat]
2026-05-25T01:39:42.875+08:00  INFO 28612 --- [store] [main] o.apache.catalina.core.StandardEngine    : Starting Servlet engine: [Apache Tomcat/10.1.40]
2026-05-25T01:39:43.186+08:00  INFO 28612 --- [store] [main] o.a.c.c.C.[Tomcat].[localhost].[/store]  : Initializing Spring embedded WebApplicationContext
2026-05-25T01:39:43.186+08:00  INFO 28612 --- [store] [main] w.s.c.ServletWebServerApplicationContext : Root WebApplicationContext: initialization completed in 2699 ms
2026-05-25T01:39:48.585+08:00  INFO 28612 --- [store] [main] r$InitializeUserDetailsManagerConfigurer : Global AuthenticationManager configured with UserDetailsService bean with name userDetailsServiceImpl
2026-05-25T01:39:51.096+08:00  INFO 28612 --- [store] [main] o.s.b.w.embedded.tomcat.TomcatWebServer  : Tomcat started on port 8888 (http) with context path '/store'
2026-05-25T01:39:51.103+08:00  INFO 28612 --- [store] [main] o.s.a.r.c.CachingConnectionFactory       : Attempting to connect to: [localhost:5672]
2026-05-25T01:39:51.204+08:00  INFO 28612 --- [store] [main] o.s.a.r.c.CachingConnectionFactory       : Created new connection: rabbitConnectionFactory#20a25f66:0/SimpleConnection@510e0dd2 [delegate=amqp://guest@127.0.0.1:5672/, localPort=39538]
2026-05-25T01:39:51.389+08:00  INFO 28612 --- [store] [main] com.example.store.StoreApplication       : Started StoreApplication in 11.393 seconds (process running for 11.931)
2026-05-25T01:39:55.651+08:00  INFO 28612 --- [store] [http-nio-8888-exec-1] o.a.c.c.C.[Tomcat].[localhost].[/store]  : Initializing Spring DispatcherServlet 'dispatcherServlet'
2026-05-25T01:39:55.652+08:00  INFO 28612 --- [store] [http-nio-8888-exec-1] o.s.web.servlet.DispatcherServlet        : Initializing Servlet 'dispatcherServlet'
2026-05-25T01:39:55.653+08:00  INFO 28612 --- [store] [http-nio-8888-exec-1] o.s.web.servlet.DispatcherServlet        : Completed initialization in 1 ms
2026-05-25T01:39:56.212+08:00  INFO 28612 --- [store] [http-nio-8888-exec-1] com.example.store.aspect.LogAspect       : ============== AOP日志开始 ==============
2026-05-25T01:39:56.212+08:00  INFO 28612 --- [store] [http-nio-8888-exec-1] com.example.store.aspect.LogAspect       : 请求地址: http://localhost:8888/store/user/captcha
2026-05-25T01:39:56.212+08:00  INFO 28612 --- [store] [http-nio-8888-exec-1] com.example.store.aspect.LogAspect       : 请求方式: GET
2026-05-25T01:39:56.212+08:00  INFO 28612 --- [store] [http-nio-8888-exec-1] com.example.store.aspect.LogAspect       : 执行方法: com.example.store.controller.UserController.getCaptcha
2026-05-25T01:39:56.212+08:00  INFO 28612 --- [store] [http-nio-8888-exec-1] com.example.store.aspect.LogAspect       : 请求参数: []
2026-05-25T01:39:56.212+08:00  INFO 28612 --- [store] [http-nio-8888-exec-1] com.example.store.aspect.LogAspect       : ============== AOP日志结束 ==============
2026-05-25T01:40:04.967+08:00  INFO 28612 --- [store] [http-nio-8888-exec-2] com.example.store.aspect.LogAspect       : ============== AOP日志开始 ==============
2026-05-25T01:40:04.973+08:00  INFO 28612 --- [store] [http-nio-8888-exec-2] com.example.store.aspect.LogAspect       : 请求地址: http://localhost:8888/store/user/login
2026-05-25T01:40:04.974+08:00  INFO 28612 --- [store] [http-nio-8888-exec-2] com.example.store.aspect.LogAspect       : 请求方式: POST
2026-05-25T01:40:04.974+08:00  INFO 28612 --- [store] [http-nio-8888-exec-2] com.example.store.aspect.LogAspect       : 执行方法: com.example.store.controller.UserController.login
2026-05-25T01:40:04.976+08:00  INFO 28612 --- [store] [http-nio-8888-exec-2] com.example.store.aspect.LogAspect       : 请求参数: [LoginDTO(username=aa, password=123456, code=uqno, uuid=23108bc8-f0f7-492a-b603-c07075d22d7d)]
2026-05-25T01:40:04.976+08:00  INFO 28612 --- [store] [http-nio-8888-exec-2] com.example.store.aspect.LogAspect       : ============== AOP日志结束 ==============
2026-05-25T01:40:05.148+08:00  INFO 28612 --- [store] [http-nio-8888-exec-2] com.zaxxer.hikari.HikariDataSource       : HikariPool-1 - Starting...
2026-05-25T01:40:05.426+08:00  INFO 28612 --- [store] [http-nio-8888-exec-2] com.zaxxer.hikari.pool.HikariPool        : HikariPool-1 - Added connection com.mysql.cj.jdbc.ConnectionImpl@39b18751
2026-05-25T01:40:05.426+08:00  INFO 28612 --- [store] [http-nio-8888-exec-2] com.zaxxer.hikari.HikariDataSource       : HikariPool-1 - Start completed.
2026-05-25T01:40:05.738+08:00  INFO 28612 --- [store] [http-nio-8888-exec-5] com.example.store.aspect.LogAspect       : ============== AOP日志开始 ==============
2026-05-25T01:40:05.738+08:00  INFO 28612 --- [store] [http-nio-8888-exec-8] com.example.store.aspect.LogAspect       : ============== AOP日志开始 ==============
2026-05-25T01:40:05.739+08:00  INFO 28612 --- [store] [http-nio-8888-exec-8] com.example.store.aspect.LogAspect       : 请求地址: http://localhost:8888/store/category/tree
2026-05-25T01:40:05.739+08:00  INFO 28612 --- [store] [http-nio-8888-exec-5] com.example.store.aspect.LogAspect       : 请求地址: http://localhost:8888/store/goods/hot
2026-05-25T01:40:05.740+08:00  INFO 28612 --- [store] [http-nio-8888-exec-8] com.example.store.aspect.LogAspect       : 请求方式: GET
2026-05-25T01:40:05.740+08:00  INFO 28612 --- [store] [http-nio-8888-exec-5] com.example.store.aspect.LogAspect       : 请求方式: GET
2026-05-25T01:40:05.740+08:00  INFO 28612 --- [store] [http-nio-8888-exec-8] com.example.store.aspect.LogAspect       : 执行方法: com.example.store.controller.CategoryController.getTree
2026-05-25T01:40:05.740+08:00  INFO 28612 --- [store] [http-nio-8888-exec-5] com.example.store.aspect.LogAspect       : 执行方法: com.example.store.controller.GoodsController.hot
2026-05-25T01:40:05.741+08:00  INFO 28612 --- [store] [http-nio-8888-exec-8] com.example.store.aspect.LogAspect       : 请求参数: []
2026-05-25T01:40:05.741+08:00  INFO 28612 --- [store] [http-nio-8888-exec-5] com.example.store.aspect.LogAspect       : 请求参数: []
2026-05-25T01:40:05.741+08:00  INFO 28612 --- [store] [http-nio-8888-exec-5] com.example.store.aspect.LogAspect       : ============== AOP日志结束 ==============
2026-05-25T01:40:05.742+08:00  INFO 28612 --- [store] [http-nio-8888-exec-8] com.example.store.aspect.LogAspect       : ============== AOP日志结束 ==============
2026-05-25T01:40:05.745+08:00  INFO 28612 --- [store] [http-nio-8888-exec-10] com.example.store.aspect.LogAspect       : ============== AOP日志开始 ==============
2026-05-25T01:40:05.745+08:00  INFO 28612 --- [store] [http-nio-8888-exec-10] com.example.store.aspect.LogAspect       : 请求地址: http://localhost:8888/store/goods/list
2026-05-25T01:40:05.746+08:00  INFO 28612 --- [store] [http-nio-8888-exec-10] com.example.store.aspect.LogAspect       : 请求方式: GET
2026-05-25T01:40:05.747+08:00  INFO 28612 --- [store] [http-nio-8888-exec-10] com.example.store.aspect.LogAspect       : 执行方法: com.example.store.controller.GoodsController.list
2026-05-25T01:40:05.747+08:00  INFO 28612 --- [store] [http-nio-8888-exec-10] com.example.store.aspect.LogAspect       : 请求参数: [1, 10, null, null, null]
2026-05-25T01:40:05.747+08:00  INFO 28612 --- [store] [http-nio-8888-exec-10] com.example.store.aspect.LogAspect       : ============== AOP日志结束 ==============
2026-05-25T01:40:05.747+08:00  INFO 28612 --- [store] [http-nio-8888-exec-3] com.example.store.aspect.LogAspect       : ============== AOP日志开始 ==============
2026-05-25T01:40:05.747+08:00  INFO 28612 --- [store] [http-nio-8888-exec-3] com.example.store.aspect.LogAspect       : 请求地址: http://localhost:8888/store/user/info/678fb053fb91331b23706910885c58d6
2026-05-25T01:40:05.747+08:00  INFO 28612 --- [store] [http-nio-8888-exec-3] com.example.store.aspect.LogAspect       : 请求方式: GET
2026-05-25T01:40:05.747+08:00  INFO 28612 --- [store] [http-nio-8888-exec-3] com.example.store.aspect.LogAspect       : 执行方法: com.example.store.controller.UserController.getUserInfo
2026-05-25T01:40:05.747+08:00  INFO 28612 --- [store] [http-nio-8888-exec-3] com.example.store.aspect.LogAspect       : 请求参数: [678fb053fb91331b23706910885c58d6]
2026-05-25T01:40:05.747+08:00  INFO 28612 --- [store] [http-nio-8888-exec-3] com.example.store.aspect.LogAspect       : ============== AOP日志结束 ==============
2026-05-25T01:40:09.146+08:00  INFO 28612 --- [store] [http-nio-8888-exec-1] com.example.store.aspect.LogAspect       : ============== AOP日志开始 ==============
2026-05-25T01:40:09.147+08:00  INFO 28612 --- [store] [http-nio-8888-exec-4] com.example.store.aspect.LogAspect       : ============== AOP日志开始 ==============
2026-05-25T01:40:09.148+08:00  INFO 28612 --- [store] [http-nio-8888-exec-1] com.example.store.aspect.LogAspect       : 请求地址: http://localhost:8888/store/user/info/678fb053fb91331b23706910885c58d6
2026-05-25T01:40:09.148+08:00  INFO 28612 --- [store] [http-nio-8888-exec-6] com.example.store.aspect.LogAspect       : ============== AOP日志开始 ==============
2026-05-25T01:40:09.149+08:00  INFO 28612 --- [store] [http-nio-8888-exec-4] com.example.store.aspect.LogAspect       : 请求地址: http://localhost:8888/store/goods/detail/27d83564a605736d828c7cd7a4ee5256
2026-05-25T01:40:09.149+08:00  INFO 28612 --- [store] [http-nio-8888-exec-1] com.example.store.aspect.LogAspect       : 请求方式: GET
2026-05-25T01:40:09.150+08:00  INFO 28612 --- [store] [http-nio-8888-exec-4] com.example.store.aspect.LogAspect       : 请求方式: GET
2026-05-25T01:40:09.150+08:00  INFO 28612 --- [store] [http-nio-8888-exec-6] com.example.store.aspect.LogAspect       : 请求地址: http://localhost:8888/store/review/stats/27d83564a605736d828c7cd7a4ee5256
2026-05-25T01:40:09.150+08:00  INFO 28612 --- [store] [http-nio-8888-exec-1] com.example.store.aspect.LogAspect       : 执行方法: com.example.store.controller.UserController.getUserInfo
2026-05-25T01:40:09.150+08:00  INFO 28612 --- [store] [http-nio-8888-exec-4] com.example.store.aspect.LogAspect       : 执行方法: com.example.store.controller.GoodsController.detail
2026-05-25T01:40:09.150+08:00  INFO 28612 --- [store] [http-nio-8888-exec-6] com.example.store.aspect.LogAspect       : 请求方式: GET
2026-05-25T01:40:09.150+08:00  INFO 28612 --- [store] [http-nio-8888-exec-1] com.example.store.aspect.LogAspect       : 请求参数: [678fb053fb91331b23706910885c58d6]
2026-05-25T01:40:09.150+08:00  INFO 28612 --- [store] [http-nio-8888-exec-4] com.example.store.aspect.LogAspect       : 请求参数: [27d83564a605736d828c7cd7a4ee5256]
2026-05-25T01:40:09.150+08:00  INFO 28612 --- [store] [http-nio-8888-exec-6] com.example.store.aspect.LogAspect       : 执行方法: com.example.store.controller.ReviewController.getReviewStats
2026-05-25T01:40:09.150+08:00  INFO 28612 --- [store] [http-nio-8888-exec-1] com.example.store.aspect.LogAspect       : ============== AOP日志结束 ==============
2026-05-25T01:40:09.150+08:00  INFO 28612 --- [store] [http-nio-8888-exec-4] com.example.store.aspect.LogAspect       : ============== AOP日志结束 ==============
2026-05-25T01:40:09.150+08:00  INFO 28612 --- [store] [http-nio-8888-exec-6] com.example.store.aspect.LogAspect       : 请求参数: [27d83564a605736d828c7cd7a4ee5256]
2026-05-25T01:40:09.150+08:00  INFO 28612 --- [store] [http-nio-8888-exec-6] com.example.store.aspect.LogAspect       : ============== AOP日志结束 ==============
2026-05-25T01:40:09.215+08:00  INFO 28612 --- [store] [http-nio-8888-exec-10] com.example.store.aspect.LogAspect       : ============== AOP日志开始 ==============
2026-05-25T01:40:09.215+08:00  INFO 28612 --- [store] [http-nio-8888-exec-10] com.example.store.aspect.LogAspect       : 请求地址: http://localhost:8888/store/shop/detail/7b7a25908592c30c1696752fb4e7ae3b
2026-05-25T01:40:09.215+08:00  INFO 28612 --- [store] [http-nio-8888-exec-10] com.example.store.aspect.LogAspect       : 请求方式: GET
2026-05-25T01:40:09.215+08:00  INFO 28612 --- [store] [http-nio-8888-exec-10] com.example.store.aspect.LogAspect       : 执行方法: com.example.store.controller.ShopController.detail
2026-05-25T01:40:09.219+08:00  INFO 28612 --- [store] [http-nio-8888-exec-10] com.example.store.aspect.LogAspect       : 请求参数: [7b7a25908592c30c1696752fb4e7ae3b]
2026-05-25T01:40:09.219+08:00  INFO 28612 --- [store] [http-nio-8888-exec-10] com.example.store.aspect.LogAspect       : ============== AOP日志结束 ==============
2026-05-25T01:40:11.991+08:00  INFO 28612 --- [store] [http-nio-8888-exec-3] com.example.store.aspect.LogAspect       : ============== AOP日志开始 ==============
2026-05-25T01:40:11.991+08:00  INFO 28612 --- [store] [http-nio-8888-exec-3] com.example.store.aspect.LogAspect       : 请求地址: http://localhost:8888/store/review/list/27d83564a605736d828c7cd7a4ee5256
2026-05-25T01:40:11.992+08:00  INFO 28612 --- [store] [http-nio-8888-exec-3] com.example.store.aspect.LogAspect       : 请求方式: GET
2026-05-25T01:40:11.992+08:00  INFO 28612 --- [store] [http-nio-8888-exec-3] com.example.store.aspect.LogAspect       : 执行方法: com.example.store.controller.ReviewController.getReviewList
2026-05-25T01:40:11.992+08:00  INFO 28612 --- [store] [http-nio-8888-exec-3] com.example.store.aspect.LogAspect       : 请求参数: [27d83564a605736d828c7cd7a4ee5256, 1, 10, false]
2026-05-25T01:40:11.992+08:00  INFO 28612 --- [store] [http-nio-8888-exec-3] com.example.store.aspect.LogAspect       : ============== AOP日志结束 ==============
2026-05-25T01:40:13.084+08:00  INFO 28612 --- [store] [http-nio-8888-exec-5] com.example.store.aspect.LogAspect       : ============== AOP日志开始 ==============
2026-05-25T01:40:13.085+08:00  INFO 28612 --- [store] [http-nio-8888-exec-5] com.example.store.aspect.LogAspect       : 请求地址: http://localhost:8888/store/review/interact
2026-05-25T01:40:13.086+08:00  INFO 28612 --- [store] [http-nio-8888-exec-5] com.example.store.aspect.LogAspect       : 请求方式: POST
2026-05-25T01:40:13.086+08:00  INFO 28612 --- [store] [http-nio-8888-exec-5] com.example.store.aspect.LogAspect       : 执行方法: com.example.store.controller.ReviewInteractionController.interact
2026-05-25T01:40:13.087+08:00  INFO 28612 --- [store] [http-nio-8888-exec-5] com.example.store.aspect.LogAspect       : 请求参数: [ReviewInteractionDTO(reviewId=575be180b322f4ddd3600c098fd67c25, type=1)]
2026-05-25T01:40:13.087+08:00  INFO 28612 --- [store] [http-nio-8888-exec-5] com.example.store.aspect.LogAspect       : ============== AOP日志结束 ==============
2026-05-25T01:40:13.805+08:00  INFO 28612 --- [store] [http-nio-8888-exec-9] com.example.store.aspect.LogAspect       : ============== AOP日志开始 ==============
2026-05-25T01:40:13.807+08:00  INFO 28612 --- [store] [http-nio-8888-exec-9] com.example.store.aspect.LogAspect       : 请求地址: http://localhost:8888/store/review/interact
2026-05-25T01:40:13.807+08:00  INFO 28612 --- [store] [http-nio-8888-exec-9] com.example.store.aspect.LogAspect       : 请求方式: POST
2026-05-25T01:40:13.807+08:00  INFO 28612 --- [store] [http-nio-8888-exec-9] com.example.store.aspect.LogAspect       : 执行方法: com.example.store.controller.ReviewInteractionController.interact
2026-05-25T01:40:13.808+08:00  INFO 28612 --- [store] [http-nio-8888-exec-9] com.example.store.aspect.LogAspect       : 请求参数: [ReviewInteractionDTO(reviewId=575be180b322f4ddd3600c098fd67c25, type=0)]
2026-05-25T01:40:13.808+08:00  INFO 28612 --- [store] [http-nio-8888-exec-9] com.example.store.aspect.LogAspect       : ============== AOP日志结束 ==============
2026-05-25T01:40:14.528+08:00  INFO 28612 --- [store] [http-nio-8888-exec-4] com.example.store.aspect.LogAspect       : ============== AOP日志开始 ==============
2026-05-25T01:40:14.528+08:00  INFO 28612 --- [store] [http-nio-8888-exec-4] com.example.store.aspect.LogAspect       : 请求地址: http://localhost:8888/store/review/interact
2026-05-25T01:40:14.529+08:00  INFO 28612 --- [store] [http-nio-8888-exec-4] com.example.store.aspect.LogAspect       : 请求方式: POST
2026-05-25T01:40:14.529+08:00  INFO 28612 --- [store] [http-nio-8888-exec-4] com.example.store.aspect.LogAspect       : 执行方法: com.example.store.controller.ReviewInteractionController.interact
2026-05-25T01:40:14.530+08:00  INFO 28612 --- [store] [http-nio-8888-exec-4] com.example.store.aspect.LogAspect       : 请求参数: [ReviewInteractionDTO(reviewId=575be180b322f4ddd3600c098fd67c25, type=2)]
2026-05-25T01:40:14.530+08:00  INFO 28612 --- [store] [http-nio-8888-exec-4] com.example.store.aspect.LogAspect       : ============== AOP日志结束 ==============
2026-05-25T01:40:14.964+08:00  INFO 28612 --- [store] [http-nio-8888-exec-1] com.example.store.aspect.LogAspect       : ============== AOP日志开始 ==============
2026-05-25T01:40:14.964+08:00  INFO 28612 --- [store] [http-nio-8888-exec-1] com.example.store.aspect.LogAspect       : 请求地址: http://localhost:8888/store/review/interact
2026-05-25T01:40:14.964+08:00  INFO 28612 --- [store] [http-nio-8888-exec-1] com.example.store.aspect.LogAspect       : 请求方式: POST
2026-05-25T01:40:14.969+08:00  INFO 28612 --- [store] [http-nio-8888-exec-1] com.example.store.aspect.LogAspect       : 执行方法: com.example.store.controller.ReviewInteractionController.interact
2026-05-25T01:40:14.969+08:00  INFO 28612 --- [store] [http-nio-8888-exec-1] com.example.store.aspect.LogAspect       : 请求参数: [ReviewInteractionDTO(reviewId=575be180b322f4ddd3600c098fd67c25, type=0)]
2026-05-25T01:40:14.969+08:00  INFO 28612 --- [store] [http-nio-8888-exec-1] com.example.store.aspect.LogAspect       : ============== AOP日志结束 ==============
2026-05-25T01:40:15.507+08:00  INFO 28612 --- [store] [http-nio-8888-exec-10] com.example.store.aspect.LogAspect       : ============== AOP日志开始 ==============
2026-05-25T01:40:15.508+08:00  INFO 28612 --- [store] [http-nio-8888-exec-10] com.example.store.aspect.LogAspect       : 请求地址: http://localhost:8888/store/review/comment/list/575be180b322f4ddd3600c098fd67c25
2026-05-25T01:40:15.508+08:00  INFO 28612 --- [store] [http-nio-8888-exec-10] com.example.store.aspect.LogAspect       : 请求方式: GET
2026-05-25T01:40:15.509+08:00  INFO 28612 --- [store] [http-nio-8888-exec-10] com.example.store.aspect.LogAspect       : 执行方法: com.example.store.controller.ReviewCommentController.getCommentList
2026-05-25T01:40:15.509+08:00  INFO 28612 --- [store] [http-nio-8888-exec-10] com.example.store.aspect.LogAspect       : 请求参数: [575be180b322f4ddd3600c098fd67c25, 1, 50]
2026-05-25T01:40:15.509+08:00  INFO 28612 --- [store] [http-nio-8888-exec-10] com.example.store.aspect.LogAspect       : ============== AOP日志结束 ==============
2026-05-25T01:40:32.132+08:00  INFO 28612 --- [store] [http-nio-8888-exec-3] com.example.store.aspect.LogAspect       : ============== AOP日志开始 ==============
2026-05-25T01:40:32.132+08:00  INFO 28612 --- [store] [http-nio-8888-exec-3] com.example.store.aspect.LogAspect       : 请求地址: http://localhost:8888/store/review/comment/submit
2026-05-25T01:40:32.132+08:00  INFO 28612 --- [store] [http-nio-8888-exec-3] com.example.store.aspect.LogAspect       : 请求方式: POST
2026-05-25T01:40:32.136+08:00  INFO 28612 --- [store] [http-nio-8888-exec-3] com.example.store.aspect.LogAspect       : 执行方法: com.example.store.controller.ReviewCommentController.submitComment
2026-05-25T01:40:32.136+08:00  INFO 28612 --- [store] [http-nio-8888-exec-3] com.example.store.aspect.LogAspect       : 请求参数: [ReviewCommentDTO(reviewId=575be180b322f4ddd3600c098fd67c25, content=可以详细说说使用体验吗, targetUserId=null)]
2026-05-25T01:40:32.136+08:00  INFO 28612 --- [store] [http-nio-8888-exec-3] com.example.store.aspect.LogAspect       : ============== AOP日志结束 ==============
2026-05-25T01:40:32.168+08:00  INFO 28612 --- [store] [http-nio-8888-exec-2] com.example.store.aspect.LogAspect       : ============== AOP日志开始 ==============
2026-05-25T01:40:32.171+08:00  INFO 28612 --- [store] [http-nio-8888-exec-2] com.example.store.aspect.LogAspect       : 请求地址: http://localhost:8888/store/review/comment/list/575be180b322f4ddd3600c098fd67c25
2026-05-25T01:40:32.171+08:00  INFO 28612 --- [store] [http-nio-8888-exec-2] com.example.store.aspect.LogAspect       : 请求方式: GET
2026-05-25T01:40:32.171+08:00  INFO 28612 --- [store] [http-nio-8888-exec-2] com.example.store.aspect.LogAspect       : 执行方法: com.example.store.controller.ReviewCommentController.getCommentList
2026-05-25T01:40:32.171+08:00  INFO 28612 --- [store] [http-nio-8888-exec-2] com.example.store.aspect.LogAspect       : 请求参数: [575be180b322f4ddd3600c098fd67c25, 1, 50]
2026-05-25T01:40:32.171+08:00  INFO 28612 --- [store] [http-nio-8888-exec-2] com.example.store.aspect.LogAspect       : ============== AOP日志结束 ==============
2026-05-25T01:40:56.169+08:00  INFO 28612 --- [store] [http-nio-8888-exec-7] com.example.store.aspect.LogAspect       : ============== AOP日志开始 ==============
2026-05-25T01:40:56.169+08:00  INFO 28612 --- [store] [http-nio-8888-exec-7] com.example.store.aspect.LogAspect       : 请求地址: http://localhost:8888/store/user/captcha
2026-05-25T01:40:56.169+08:00  INFO 28612 --- [store] [http-nio-8888-exec-7] com.example.store.aspect.LogAspect       : 请求方式: GET
2026-05-25T01:40:56.169+08:00  INFO 28612 --- [store] [http-nio-8888-exec-7] com.example.store.aspect.LogAspect       : 执行方法: com.example.store.controller.UserController.getCaptcha
2026-05-25T01:40:56.169+08:00  INFO 28612 --- [store] [http-nio-8888-exec-7] com.example.store.aspect.LogAspect       : 请求参数: []
2026-05-25T01:40:56.169+08:00  INFO 28612 --- [store] [http-nio-8888-exec-7] com.example.store.aspect.LogAspect       : ============== AOP日志结束 ==============
2026-05-25T01:41:01.622+08:00  INFO 28612 --- [store] [http-nio-8888-exec-5] com.example.store.aspect.LogAspect       : ============== AOP日志开始 ==============
2026-05-25T01:41:01.622+08:00  INFO 28612 --- [store] [http-nio-8888-exec-5] com.example.store.aspect.LogAspect       : 请求地址: http://localhost:8888/store/user/login
2026-05-25T01:41:01.625+08:00  INFO 28612 --- [store] [http-nio-8888-exec-5] com.example.store.aspect.LogAspect       : 请求方式: POST
2026-05-25T01:41:01.625+08:00  INFO 28612 --- [store] [http-nio-8888-exec-5] com.example.store.aspect.LogAspect       : 执行方法: com.example.store.controller.UserController.login
2026-05-25T01:41:01.627+08:00  INFO 28612 --- [store] [http-nio-8888-exec-5] com.example.store.aspect.LogAspect       : 请求参数: [LoginDTO(username=cc, password=123456, code=j3nw, uuid=9375b8a8-2b72-46db-be27-04ac368f389f)]
2026-05-25T01:41:01.627+08:00  INFO 28612 --- [store] [http-nio-8888-exec-5] com.example.store.aspect.LogAspect       : ============== AOP日志结束 ==============
2026-05-25T01:41:01.733+08:00  INFO 28612 --- [store] [http-nio-8888-exec-3] com.example.store.aspect.LogAspect       : ============== AOP日志开始 ==============
2026-05-25T01:41:01.733+08:00  INFO 28612 --- [store] [http-nio-8888-exec-7] com.example.store.aspect.LogAspect       : ============== AOP日志开始 ==============
2026-05-25T01:41:01.733+08:00  INFO 28612 --- [store] [http-nio-8888-exec-6] com.example.store.aspect.LogAspect       : ============== AOP日志开始 ==============
2026-05-25T01:41:01.733+08:00  INFO 28612 --- [store] [http-nio-8888-exec-2] com.example.store.aspect.LogAspect       : ============== AOP日志开始 ==============
2026-05-25T01:41:01.744+08:00  INFO 28612 --- [store] [http-nio-8888-exec-3] com.example.store.aspect.LogAspect       : 请求地址: http://localhost:8888/store/category/tree
2026-05-25T01:41:01.744+08:00  INFO 28612 --- [store] [http-nio-8888-exec-7] com.example.store.aspect.LogAspect       : 请求地址: http://localhost:8888/store/goods/hot
2026-05-25T01:41:01.744+08:00  INFO 28612 --- [store] [http-nio-8888-exec-6] com.example.store.aspect.LogAspect       : 请求地址: http://localhost:8888/store/user/info/c3d4587dcef6f7fc62cf35453516be76
2026-05-25T01:41:01.745+08:00  INFO 28612 --- [store] [http-nio-8888-exec-2] com.example.store.aspect.LogAspect       : 请求地址: http://localhost:8888/store/goods/list
2026-05-25T01:41:01.746+08:00  INFO 28612 --- [store] [http-nio-8888-exec-7] com.example.store.aspect.LogAspect       : 请求方式: GET
2026-05-25T01:41:01.746+08:00  INFO 28612 --- [store] [http-nio-8888-exec-2] com.example.store.aspect.LogAspect       : 请求方式: GET
2026-05-25T01:41:01.745+08:00  INFO 28612 --- [store] [http-nio-8888-exec-3] com.example.store.aspect.LogAspect       : 请求方式: GET
2026-05-25T01:41:01.746+08:00  INFO 28612 --- [store] [http-nio-8888-exec-6] com.example.store.aspect.LogAspect       : 请求方式: GET
2026-05-25T01:41:01.746+08:00  INFO 28612 --- [store] [http-nio-8888-exec-7] com.example.store.aspect.LogAspect       : 执行方法: com.example.store.controller.GoodsController.hot
2026-05-25T01:41:01.746+08:00  INFO 28612 --- [store] [http-nio-8888-exec-2] com.example.store.aspect.LogAspect       : 执行方法: com.example.store.controller.GoodsController.list
2026-05-25T01:41:01.746+08:00  INFO 28612 --- [store] [http-nio-8888-exec-3] com.example.store.aspect.LogAspect       : 执行方法: com.example.store.controller.CategoryController.getTree
2026-05-25T01:41:01.747+08:00  INFO 28612 --- [store] [http-nio-8888-exec-2] com.example.store.aspect.LogAspect       : 请求参数: [1, 10, null, null, null]
2026-05-25T01:41:01.746+08:00  INFO 28612 --- [store] [http-nio-8888-exec-6] com.example.store.aspect.LogAspect       : 执行方法: com.example.store.controller.UserController.getUserInfo
2026-05-25T01:41:01.747+08:00  INFO 28612 --- [store] [http-nio-8888-exec-2] com.example.store.aspect.LogAspect       : ============== AOP日志结束 ==============
2026-05-25T01:41:01.747+08:00  INFO 28612 --- [store] [http-nio-8888-exec-7] com.example.store.aspect.LogAspect       : 请求参数: []
2026-05-25T01:41:01.747+08:00  INFO 28612 --- [store] [http-nio-8888-exec-3] com.example.store.aspect.LogAspect       : 请求参数: []
2026-05-25T01:41:01.747+08:00  INFO 28612 --- [store] [http-nio-8888-exec-6] com.example.store.aspect.LogAspect       : 请求参数: [c3d4587dcef6f7fc62cf35453516be76]
2026-05-25T01:41:01.747+08:00  INFO 28612 --- [store] [http-nio-8888-exec-7] com.example.store.aspect.LogAspect       : ============== AOP日志结束 ==============
2026-05-25T01:41:01.747+08:00  INFO 28612 --- [store] [http-nio-8888-exec-3] com.example.store.aspect.LogAspect       : ============== AOP日志结束 ==============
2026-05-25T01:41:01.747+08:00  INFO 28612 --- [store] [http-nio-8888-exec-6] com.example.store.aspect.LogAspect       : ============== AOP日志结束 ==============
2026-05-25T01:41:04.137+08:00  INFO 28612 --- [store] [http-nio-8888-exec-8] com.example.store.aspect.LogAspect       : ============== AOP日志开始 ==============
2026-05-25T01:41:04.138+08:00  INFO 28612 --- [store] [http-nio-8888-exec-8] com.example.store.aspect.LogAspect       : 请求地址: http://localhost:8888/store/user/info/c3d4587dcef6f7fc62cf35453516be76
2026-05-25T01:41:04.139+08:00  INFO 28612 --- [store] [http-nio-8888-exec-8] com.example.store.aspect.LogAspect       : 请求方式: GET
2026-05-25T01:41:04.140+08:00  INFO 28612 --- [store] [http-nio-8888-exec-8] com.example.store.aspect.LogAspect       : 执行方法: com.example.store.controller.UserController.getUserInfo
2026-05-25T01:41:04.141+08:00  INFO 28612 --- [store] [http-nio-8888-exec-8] com.example.store.aspect.LogAspect       : 请求参数: [c3d4587dcef6f7fc62cf35453516be76]
2026-05-25T01:41:04.141+08:00  INFO 28612 --- [store] [http-nio-8888-exec-8] com.example.store.aspect.LogAspect       : ============== AOP日志结束 ==============
2026-05-25T01:41:04.142+08:00  INFO 28612 --- [store] [http-nio-8888-exec-5] com.example.store.aspect.LogAspect       : ============== AOP日志开始 ==============
2026-05-25T01:41:04.142+08:00  INFO 28612 --- [store] [http-nio-8888-exec-1] com.example.store.aspect.LogAspect       : ============== AOP日志开始 ==============
2026-05-25T01:41:04.143+08:00  INFO 28612 --- [store] [http-nio-8888-exec-5] com.example.store.aspect.LogAspect       : 请求地址: http://localhost:8888/store/goods/detail/27d83564a605736d828c7cd7a4ee5256
2026-05-25T01:41:04.143+08:00  INFO 28612 --- [store] [http-nio-8888-exec-1] com.example.store.aspect.LogAspect       : 请求地址: http://localhost:8888/store/review/stats/27d83564a605736d828c7cd7a4ee5256
2026-05-25T01:41:04.144+08:00  INFO 28612 --- [store] [http-nio-8888-exec-5] com.example.store.aspect.LogAspect       : 请求方式: GET
2026-05-25T01:41:04.144+08:00  INFO 28612 --- [store] [http-nio-8888-exec-1] com.example.store.aspect.LogAspect       : 请求方式: GET
2026-05-25T01:41:04.145+08:00  INFO 28612 --- [store] [http-nio-8888-exec-5] com.example.store.aspect.LogAspect       : 执行方法: com.example.store.controller.GoodsController.detail
2026-05-25T01:41:04.145+08:00  INFO 28612 --- [store] [http-nio-8888-exec-1] com.example.store.aspect.LogAspect       : 执行方法: com.example.store.controller.ReviewController.getReviewStats
2026-05-25T01:41:04.146+08:00  INFO 28612 --- [store] [http-nio-8888-exec-5] com.example.store.aspect.LogAspect       : 请求参数: [27d83564a605736d828c7cd7a4ee5256]
2026-05-25T01:41:04.146+08:00  INFO 28612 --- [store] [http-nio-8888-exec-1] com.example.store.aspect.LogAspect       : 请求参数: [27d83564a605736d828c7cd7a4ee5256]
2026-05-25T01:41:04.147+08:00  INFO 28612 --- [store] [http-nio-8888-exec-1] com.example.store.aspect.LogAspect       : ============== AOP日志结束 ==============
2026-05-25T01:41:04.147+08:00  INFO 28612 --- [store] [http-nio-8888-exec-5] com.example.store.aspect.LogAspect       : ============== AOP日志结束 ==============
2026-05-25T01:41:04.205+08:00  INFO 28612 --- [store] [http-nio-8888-exec-2] com.example.store.aspect.LogAspect       : ============== AOP日志开始 ==============
2026-05-25T01:41:04.207+08:00  INFO 28612 --- [store] [http-nio-8888-exec-2] com.example.store.aspect.LogAspect       : 请求地址: http://localhost:8888/store/shop/detail/7b7a25908592c30c1696752fb4e7ae3b
2026-05-25T01:41:04.208+08:00  INFO 28612 --- [store] [http-nio-8888-exec-2] com.example.store.aspect.LogAspect       : 请求方式: GET
2026-05-25T01:41:04.210+08:00  INFO 28612 --- [store] [http-nio-8888-exec-2] com.example.store.aspect.LogAspect       : 执行方法: com.example.store.controller.ShopController.detail
2026-05-25T01:41:04.211+08:00  INFO 28612 --- [store] [http-nio-8888-exec-2] com.example.store.aspect.LogAspect       : 请求参数: [7b7a25908592c30c1696752fb4e7ae3b]
2026-05-25T01:41:04.213+08:00  INFO 28612 --- [store] [http-nio-8888-exec-2] com.example.store.aspect.LogAspect       : ============== AOP日志结束 ==============
2026-05-25T01:41:05.531+08:00  INFO 28612 --- [store] [http-nio-8888-exec-9] com.example.store.aspect.LogAspect       : ============== AOP日志开始 ==============
2026-05-25T01:41:05.532+08:00  INFO 28612 --- [store] [http-nio-8888-exec-9] com.example.store.aspect.LogAspect       : 请求地址: http://localhost:8888/store/review/list/27d83564a605736d828c7cd7a4ee5256
2026-05-25T01:41:05.532+08:00  INFO 28612 --- [store] [http-nio-8888-exec-9] com.example.store.aspect.LogAspect       : 请求方式: GET
2026-05-25T01:41:05.532+08:00  INFO 28612 --- [store] [http-nio-8888-exec-9] com.example.store.aspect.LogAspect       : 执行方法: com.example.store.controller.ReviewController.getReviewList
2026-05-25T01:41:05.532+08:00  INFO 28612 --- [store] [http-nio-8888-exec-9] com.example.store.aspect.LogAspect       : 请求参数: [27d83564a605736d828c7cd7a4ee5256, 1, 10, false]
2026-05-25T01:41:05.533+08:00  INFO 28612 --- [store] [http-nio-8888-exec-9] com.example.store.aspect.LogAspect       : ============== AOP日志结束 ==============
2026-05-25T01:41:06.807+08:00  INFO 28612 --- [store] [http-nio-8888-exec-6] com.example.store.aspect.LogAspect       : ============== AOP日志开始 ==============
2026-05-25T01:41:06.807+08:00  INFO 28612 --- [store] [http-nio-8888-exec-6] com.example.store.aspect.LogAspect       : 请求地址: http://localhost:8888/store/review/comment/list/575be180b322f4ddd3600c098fd67c25
2026-05-25T01:41:06.808+08:00  INFO 28612 --- [store] [http-nio-8888-exec-6] com.example.store.aspect.LogAspect       : 请求方式: GET
2026-05-25T01:41:06.808+08:00  INFO 28612 --- [store] [http-nio-8888-exec-6] com.example.store.aspect.LogAspect       : 执行方法: com.example.store.controller.ReviewCommentController.getCommentList
2026-05-25T01:41:06.808+08:00  INFO 28612 --- [store] [http-nio-8888-exec-6] com.example.store.aspect.LogAspect       : 请求参数: [575be180b322f4ddd3600c098fd67c25, 1, 50]
2026-05-25T01:41:06.809+08:00  INFO 28612 --- [store] [http-nio-8888-exec-6] com.example.store.aspect.LogAspect       : ============== AOP日志结束 ==============
2026-05-25T01:41:14.515+08:00  INFO 28612 --- [store] [http-nio-8888-exec-8] com.example.store.aspect.LogAspect       : ============== AOP日志开始 ==============
2026-05-25T01:41:14.516+08:00  INFO 28612 --- [store] [http-nio-8888-exec-8] com.example.store.aspect.LogAspect       : 请求地址: http://localhost:8888/store/review/interact
2026-05-25T01:41:14.516+08:00  INFO 28612 --- [store] [http-nio-8888-exec-8] com.example.store.aspect.LogAspect       : 请求方式: POST
2026-05-25T01:41:14.517+08:00  INFO 28612 --- [store] [http-nio-8888-exec-8] com.example.store.aspect.LogAspect       : 执行方法: com.example.store.controller.ReviewInteractionController.interact
2026-05-25T01:41:14.517+08:00  INFO 28612 --- [store] [http-nio-8888-exec-8] com.example.store.aspect.LogAspect       : 请求参数: [ReviewInteractionDTO(reviewId=575be180b322f4ddd3600c098fd67c25, type=1)]
2026-05-25T01:41:14.517+08:00  INFO 28612 --- [store] [http-nio-8888-exec-8] com.example.store.aspect.LogAspect       : ============== AOP日志结束 ==============
2026-05-25T01:41:35.808+08:00  INFO 28612 --- [store] [http-nio-8888-exec-2] com.example.store.aspect.LogAspect       : ============== AOP日志开始 ==============
2026-05-25T01:41:35.809+08:00  INFO 28612 --- [store] [http-nio-8888-exec-2] com.example.store.aspect.LogAspect       : 请求地址: http://localhost:8888/store/review/comment/submit
2026-05-25T01:41:35.809+08:00  INFO 28612 --- [store] [http-nio-8888-exec-2] com.example.store.aspect.LogAspect       : 请求方式: POST
2026-05-25T01:41:35.809+08:00  INFO 28612 --- [store] [http-nio-8888-exec-2] com.example.store.aspect.LogAspect       : 执行方法: com.example.store.controller.ReviewCommentController.submitComment
2026-05-25T01:41:35.809+08:00  INFO 28612 --- [store] [http-nio-8888-exec-2] com.example.store.aspect.LogAspect       : 请求参数: [ReviewCommentDTO(reviewId=575be180b322f4ddd3600c098fd67c25, content=挺精致的, targetUserId=null)]
2026-05-25T01:41:35.809+08:00  INFO 28612 --- [store] [http-nio-8888-exec-2] com.example.store.aspect.LogAspect       : ============== AOP日志结束 ==============
2026-05-25T01:41:35.842+08:00  INFO 28612 --- [store] [http-nio-8888-exec-6] com.example.store.aspect.LogAspect       : ============== AOP日志开始 ==============
2026-05-25T01:41:35.843+08:00  INFO 28612 --- [store] [http-nio-8888-exec-6] com.example.store.aspect.LogAspect       : 请求地址: http://localhost:8888/store/review/comment/list/575be180b322f4ddd3600c098fd67c25
2026-05-25T01:41:35.843+08:00  INFO 28612 --- [store] [http-nio-8888-exec-6] com.example.store.aspect.LogAspect       : 请求方式: GET
2026-05-25T01:41:35.843+08:00  INFO 28612 --- [store] [http-nio-8888-exec-6] com.example.store.aspect.LogAspect       : 执行方法: com.example.store.controller.ReviewCommentController.getCommentList
2026-05-25T01:41:35.844+08:00  INFO 28612 --- [store] [http-nio-8888-exec-6] com.example.store.aspect.LogAspect       : 请求参数: [575be180b322f4ddd3600c098fd67c25, 1, 50]
2026-05-25T01:41:35.844+08:00  INFO 28612 --- [store] [http-nio-8888-exec-6] com.example.store.aspect.LogAspect       : ============== AOP日志结束 ==============
2026-05-25T01:41:59.029+08:00  INFO 28612 --- [store] [http-nio-8888-exec-9] com.example.store.aspect.LogAspect       : ============== AOP日志开始 ==============
2026-05-25T01:41:59.029+08:00  INFO 28612 --- [store] [http-nio-8888-exec-9] com.example.store.aspect.LogAspect       : 请求地址: http://localhost:8888/store/review/comment/submit
2026-05-25T01:41:59.029+08:00  INFO 28612 --- [store] [http-nio-8888-exec-9] com.example.store.aspect.LogAspect       : 请求方式: POST
2026-05-25T01:41:59.030+08:00  INFO 28612 --- [store] [http-nio-8888-exec-9] com.example.store.aspect.LogAspect       : 执行方法: com.example.store.controller.ReviewCommentController.submitComment
2026-05-25T01:41:59.030+08:00  INFO 28612 --- [store] [http-nio-8888-exec-9] com.example.store.aspect.LogAspect       : 请求参数: [ReviewCommentDTO(reviewId=575be180b322f4ddd3600c098fd67c25, content=等过几天我多用一下再来告诉你, targetUserId=678fb053fb91331b23706910885c58d6)]
2026-05-25T01:41:59.030+08:00  INFO 28612 --- [store] [http-nio-8888-exec-9] com.example.store.aspect.LogAspect       : ============== AOP日志结束 ==============
2026-05-25T01:41:59.061+08:00  INFO 28612 --- [store] [http-nio-8888-exec-4] com.example.store.aspect.LogAspect       : ============== AOP日志开始 ==============
2026-05-25T01:41:59.062+08:00  INFO 28612 --- [store] [http-nio-8888-exec-4] com.example.store.aspect.LogAspect       : 请求地址: http://localhost:8888/store/review/comment/list/575be180b322f4ddd3600c098fd67c25
2026-05-25T01:41:59.062+08:00  INFO 28612 --- [store] [http-nio-8888-exec-4] com.example.store.aspect.LogAspect       : 请求方式: GET
2026-05-25T01:41:59.062+08:00  INFO 28612 --- [store] [http-nio-8888-exec-4] com.example.store.aspect.LogAspect       : 执行方法: com.example.store.controller.ReviewCommentController.getCommentList
2026-05-25T01:41:59.063+08:00  INFO 28612 --- [store] [http-nio-8888-exec-4] com.example.store.aspect.LogAspect       : 请求参数: [575be180b322f4ddd3600c098fd67c25, 1, 50]
2026-05-25T01:41:59.063+08:00  INFO 28612 --- [store] [http-nio-8888-exec-4] com.example.store.aspect.LogAspect       : ============== AOP日志结束 ==============
2026-05-25T01:42:13.337+08:00  INFO 28612 --- [store] [http-nio-8888-exec-4] com.example.store.aspect.LogAspect       : ============== AOP日志开始 ==============
2026-05-25T01:42:13.339+08:00  INFO 28612 --- [store] [http-nio-8888-exec-4] com.example.store.aspect.LogAspect       : 请求地址: http://localhost:8888/store/user/info/678fb053fb91331b23706910885c58d6
2026-05-25T01:42:13.340+08:00  INFO 28612 --- [store] [http-nio-8888-exec-7] com.example.store.aspect.LogAspect       : ============== AOP日志开始 ==============
2026-05-25T01:42:13.340+08:00  INFO 28612 --- [store] [http-nio-8888-exec-4] com.example.store.aspect.LogAspect       : 请求方式: GET
2026-05-25T01:42:13.341+08:00  INFO 28612 --- [store] [http-nio-8888-exec-7] com.example.store.aspect.LogAspect       : 请求地址: http://localhost:8888/store/category/tree
2026-05-25T01:42:13.341+08:00  INFO 28612 --- [store] [http-nio-8888-exec-4] com.example.store.aspect.LogAspect       : 执行方法: com.example.store.controller.UserController.getUserInfo
2026-05-25T01:42:13.342+08:00  INFO 28612 --- [store] [http-nio-8888-exec-7] com.example.store.aspect.LogAspect       : 请求方式: GET
2026-05-25T01:42:13.342+08:00  INFO 28612 --- [store] [http-nio-8888-exec-4] com.example.store.aspect.LogAspect       : 请求参数: [678fb053fb91331b23706910885c58d6]
2026-05-25T01:42:13.343+08:00  INFO 28612 --- [store] [http-nio-8888-exec-4] com.example.store.aspect.LogAspect       : ============== AOP日志结束 ==============
2026-05-25T01:42:13.343+08:00  INFO 28612 --- [store] [http-nio-8888-exec-7] com.example.store.aspect.LogAspect       : 执行方法: com.example.store.controller.CategoryController.getTree
2026-05-25T01:42:13.345+08:00  INFO 28612 --- [store] [http-nio-8888-exec-7] com.example.store.aspect.LogAspect       : 请求参数: []
2026-05-25T01:42:13.346+08:00  INFO 28612 --- [store] [http-nio-8888-exec-1] com.example.store.aspect.LogAspect       : ============== AOP日志开始 ==============
2026-05-25T01:42:13.349+08:00  INFO 28612 --- [store] [http-nio-8888-exec-7] com.example.store.aspect.LogAspect       : ============== AOP日志结束 ==============
2026-05-25T01:42:13.349+08:00  INFO 28612 --- [store] [http-nio-8888-exec-5] com.example.store.aspect.LogAspect       : ============== AOP日志开始 ==============
2026-05-25T01:42:13.350+08:00  INFO 28612 --- [store] [http-nio-8888-exec-1] com.example.store.aspect.LogAspect       : 请求地址: http://localhost:8888/store/goods/hot
2026-05-25T01:42:13.351+08:00  INFO 28612 --- [store] [http-nio-8888-exec-5] com.example.store.aspect.LogAspect       : 请求地址: http://localhost:8888/store/goods/list
2026-05-25T01:42:13.355+08:00  INFO 28612 --- [store] [http-nio-8888-exec-1] com.example.store.aspect.LogAspect       : 请求方式: GET
2026-05-25T01:42:13.355+08:00  INFO 28612 --- [store] [http-nio-8888-exec-5] com.example.store.aspect.LogAspect       : 请求方式: GET
2026-05-25T01:42:13.358+08:00  INFO 28612 --- [store] [http-nio-8888-exec-5] com.example.store.aspect.LogAspect       : 执行方法: com.example.store.controller.GoodsController.list
2026-05-25T01:42:13.357+08:00  INFO 28612 --- [store] [http-nio-8888-exec-1] com.example.store.aspect.LogAspect       : 执行方法: com.example.store.controller.GoodsController.hot
2026-05-25T01:42:13.362+08:00  INFO 28612 --- [store] [http-nio-8888-exec-1] com.example.store.aspect.LogAspect       : 请求参数: []
2026-05-25T01:42:13.365+08:00  INFO 28612 --- [store] [http-nio-8888-exec-1] com.example.store.aspect.LogAspect       : ============== AOP日志结束 ==============
2026-05-25T01:42:13.364+08:00  INFO 28612 --- [store] [http-nio-8888-exec-5] com.example.store.aspect.LogAspect       : 请求参数: [1, 10, null, null, null]
2026-05-25T01:42:13.370+08:00  INFO 28612 --- [store] [http-nio-8888-exec-5] com.example.store.aspect.LogAspect       : ============== AOP日志结束 ==============
2026-05-25T01:42:14.123+08:00  INFO 28612 --- [store] [http-nio-8888-exec-7] com.example.store.aspect.LogAspect       : ============== AOP日志开始 ==============
2026-05-25T01:42:14.123+08:00  INFO 28612 --- [store] [http-nio-8888-exec-1] com.example.store.aspect.LogAspect       : ============== AOP日志开始 ==============
2026-05-25T01:42:14.123+08:00  INFO 28612 --- [store] [http-nio-8888-exec-5] com.example.store.aspect.LogAspect       : ============== AOP日志开始 ==============
2026-05-25T01:42:14.123+08:00  INFO 28612 --- [store] [http-nio-8888-exec-7] com.example.store.aspect.LogAspect       : 请求地址: http://localhost:8888/store/user/info/678fb053fb91331b23706910885c58d6
2026-05-25T01:42:14.124+08:00  INFO 28612 --- [store] [http-nio-8888-exec-1] com.example.store.aspect.LogAspect       : 请求地址: http://localhost:8888/store/goods/detail/27d83564a605736d828c7cd7a4ee5256
2026-05-25T01:42:14.124+08:00  INFO 28612 --- [store] [http-nio-8888-exec-5] com.example.store.aspect.LogAspect       : 请求地址: http://localhost:8888/store/review/stats/27d83564a605736d828c7cd7a4ee5256
2026-05-25T01:42:14.125+08:00  INFO 28612 --- [store] [http-nio-8888-exec-7] com.example.store.aspect.LogAspect       : 请求方式: GET
2026-05-25T01:42:14.125+08:00  INFO 28612 --- [store] [http-nio-8888-exec-1] com.example.store.aspect.LogAspect       : 请求方式: GET
2026-05-25T01:42:14.125+08:00  INFO 28612 --- [store] [http-nio-8888-exec-5] com.example.store.aspect.LogAspect       : 请求方式: GET
2026-05-25T01:42:14.125+08:00  INFO 28612 --- [store] [http-nio-8888-exec-7] com.example.store.aspect.LogAspect       : 执行方法: com.example.store.controller.UserController.getUserInfo
2026-05-25T01:42:14.125+08:00  INFO 28612 --- [store] [http-nio-8888-exec-1] com.example.store.aspect.LogAspect       : 执行方法: com.example.store.controller.GoodsController.detail
2026-05-25T01:42:14.126+08:00  INFO 28612 --- [store] [http-nio-8888-exec-5] com.example.store.aspect.LogAspect       : 执行方法: com.example.store.controller.ReviewController.getReviewStats
2026-05-25T01:42:14.126+08:00  INFO 28612 --- [store] [http-nio-8888-exec-7] com.example.store.aspect.LogAspect       : 请求参数: [678fb053fb91331b23706910885c58d6]
2026-05-25T01:42:14.126+08:00  INFO 28612 --- [store] [http-nio-8888-exec-1] com.example.store.aspect.LogAspect       : 请求参数: [27d83564a605736d828c7cd7a4ee5256]
2026-05-25T01:42:14.126+08:00  INFO 28612 --- [store] [http-nio-8888-exec-5] com.example.store.aspect.LogAspect       : 请求参数: [27d83564a605736d828c7cd7a4ee5256]
2026-05-25T01:42:14.126+08:00  INFO 28612 --- [store] [http-nio-8888-exec-7] com.example.store.aspect.LogAspect       : ============== AOP日志结束 ==============
2026-05-25T01:42:14.126+08:00  INFO 28612 --- [store] [http-nio-8888-exec-1] com.example.store.aspect.LogAspect       : ============== AOP日志结束 ==============
2026-05-25T01:42:14.126+08:00  INFO 28612 --- [store] [http-nio-8888-exec-5] com.example.store.aspect.LogAspect       : ============== AOP日志结束 ==============
2026-05-25T01:42:14.167+08:00  INFO 28612 --- [store] [http-nio-8888-exec-10] com.example.store.aspect.LogAspect       : ============== AOP日志开始 ==============
2026-05-25T01:42:14.168+08:00  INFO 28612 --- [store] [http-nio-8888-exec-10] com.example.store.aspect.LogAspect       : 请求地址: http://localhost:8888/store/shop/detail/7b7a25908592c30c1696752fb4e7ae3b
2026-05-25T01:42:14.170+08:00  INFO 28612 --- [store] [http-nio-8888-exec-10] com.example.store.aspect.LogAspect       : 请求方式: GET
2026-05-25T01:42:14.170+08:00  INFO 28612 --- [store] [http-nio-8888-exec-10] com.example.store.aspect.LogAspect       : 执行方法: com.example.store.controller.ShopController.detail
2026-05-25T01:42:14.171+08:00  INFO 28612 --- [store] [http-nio-8888-exec-10] com.example.store.aspect.LogAspect       : 请求参数: [7b7a25908592c30c1696752fb4e7ae3b]
2026-05-25T01:42:14.171+08:00  INFO 28612 --- [store] [http-nio-8888-exec-10] com.example.store.aspect.LogAspect       : ============== AOP日志结束 ==============
2026-05-25T01:42:14.953+08:00  INFO 28612 --- [store] [http-nio-8888-exec-6] com.example.store.aspect.LogAspect       : ============== AOP日志开始 ==============
2026-05-25T01:42:14.953+08:00  INFO 28612 --- [store] [http-nio-8888-exec-6] com.example.store.aspect.LogAspect       : 请求地址: http://localhost:8888/store/review/list/27d83564a605736d828c7cd7a4ee5256
2026-05-25T01:42:14.954+08:00  INFO 28612 --- [store] [http-nio-8888-exec-6] com.example.store.aspect.LogAspect       : 请求方式: GET
2026-05-25T01:42:14.955+08:00  INFO 28612 --- [store] [http-nio-8888-exec-6] com.example.store.aspect.LogAspect       : 执行方法: com.example.store.controller.ReviewController.getReviewList
2026-05-25T01:42:14.955+08:00  INFO 28612 --- [store] [http-nio-8888-exec-6] com.example.store.aspect.LogAspect       : 请求参数: [27d83564a605736d828c7cd7a4ee5256, 1, 10, false]
2026-05-25T01:42:14.955+08:00  INFO 28612 --- [store] [http-nio-8888-exec-6] com.example.store.aspect.LogAspect       : ============== AOP日志结束 ==============
2026-05-25T01:42:16.002+08:00  INFO 28612 --- [store] [http-nio-8888-exec-9] com.example.store.aspect.LogAspect       : ============== AOP日志开始 ==============
2026-05-25T01:42:16.003+08:00  INFO 28612 --- [store] [http-nio-8888-exec-9] com.example.store.aspect.LogAspect       : 请求地址: http://localhost:8888/store/review/comment/list/575be180b322f4ddd3600c098fd67c25
2026-05-25T01:42:16.003+08:00  INFO 28612 --- [store] [http-nio-8888-exec-9] com.example.store.aspect.LogAspect       : 请求方式: GET
2026-05-25T01:42:16.004+08:00  INFO 28612 --- [store] [http-nio-8888-exec-9] com.example.store.aspect.LogAspect       : 执行方法: com.example.store.controller.ReviewCommentController.getCommentList
2026-05-25T01:42:16.004+08:00  INFO 28612 --- [store] [http-nio-8888-exec-9] com.example.store.aspect.LogAspect       : 请求参数: [575be180b322f4ddd3600c098fd67c25, 1, 50]
2026-05-25T01:42:16.005+08:00  INFO 28612 --- [store] [http-nio-8888-exec-9] com.example.store.aspect.LogAspect       : ============== AOP日志结束 ==============
2026-05-25T01:42:26.005+08:00  INFO 28612 --- [store] [http-nio-8888-exec-3] com.example.store.aspect.LogAspect       : ============== AOP日志开始 ==============
2026-05-25T01:42:26.006+08:00  INFO 28612 --- [store] [http-nio-8888-exec-3] com.example.store.aspect.LogAspect       : 请求地址: http://localhost:8888/store/review/comment/submit
2026-05-25T01:42:26.006+08:00  INFO 28612 --- [store] [http-nio-8888-exec-3] com.example.store.aspect.LogAspect       : 请求方式: POST
2026-05-25T01:42:26.006+08:00  INFO 28612 --- [store] [http-nio-8888-exec-3] com.example.store.aspect.LogAspect       : 执行方法: com.example.store.controller.ReviewCommentController.submitComment
2026-05-25T01:42:26.006+08:00  INFO 28612 --- [store] [http-nio-8888-exec-3] com.example.store.aspect.LogAspect       : 请求参数: [ReviewCommentDTO(reviewId=575be180b322f4ddd3600c098fd67c25, content=好的谢谢, targetUserId=c3d4587dcef6f7fc62cf35453516be76)]
2026-05-25T01:42:26.007+08:00  INFO 28612 --- [store] [http-nio-8888-exec-3] com.example.store.aspect.LogAspect       : ============== AOP日志结束 ==============
2026-05-25T01:42:26.033+08:00  INFO 28612 --- [store] [http-nio-8888-exec-4] com.example.store.aspect.LogAspect       : ============== AOP日志开始 ==============
2026-05-25T01:42:26.033+08:00  INFO 28612 --- [store] [http-nio-8888-exec-4] com.example.store.aspect.LogAspect       : 请求地址: http://localhost:8888/store/review/comment/list/575be180b322f4ddd3600c098fd67c25
2026-05-25T01:42:26.033+08:00  INFO 28612 --- [store] [http-nio-8888-exec-4] com.example.store.aspect.LogAspect       : 请求方式: GET
2026-05-25T01:42:26.034+08:00  INFO 28612 --- [store] [http-nio-8888-exec-4] com.example.store.aspect.LogAspect       : 执行方法: com.example.store.controller.ReviewCommentController.getCommentList
2026-05-25T01:42:26.034+08:00  INFO 28612 --- [store] [http-nio-8888-exec-4] com.example.store.aspect.LogAspect       : 请求参数: [575be180b322f4ddd3600c098fd67c25, 1, 50]
2026-05-25T01:42:26.034+08:00  INFO 28612 --- [store] [http-nio-8888-exec-4] com.example.store.aspect.LogAspect       : ============== AOP日志结束 ==============
2026-05-25T01:42:36.384+08:00  INFO 28612 --- [store] [http-nio-8888-exec-2] com.example.store.aspect.LogAspect       : ============== AOP日志开始 ==============
2026-05-25T01:42:36.384+08:00  INFO 28612 --- [store] [http-nio-8888-exec-2] com.example.store.aspect.LogAspect       : 请求地址: http://localhost:8888/store/user/info/678fb053fb91331b23706910885c58d6
2026-05-25T01:42:36.385+08:00  INFO 28612 --- [store] [http-nio-8888-exec-2] com.example.store.aspect.LogAspect       : 请求方式: GET
2026-05-25T01:42:36.385+08:00  INFO 28612 --- [store] [http-nio-8888-exec-2] com.example.store.aspect.LogAspect       : 执行方法: com.example.store.controller.UserController.getUserInfo
2026-05-25T01:42:36.385+08:00  INFO 28612 --- [store] [http-nio-8888-exec-2] com.example.store.aspect.LogAspect       : 请求参数: [678fb053fb91331b23706910885c58d6]
2026-05-25T01:42:36.385+08:00  INFO 28612 --- [store] [http-nio-8888-exec-2] com.example.store.aspect.LogAspect       : ============== AOP日志结束 ==============
2026-05-25T01:42:36.385+08:00  INFO 28612 --- [store] [http-nio-8888-exec-8] com.example.store.aspect.LogAspect       : ============== AOP日志开始 ==============
2026-05-25T01:42:36.385+08:00  INFO 28612 --- [store] [http-nio-8888-exec-8] com.example.store.aspect.LogAspect       : 请求地址: http://localhost:8888/store/order/list
2026-05-25T01:42:36.385+08:00  INFO 28612 --- [store] [http-nio-8888-exec-8] com.example.store.aspect.LogAspect       : 请求方式: GET
2026-05-25T01:42:36.385+08:00  INFO 28612 --- [store] [http-nio-8888-exec-8] com.example.store.aspect.LogAspect       : 执行方法: com.example.store.controller.OrderController.list
2026-05-25T01:42:36.385+08:00  INFO 28612 --- [store] [http-nio-8888-exec-8] com.example.store.aspect.LogAspect       : 请求参数: [1, 5, null]
2026-05-25T01:42:36.385+08:00  INFO 28612 --- [store] [http-nio-8888-exec-8] com.example.store.aspect.LogAspect       : ============== AOP日志结束 ==============
2026-05-25T01:42:37.665+08:00  INFO 28612 --- [store] [http-nio-8888-exec-5] com.example.store.aspect.LogAspect       : ============== AOP日志开始 ==============
2026-05-25T01:42:37.665+08:00  INFO 28612 --- [store] [http-nio-8888-exec-5] com.example.store.aspect.LogAspect       : 请求地址: http://localhost:8888/store/order/list
2026-05-25T01:42:37.665+08:00  INFO 28612 --- [store] [http-nio-8888-exec-5] com.example.store.aspect.LogAspect       : 请求方式: GET
2026-05-25T01:42:37.665+08:00  INFO 28612 --- [store] [http-nio-8888-exec-5] com.example.store.aspect.LogAspect       : 执行方法: com.example.store.controller.OrderController.list
2026-05-25T01:42:37.666+08:00  INFO 28612 --- [store] [http-nio-8888-exec-5] com.example.store.aspect.LogAspect       : 请求参数: [1, 5, 0]
2026-05-25T01:42:37.666+08:00  INFO 28612 --- [store] [http-nio-8888-exec-5] com.example.store.aspect.LogAspect       : ============== AOP日志结束 ==============
2026-05-25T01:42:38.030+08:00  INFO 28612 --- [store] [http-nio-8888-exec-10] com.example.store.aspect.LogAspect       : ============== AOP日志开始 ==============
2026-05-25T01:42:38.031+08:00  INFO 28612 --- [store] [http-nio-8888-exec-10] com.example.store.aspect.LogAspect       : 请求地址: http://localhost:8888/store/order/list
2026-05-25T01:42:38.031+08:00  INFO 28612 --- [store] [http-nio-8888-exec-10] com.example.store.aspect.LogAspect       : 请求方式: GET
2026-05-25T01:42:38.031+08:00  INFO 28612 --- [store] [http-nio-8888-exec-10] com.example.store.aspect.LogAspect       : 执行方法: com.example.store.controller.OrderController.list
2026-05-25T01:42:38.032+08:00  INFO 28612 --- [store] [http-nio-8888-exec-10] com.example.store.aspect.LogAspect       : 请求参数: [1, 5, 2]
2026-05-25T01:42:38.032+08:00  INFO 28612 --- [store] [http-nio-8888-exec-10] com.example.store.aspect.LogAspect       : ============== AOP日志结束 ==============
2026-05-25T01:42:38.329+08:00  INFO 28612 --- [store] [http-nio-8888-exec-9] com.example.store.aspect.LogAspect       : ============== AOP日志开始 ==============
2026-05-25T01:42:38.329+08:00  INFO 28612 --- [store] [http-nio-8888-exec-9] com.example.store.aspect.LogAspect       : 请求地址: http://localhost:8888/store/order/list
2026-05-25T01:42:38.330+08:00  INFO 28612 --- [store] [http-nio-8888-exec-9] com.example.store.aspect.LogAspect       : 请求方式: GET
2026-05-25T01:42:38.330+08:00  INFO 28612 --- [store] [http-nio-8888-exec-9] com.example.store.aspect.LogAspect       : 执行方法: com.example.store.controller.OrderController.list
2026-05-25T01:42:38.330+08:00  INFO 28612 --- [store] [http-nio-8888-exec-9] com.example.store.aspect.LogAspect       : 请求参数: [1, 5, 3]
2026-05-25T01:42:38.330+08:00  INFO 28612 --- [store] [http-nio-8888-exec-9] com.example.store.aspect.LogAspect       : ============== AOP日志结束 ==============
2026-05-25T01:42:42.860+08:00  INFO 28612 --- [store] [http-nio-8888-exec-3] com.example.store.aspect.LogAspect       : ============== AOP日志开始 ==============
2026-05-25T01:42:42.861+08:00  INFO 28612 --- [store] [http-nio-8888-exec-3] com.example.store.aspect.LogAspect       : 请求地址: http://localhost:8888/store/user/info/c3d4587dcef6f7fc62cf35453516be76
2026-05-25T01:42:42.862+08:00  INFO 28612 --- [store] [http-nio-8888-exec-3] com.example.store.aspect.LogAspect       : 请求方式: GET
2026-05-25T01:42:42.863+08:00  INFO 28612 --- [store] [http-nio-8888-exec-3] com.example.store.aspect.LogAspect       : 执行方法: com.example.store.controller.UserController.getUserInfo
2026-05-25T01:42:42.863+08:00  INFO 28612 --- [store] [http-nio-8888-exec-3] com.example.store.aspect.LogAspect       : 请求参数: [c3d4587dcef6f7fc62cf35453516be76]
2026-05-25T01:42:42.864+08:00  INFO 28612 --- [store] [http-nio-8888-exec-3] com.example.store.aspect.LogAspect       : ============== AOP日志结束 ==============
2026-05-25T01:42:42.865+08:00  INFO 28612 --- [store] [http-nio-8888-exec-2] com.example.store.aspect.LogAspect       : ============== AOP日志开始 ==============
2026-05-25T01:42:42.865+08:00  INFO 28612 --- [store] [http-nio-8888-exec-2] com.example.store.aspect.LogAspect       : 请求地址: http://localhost:8888/store/order/list
2026-05-25T01:42:42.866+08:00  INFO 28612 --- [store] [http-nio-8888-exec-2] com.example.store.aspect.LogAspect       : 请求方式: GET
2026-05-25T01:42:42.866+08:00  INFO 28612 --- [store] [http-nio-8888-exec-2] com.example.store.aspect.LogAspect       : 执行方法: com.example.store.controller.OrderController.list
2026-05-25T01:42:42.867+08:00  INFO 28612 --- [store] [http-nio-8888-exec-2] com.example.store.aspect.LogAspect       : 请求参数: [1, 5, null]
2026-05-25T01:42:42.867+08:00  INFO 28612 --- [store] [http-nio-8888-exec-2] com.example.store.aspect.LogAspect       : ============== AOP日志结束 ==============
2026-05-25T01:42:43.800+08:00  INFO 28612 --- [store] [http-nio-8888-exec-9] com.example.store.aspect.LogAspect       : ============== AOP日志开始 ==============
2026-05-25T01:42:43.800+08:00  INFO 28612 --- [store] [http-nio-8888-exec-9] com.example.store.aspect.LogAspect       : 请求地址: http://localhost:8888/store/order/list
2026-05-25T01:42:43.801+08:00  INFO 28612 --- [store] [http-nio-8888-exec-9] com.example.store.aspect.LogAspect       : 请求方式: GET
2026-05-25T01:42:43.801+08:00  INFO 28612 --- [store] [http-nio-8888-exec-9] com.example.store.aspect.LogAspect       : 执行方法: com.example.store.controller.OrderController.list
2026-05-25T01:42:43.801+08:00  INFO 28612 --- [store] [http-nio-8888-exec-9] com.example.store.aspect.LogAspect       : 请求参数: [1, 5, 3]
2026-05-25T01:42:43.802+08:00  INFO 28612 --- [store] [http-nio-8888-exec-9] com.example.store.aspect.LogAspect       : ============== AOP日志结束 ==============
2026-05-25T01:42:45.065+08:00  INFO 28612 --- [store] [http-nio-8888-exec-4] com.example.store.aspect.LogAspect       : ============== AOP日志开始 ==============
2026-05-25T01:42:45.067+08:00  INFO 28612 --- [store] [http-nio-8888-exec-4] com.example.store.aspect.LogAspect       : 请求地址: http://localhost:8888/store/user/info/c3d4587dcef6f7fc62cf35453516be76
2026-05-25T01:42:45.069+08:00  INFO 28612 --- [store] [http-nio-8888-exec-4] com.example.store.aspect.LogAspect       : 请求方式: GET
2026-05-25T01:42:45.069+08:00  INFO 28612 --- [store] [http-nio-8888-exec-4] com.example.store.aspect.LogAspect       : 执行方法: com.example.store.controller.UserController.getUserInfo
2026-05-25T01:42:45.069+08:00  INFO 28612 --- [store] [http-nio-8888-exec-2] com.example.store.aspect.LogAspect       : ============== AOP日志开始 ==============
2026-05-25T01:42:45.070+08:00  INFO 28612 --- [store] [http-nio-8888-exec-4] com.example.store.aspect.LogAspect       : 请求参数: [c3d4587dcef6f7fc62cf35453516be76]
2026-05-25T01:42:45.070+08:00  INFO 28612 --- [store] [http-nio-8888-exec-2] com.example.store.aspect.LogAspect       : 请求地址: http://localhost:8888/store/order/detail/15d21286d6d28963dabe8ccf85723148
2026-05-25T01:42:45.070+08:00  INFO 28612 --- [store] [http-nio-8888-exec-4] com.example.store.aspect.LogAspect       : ============== AOP日志结束 ==============
2026-05-25T01:42:45.070+08:00  INFO 28612 --- [store] [http-nio-8888-exec-2] com.example.store.aspect.LogAspect       : 请求方式: GET
2026-05-25T01:42:45.071+08:00  INFO 28612 --- [store] [http-nio-8888-exec-2] com.example.store.aspect.LogAspect       : 执行方法: com.example.store.controller.OrderController.detail
2026-05-25T01:42:45.072+08:00  INFO 28612 --- [store] [http-nio-8888-exec-2] com.example.store.aspect.LogAspect       : 请求参数: [15d21286d6d28963dabe8ccf85723148]
2026-05-25T01:42:45.072+08:00  INFO 28612 --- [store] [http-nio-8888-exec-2] com.example.store.aspect.LogAspect       : ============== AOP日志结束 ==============
2026-05-25T01:42:50.021+08:00  INFO 28612 --- [store] [http-nio-8888-exec-10] com.example.store.aspect.LogAspect       : ============== AOP日志开始 ==============
2026-05-25T01:42:50.021+08:00  INFO 28612 --- [store] [http-nio-8888-exec-10] com.example.store.aspect.LogAspect       : 请求地址: http://localhost:8888/store/review/item/cc3a84135a0d9946cc942ce85d8d4559
2026-05-25T01:42:50.022+08:00  INFO 28612 --- [store] [http-nio-8888-exec-10] com.example.store.aspect.LogAspect       : 请求方式: GET
2026-05-25T01:42:50.022+08:00  INFO 28612 --- [store] [http-nio-8888-exec-10] com.example.store.aspect.LogAspect       : 执行方法: com.example.store.controller.ReviewController.getReviewByOrderItem
2026-05-25T01:42:50.023+08:00  INFO 28612 --- [store] [http-nio-8888-exec-10] com.example.store.aspect.LogAspect       : 请求参数: [cc3a84135a0d9946cc942ce85d8d4559]
2026-05-25T01:42:50.023+08:00  INFO 28612 --- [store] [http-nio-8888-exec-10] com.example.store.aspect.LogAspect       : ============== AOP日志结束 ==============
2026-05-25T01:42:54.489+08:00  INFO 28612 --- [store] [http-nio-8888-exec-1] com.example.store.aspect.LogAspect       : ============== AOP日志开始 ==============
2026-05-25T01:42:54.489+08:00  INFO 28612 --- [store] [http-nio-8888-exec-1] com.example.store.aspect.LogAspect       : 请求地址: http://localhost:8888/store/review/item/cc3a84135a0d9946cc942ce85d8d4559
2026-05-25T01:42:54.489+08:00  INFO 28612 --- [store] [http-nio-8888-exec-1] com.example.store.aspect.LogAspect       : 请求方式: GET
2026-05-25T01:42:54.489+08:00  INFO 28612 --- [store] [http-nio-8888-exec-1] com.example.store.aspect.LogAspect       : 执行方法: com.example.store.controller.ReviewController.getReviewByOrderItem
2026-05-25T01:42:54.489+08:00  INFO 28612 --- [store] [http-nio-8888-exec-1] com.example.store.aspect.LogAspect       : 请求参数: [cc3a84135a0d9946cc942ce85d8d4559]
2026-05-25T01:42:54.489+08:00  INFO 28612 --- [store] [http-nio-8888-exec-1] com.example.store.aspect.LogAspect       : ============== AOP日志结束 ==============
2026-05-25T01:42:57.189+08:00  INFO 28612 --- [store] [http-nio-8888-exec-7] com.example.store.aspect.LogAspect       : ============== AOP日志开始 ==============
2026-05-25T01:42:57.189+08:00  INFO 28612 --- [store] [http-nio-8888-exec-5] com.example.store.aspect.LogAspect       : ============== AOP日志开始 ==============
2026-05-25T01:42:57.189+08:00  INFO 28612 --- [store] [http-nio-8888-exec-7] com.example.store.aspect.LogAspect       : 请求地址: http://localhost:8888/store/user/info/c3d4587dcef6f7fc62cf35453516be76
2026-05-25T01:42:57.189+08:00  INFO 28612 --- [store] [http-nio-8888-exec-5] com.example.store.aspect.LogAspect       : 请求地址: http://localhost:8888/store/order/list
2026-05-25T01:42:57.189+08:00  INFO 28612 --- [store] [http-nio-8888-exec-7] com.example.store.aspect.LogAspect       : 请求方式: GET
2026-05-25T01:42:57.190+08:00  INFO 28612 --- [store] [http-nio-8888-exec-5] com.example.store.aspect.LogAspect       : 请求方式: GET
2026-05-25T01:42:57.190+08:00  INFO 28612 --- [store] [http-nio-8888-exec-7] com.example.store.aspect.LogAspect       : 执行方法: com.example.store.controller.UserController.getUserInfo
2026-05-25T01:42:57.191+08:00  INFO 28612 --- [store] [http-nio-8888-exec-5] com.example.store.aspect.LogAspect       : 执行方法: com.example.store.controller.OrderController.list
2026-05-25T01:42:57.191+08:00  INFO 28612 --- [store] [http-nio-8888-exec-7] com.example.store.aspect.LogAspect       : 请求参数: [c3d4587dcef6f7fc62cf35453516be76]
2026-05-25T01:42:57.191+08:00  INFO 28612 --- [store] [http-nio-8888-exec-7] com.example.store.aspect.LogAspect       : ============== AOP日志结束 ==============
2026-05-25T01:42:57.191+08:00  INFO 28612 --- [store] [http-nio-8888-exec-5] com.example.store.aspect.LogAspect       : 请求参数: [1, 5, null]
2026-05-25T01:42:57.191+08:00  INFO 28612 --- [store] [http-nio-8888-exec-5] com.example.store.aspect.LogAspect       : ============== AOP日志结束 ==============
2026-05-25T01:42:59.346+08:00  INFO 28612 --- [store] [http-nio-8888-exec-6] com.example.store.aspect.LogAspect       : ============== AOP日志开始 ==============
2026-05-25T01:42:59.347+08:00  INFO 28612 --- [store] [http-nio-8888-exec-6] com.example.store.aspect.LogAspect       : 请求地址: http://localhost:8888/store/user/info/c3d4587dcef6f7fc62cf35453516be76
2026-05-25T01:42:59.347+08:00  INFO 28612 --- [store] [http-nio-8888-exec-6] com.example.store.aspect.LogAspect       : 请求方式: GET
2026-05-25T01:42:59.348+08:00  INFO 28612 --- [store] [http-nio-8888-exec-6] com.example.store.aspect.LogAspect       : 执行方法: com.example.store.controller.UserController.getUserInfo
2026-05-25T01:42:59.348+08:00  INFO 28612 --- [store] [http-nio-8888-exec-6] com.example.store.aspect.LogAspect       : 请求参数: [c3d4587dcef6f7fc62cf35453516be76]
2026-05-25T01:42:59.348+08:00  INFO 28612 --- [store] [http-nio-8888-exec-6] com.example.store.aspect.LogAspect       : ============== AOP日志结束 ==============
2026-05-25T01:42:59.849+08:00  INFO 28612 --- [store] [http-nio-8888-exec-3] com.example.store.aspect.LogAspect       : ============== AOP日志开始 ==============
2026-05-25T01:42:59.850+08:00  INFO 28612 --- [store] [http-nio-8888-exec-9] com.example.store.aspect.LogAspect       : ============== AOP日志开始 ==============
2026-05-25T01:42:59.850+08:00  INFO 28612 --- [store] [http-nio-8888-exec-3] com.example.store.aspect.LogAspect       : 请求地址: http://localhost:8888/store/category/tree
2026-05-25T01:42:59.851+08:00  INFO 28612 --- [store] [http-nio-8888-exec-9] com.example.store.aspect.LogAspect       : 请求地址: http://localhost:8888/store/user/info/c3d4587dcef6f7fc62cf35453516be76
2026-05-25T01:42:59.851+08:00  INFO 28612 --- [store] [http-nio-8888-exec-3] com.example.store.aspect.LogAspect       : 请求方式: GET
2026-05-25T01:42:59.851+08:00  INFO 28612 --- [store] [http-nio-8888-exec-9] com.example.store.aspect.LogAspect       : 请求方式: GET
2026-05-25T01:42:59.851+08:00  INFO 28612 --- [store] [http-nio-8888-exec-3] com.example.store.aspect.LogAspect       : 执行方法: com.example.store.controller.CategoryController.getTree
2026-05-25T01:42:59.852+08:00  INFO 28612 --- [store] [http-nio-8888-exec-4] com.example.store.aspect.LogAspect       : ============== AOP日志开始 ==============
2026-05-25T01:42:59.852+08:00  INFO 28612 --- [store] [http-nio-8888-exec-9] com.example.store.aspect.LogAspect       : 执行方法: com.example.store.controller.UserController.getUserInfo
2026-05-25T01:42:59.853+08:00  INFO 28612 --- [store] [http-nio-8888-exec-3] com.example.store.aspect.LogAspect       : 请求参数: []
2026-05-25T01:42:59.853+08:00  INFO 28612 --- [store] [http-nio-8888-exec-9] com.example.store.aspect.LogAspect       : 请求参数: [c3d4587dcef6f7fc62cf35453516be76]
2026-05-25T01:42:59.853+08:00  INFO 28612 --- [store] [http-nio-8888-exec-4] com.example.store.aspect.LogAspect       : 请求地址: http://localhost:8888/store/goods/hot
2026-05-25T01:42:59.853+08:00  INFO 28612 --- [store] [http-nio-8888-exec-2] com.example.store.aspect.LogAspect       : ============== AOP日志开始 ==============
2026-05-25T01:42:59.854+08:00  INFO 28612 --- [store] [http-nio-8888-exec-3] com.example.store.aspect.LogAspect       : ============== AOP日志结束 ==============
2026-05-25T01:42:59.855+08:00  INFO 28612 --- [store] [http-nio-8888-exec-2] com.example.store.aspect.LogAspect       : 请求地址: http://localhost:8888/store/goods/list
2026-05-25T01:42:59.854+08:00  INFO 28612 --- [store] [http-nio-8888-exec-9] com.example.store.aspect.LogAspect       : ============== AOP日志结束 ==============
2026-05-25T01:42:59.855+08:00  INFO 28612 --- [store] [http-nio-8888-exec-4] com.example.store.aspect.LogAspect       : 请求方式: GET
2026-05-25T01:42:59.855+08:00  INFO 28612 --- [store] [http-nio-8888-exec-2] com.example.store.aspect.LogAspect       : 请求方式: GET
2026-05-25T01:42:59.856+08:00  INFO 28612 --- [store] [http-nio-8888-exec-4] com.example.store.aspect.LogAspect       : 执行方法: com.example.store.controller.GoodsController.hot
2026-05-25T01:42:59.857+08:00  INFO 28612 --- [store] [http-nio-8888-exec-2] com.example.store.aspect.LogAspect       : 执行方法: com.example.store.controller.GoodsController.list
2026-05-25T01:42:59.857+08:00  INFO 28612 --- [store] [http-nio-8888-exec-4] com.example.store.aspect.LogAspect       : 请求参数: []
2026-05-25T01:42:59.858+08:00  INFO 28612 --- [store] [http-nio-8888-exec-2] com.example.store.aspect.LogAspect       : 请求参数: [1, 10, null, null, null]
2026-05-25T01:42:59.859+08:00  INFO 28612 --- [store] [http-nio-8888-exec-2] com.example.store.aspect.LogAspect       : ============== AOP日志结束 ==============
2026-05-25T01:42:59.859+08:00  INFO 28612 --- [store] [http-nio-8888-exec-4] com.example.store.aspect.LogAspect       : ============== AOP日志结束 ==============
2026-05-25T01:43:00.893+08:00  INFO 28612 --- [store] [http-nio-8888-exec-3] com.example.store.aspect.LogAspect       : ============== AOP日志开始 ==============
2026-05-25T01:43:00.893+08:00  INFO 28612 --- [store] [http-nio-8888-exec-9] com.example.store.aspect.LogAspect       : ============== AOP日志开始 ==============
2026-05-25T01:43:00.893+08:00  INFO 28612 --- [store] [http-nio-8888-exec-3] com.example.store.aspect.LogAspect       : 请求地址: http://localhost:8888/store/user/info/c3d4587dcef6f7fc62cf35453516be76
2026-05-25T01:43:00.893+08:00  INFO 28612 --- [store] [http-nio-8888-exec-4] com.example.store.aspect.LogAspect       : ============== AOP日志开始 ==============
2026-05-25T01:43:00.893+08:00  INFO 28612 --- [store] [http-nio-8888-exec-9] com.example.store.aspect.LogAspect       : 请求地址: http://localhost:8888/store/goods/detail/27d83564a605736d828c7cd7a4ee5256
2026-05-25T01:43:00.893+08:00  INFO 28612 --- [store] [http-nio-8888-exec-3] com.example.store.aspect.LogAspect       : 请求方式: GET
2026-05-25T01:43:00.893+08:00  INFO 28612 --- [store] [http-nio-8888-exec-4] com.example.store.aspect.LogAspect       : 请求地址: http://localhost:8888/store/review/stats/27d83564a605736d828c7cd7a4ee5256
2026-05-25T01:43:00.894+08:00  INFO 28612 --- [store] [http-nio-8888-exec-9] com.example.store.aspect.LogAspect       : 请求方式: GET
2026-05-25T01:43:00.894+08:00  INFO 28612 --- [store] [http-nio-8888-exec-3] com.example.store.aspect.LogAspect       : 执行方法: com.example.store.controller.UserController.getUserInfo
2026-05-25T01:43:00.894+08:00  INFO 28612 --- [store] [http-nio-8888-exec-4] com.example.store.aspect.LogAspect       : 请求方式: GET
2026-05-25T01:43:00.895+08:00  INFO 28612 --- [store] [http-nio-8888-exec-9] com.example.store.aspect.LogAspect       : 执行方法: com.example.store.controller.GoodsController.detail
2026-05-25T01:43:00.895+08:00  INFO 28612 --- [store] [http-nio-8888-exec-3] com.example.store.aspect.LogAspect       : 请求参数: [c3d4587dcef6f7fc62cf35453516be76]
2026-05-25T01:43:00.895+08:00  INFO 28612 --- [store] [http-nio-8888-exec-4] com.example.store.aspect.LogAspect       : 执行方法: com.example.store.controller.ReviewController.getReviewStats
2026-05-25T01:43:00.895+08:00  INFO 28612 --- [store] [http-nio-8888-exec-9] com.example.store.aspect.LogAspect       : 请求参数: [27d83564a605736d828c7cd7a4ee5256]
2026-05-25T01:43:00.895+08:00  INFO 28612 --- [store] [http-nio-8888-exec-3] com.example.store.aspect.LogAspect       : ============== AOP日志结束 ==============
2026-05-25T01:43:00.895+08:00  INFO 28612 --- [store] [http-nio-8888-exec-4] com.example.store.aspect.LogAspect       : 请求参数: [27d83564a605736d828c7cd7a4ee5256]
2026-05-25T01:43:00.896+08:00  INFO 28612 --- [store] [http-nio-8888-exec-9] com.example.store.aspect.LogAspect       : ============== AOP日志结束 ==============
2026-05-25T01:43:00.896+08:00  INFO 28612 --- [store] [http-nio-8888-exec-4] com.example.store.aspect.LogAspect       : ============== AOP日志结束 ==============
2026-05-25T01:43:00.913+08:00  INFO 28612 --- [store] [http-nio-8888-exec-2] com.example.store.aspect.LogAspect       : ============== AOP日志开始 ==============
2026-05-25T01:43:00.913+08:00  INFO 28612 --- [store] [http-nio-8888-exec-2] com.example.store.aspect.LogAspect       : 请求地址: http://localhost:8888/store/shop/detail/7b7a25908592c30c1696752fb4e7ae3b
2026-05-25T01:43:00.914+08:00  INFO 28612 --- [store] [http-nio-8888-exec-2] com.example.store.aspect.LogAspect       : 请求方式: GET
2026-05-25T01:43:00.914+08:00  INFO 28612 --- [store] [http-nio-8888-exec-2] com.example.store.aspect.LogAspect       : 执行方法: com.example.store.controller.ShopController.detail
2026-05-25T01:43:00.914+08:00  INFO 28612 --- [store] [http-nio-8888-exec-2] com.example.store.aspect.LogAspect       : 请求参数: [7b7a25908592c30c1696752fb4e7ae3b]
2026-05-25T01:43:00.914+08:00  INFO 28612 --- [store] [http-nio-8888-exec-2] com.example.store.aspect.LogAspect       : ============== AOP日志结束 ==============
2026-05-25T01:43:01.861+08:00  INFO 28612 --- [store] [http-nio-8888-exec-8] com.example.store.aspect.LogAspect       : ============== AOP日志开始 ==============
2026-05-25T01:43:01.862+08:00  INFO 28612 --- [store] [http-nio-8888-exec-8] com.example.store.aspect.LogAspect       : 请求地址: http://localhost:8888/store/review/list/27d83564a605736d828c7cd7a4ee5256
2026-05-25T01:43:01.862+08:00  INFO 28612 --- [store] [http-nio-8888-exec-8] com.example.store.aspect.LogAspect       : 请求方式: GET
2026-05-25T01:43:01.862+08:00  INFO 28612 --- [store] [http-nio-8888-exec-8] com.example.store.aspect.LogAspect       : 执行方法: com.example.store.controller.ReviewController.getReviewList
2026-05-25T01:43:01.863+08:00  INFO 28612 --- [store] [http-nio-8888-exec-8] com.example.store.aspect.LogAspect       : 请求参数: [27d83564a605736d828c7cd7a4ee5256, 1, 10, false]
2026-05-25T01:43:01.863+08:00  INFO 28612 --- [store] [http-nio-8888-exec-8] com.example.store.aspect.LogAspect       : ============== AOP日志结束 ==============
2026-05-25T01:43:03.366+08:00  INFO 28612 --- [store] [http-nio-8888-exec-10] com.example.store.aspect.LogAspect       : ============== AOP日志开始 ==============
2026-05-25T01:43:03.367+08:00  INFO 28612 --- [store] [http-nio-8888-exec-10] com.example.store.aspect.LogAspect       : 请求地址: http://localhost:8888/store/review/comment/list/575be180b322f4ddd3600c098fd67c25
2026-05-25T01:43:03.367+08:00  INFO 28612 --- [store] [http-nio-8888-exec-10] com.example.store.aspect.LogAspect       : 请求方式: GET
2026-05-25T01:43:03.367+08:00  INFO 28612 --- [store] [http-nio-8888-exec-10] com.example.store.aspect.LogAspect       : 执行方法: com.example.store.controller.ReviewCommentController.getCommentList
2026-05-25T01:43:03.368+08:00  INFO 28612 --- [store] [http-nio-8888-exec-10] com.example.store.aspect.LogAspect       : 请求参数: [575be180b322f4ddd3600c098fd67c25, 1, 50]
2026-05-25T01:43:03.368+08:00  INFO 28612 --- [store] [http-nio-8888-exec-10] com.example.store.aspect.LogAspect       : ============== AOP日志结束 ==============
2026-05-25T01:43:19.235+08:00  INFO 28612 --- [store] [http-nio-8888-exec-1] com.example.store.aspect.LogAspect       : ============== AOP日志开始 ==============
2026-05-25T01:43:19.235+08:00  INFO 28612 --- [store] [http-nio-8888-exec-10] com.example.store.aspect.LogAspect       : ============== AOP日志开始 ==============
2026-05-25T01:43:19.235+08:00  INFO 28612 --- [store] [http-nio-8888-exec-8] com.example.store.aspect.LogAspect       : ============== AOP日志开始 ==============
2026-05-25T01:43:19.236+08:00  INFO 28612 --- [store] [http-nio-8888-exec-1] com.example.store.aspect.LogAspect       : 请求地址: http://localhost:8888/store/goods/hot
2026-05-25T01:43:19.236+08:00  INFO 28612 --- [store] [http-nio-8888-exec-8] com.example.store.aspect.LogAspect       : 请求地址: http://localhost:8888/store/user/info/c3d4587dcef6f7fc62cf35453516be76
2026-05-25T01:43:19.236+08:00  INFO 28612 --- [store] [http-nio-8888-exec-10] com.example.store.aspect.LogAspect       : 请求地址: http://localhost:8888/store/category/tree
2026-05-25T01:43:19.237+08:00  INFO 28612 --- [store] [http-nio-8888-exec-8] com.example.store.aspect.LogAspect       : 请求方式: GET
2026-05-25T01:43:19.236+08:00  INFO 28612 --- [store] [http-nio-8888-exec-5] com.example.store.aspect.LogAspect       : ============== AOP日志开始 ==============
2026-05-25T01:43:19.238+08:00  INFO 28612 --- [store] [http-nio-8888-exec-8] com.example.store.aspect.LogAspect       : 执行方法: com.example.store.controller.UserController.getUserInfo
2026-05-25T01:43:19.236+08:00  INFO 28612 --- [store] [http-nio-8888-exec-1] com.example.store.aspect.LogAspect       : 请求方式: GET
2026-05-25T01:43:19.237+08:00  INFO 28612 --- [store] [http-nio-8888-exec-10] com.example.store.aspect.LogAspect       : 请求方式: GET
2026-05-25T01:43:19.238+08:00  INFO 28612 --- [store] [http-nio-8888-exec-5] com.example.store.aspect.LogAspect       : 请求地址: http://localhost:8888/store/goods/list
2026-05-25T01:43:19.238+08:00  INFO 28612 --- [store] [http-nio-8888-exec-8] com.example.store.aspect.LogAspect       : 请求参数: [c3d4587dcef6f7fc62cf35453516be76]
2026-05-25T01:43:19.239+08:00  INFO 28612 --- [store] [http-nio-8888-exec-5] com.example.store.aspect.LogAspect       : 请求方式: GET
2026-05-25T01:43:19.238+08:00  INFO 28612 --- [store] [http-nio-8888-exec-1] com.example.store.aspect.LogAspect       : 执行方法: com.example.store.controller.GoodsController.hot
2026-05-25T01:43:19.238+08:00  INFO 28612 --- [store] [http-nio-8888-exec-10] com.example.store.aspect.LogAspect       : 执行方法: com.example.store.controller.CategoryController.getTree
2026-05-25T01:43:19.239+08:00  INFO 28612 --- [store] [http-nio-8888-exec-8] com.example.store.aspect.LogAspect       : ============== AOP日志结束 ==============
2026-05-25T01:43:19.239+08:00  INFO 28612 --- [store] [http-nio-8888-exec-10] com.example.store.aspect.LogAspect       : 请求参数: []
2026-05-25T01:43:19.239+08:00  INFO 28612 --- [store] [http-nio-8888-exec-5] com.example.store.aspect.LogAspect       : 执行方法: com.example.store.controller.GoodsController.list
2026-05-25T01:43:19.239+08:00  INFO 28612 --- [store] [http-nio-8888-exec-1] com.example.store.aspect.LogAspect       : 请求参数: []
2026-05-25T01:43:19.241+08:00  INFO 28612 --- [store] [http-nio-8888-exec-5] com.example.store.aspect.LogAspect       : 请求参数: [1, 10, null, null, null]
2026-05-25T01:43:19.240+08:00  INFO 28612 --- [store] [http-nio-8888-exec-10] com.example.store.aspect.LogAspect       : ============== AOP日志结束 ==============
2026-05-25T01:43:19.241+08:00  INFO 28612 --- [store] [http-nio-8888-exec-1] com.example.store.aspect.LogAspect       : ============== AOP日志结束 ==============
2026-05-25T01:43:19.241+08:00  INFO 28612 --- [store] [http-nio-8888-exec-5] com.example.store.aspect.LogAspect       : ============== AOP日志结束 ==============
2026-05-25T01:43:28.056+08:00  INFO 28612 --- [store] [http-nio-8888-exec-6] com.example.store.aspect.LogAspect       : ============== AOP日志开始 ==============
2026-05-25T01:43:28.057+08:00  INFO 28612 --- [store] [http-nio-8888-exec-6] com.example.store.aspect.LogAspect       : 请求地址: http://localhost:8888/store/user/info/c3d4587dcef6f7fc62cf35453516be76
2026-05-25T01:43:28.057+08:00  INFO 28612 --- [store] [http-nio-8888-exec-6] com.example.store.aspect.LogAspect       : 请求方式: GET
2026-05-25T01:43:28.058+08:00  INFO 28612 --- [store] [http-nio-8888-exec-6] com.example.store.aspect.LogAspect       : 执行方法: com.example.store.controller.UserController.getUserInfo
2026-05-25T01:43:28.058+08:00  INFO 28612 --- [store] [http-nio-8888-exec-6] com.example.store.aspect.LogAspect       : 请求参数: [c3d4587dcef6f7fc62cf35453516be76]
2026-05-25T01:43:28.059+08:00  INFO 28612 --- [store] [http-nio-8888-exec-6] com.example.store.aspect.LogAspect       : ============== AOP日志结束 ==============
2026-05-25T01:43:28.060+08:00  INFO 28612 --- [store] [http-nio-8888-exec-4] com.example.store.aspect.LogAspect       : ============== AOP日志开始 ==============
2026-05-25T01:43:28.060+08:00  INFO 28612 --- [store] [http-nio-8888-exec-3] com.example.store.aspect.LogAspect       : ============== AOP日志开始 ==============
2026-05-25T01:43:28.061+08:00  INFO 28612 --- [store] [http-nio-8888-exec-3] com.example.store.aspect.LogAspect       : 请求地址: http://localhost:8888/store/goods/detail/e501d78730372960957f6d9ca1ea7d52
2026-05-25T01:43:28.061+08:00  INFO 28612 --- [store] [http-nio-8888-exec-3] com.example.store.aspect.LogAspect       : 请求方式: GET
2026-05-25T01:43:28.061+08:00  INFO 28612 --- [store] [http-nio-8888-exec-3] com.example.store.aspect.LogAspect       : 执行方法: com.example.store.controller.GoodsController.detail
2026-05-25T01:43:28.060+08:00  INFO 28612 --- [store] [http-nio-8888-exec-4] com.example.store.aspect.LogAspect       : 请求地址: http://localhost:8888/store/review/stats/e501d78730372960957f6d9ca1ea7d52
2026-05-25T01:43:28.061+08:00  INFO 28612 --- [store] [http-nio-8888-exec-3] com.example.store.aspect.LogAspect       : 请求参数: [e501d78730372960957f6d9ca1ea7d52]
2026-05-25T01:43:28.061+08:00  INFO 28612 --- [store] [http-nio-8888-exec-4] com.example.store.aspect.LogAspect       : 请求方式: GET
2026-05-25T01:43:28.062+08:00  INFO 28612 --- [store] [http-nio-8888-exec-3] com.example.store.aspect.LogAspect       : ============== AOP日志结束 ==============
2026-05-25T01:43:28.062+08:00  INFO 28612 --- [store] [http-nio-8888-exec-4] com.example.store.aspect.LogAspect       : 执行方法: com.example.store.controller.ReviewController.getReviewStats
2026-05-25T01:43:28.062+08:00  INFO 28612 --- [store] [http-nio-8888-exec-4] com.example.store.aspect.LogAspect       : 请求参数: [e501d78730372960957f6d9ca1ea7d52]
2026-05-25T01:43:28.062+08:00  INFO 28612 --- [store] [http-nio-8888-exec-4] com.example.store.aspect.LogAspect       : ============== AOP日志结束 ==============
2026-05-25T01:43:28.079+08:00  INFO 28612 --- [store] [http-nio-8888-exec-8] com.example.store.aspect.LogAspect       : ============== AOP日志开始 ==============
2026-05-25T01:43:28.080+08:00  INFO 28612 --- [store] [http-nio-8888-exec-8] com.example.store.aspect.LogAspect       : 请求地址: http://localhost:8888/store/shop/detail/94998dace6defa3c1ea1b2f7a400019f
2026-05-25T01:43:28.080+08:00  INFO 28612 --- [store] [http-nio-8888-exec-8] com.example.store.aspect.LogAspect       : 请求方式: GET
2026-05-25T01:43:28.080+08:00  INFO 28612 --- [store] [http-nio-8888-exec-8] com.example.store.aspect.LogAspect       : 执行方法: com.example.store.controller.ShopController.detail
2026-05-25T01:43:28.080+08:00  INFO 28612 --- [store] [http-nio-8888-exec-8] com.example.store.aspect.LogAspect       : 请求参数: [94998dace6defa3c1ea1b2f7a400019f]
2026-05-25T01:43:28.080+08:00  INFO 28612 --- [store] [http-nio-8888-exec-8] com.example.store.aspect.LogAspect       : ============== AOP日志结束 ==============
2026-05-25T01:43:28.864+08:00  INFO 28612 --- [store] [http-nio-8888-exec-10] com.example.store.aspect.LogAspect       : ============== AOP日志开始 ==============
2026-05-25T01:43:28.865+08:00  INFO 28612 --- [store] [http-nio-8888-exec-10] com.example.store.aspect.LogAspect       : 请求地址: http://localhost:8888/store/review/list/e501d78730372960957f6d9ca1ea7d52
2026-05-25T01:43:28.865+08:00  INFO 28612 --- [store] [http-nio-8888-exec-10] com.example.store.aspect.LogAspect       : 请求方式: GET
2026-05-25T01:43:28.865+08:00  INFO 28612 --- [store] [http-nio-8888-exec-10] com.example.store.aspect.LogAspect       : 执行方法: com.example.store.controller.ReviewController.getReviewList
2026-05-25T01:43:28.866+08:00  INFO 28612 --- [store] [http-nio-8888-exec-10] com.example.store.aspect.LogAspect       : 请求参数: [e501d78730372960957f6d9ca1ea7d52, 1, 10, false]
2026-05-25T01:43:28.866+08:00  INFO 28612 --- [store] [http-nio-8888-exec-10] com.example.store.aspect.LogAspect       : ============== AOP日志结束 ==============
2026-05-25T01:43:32.737+08:00  INFO 28612 --- [store] [http-nio-8888-exec-5] com.example.store.aspect.LogAspect       : ============== AOP日志开始 ==============
2026-05-25T01:43:32.738+08:00  INFO 28612 --- [store] [http-nio-8888-exec-5] com.example.store.aspect.LogAspect       : 请求地址: http://localhost:8888/store/review/list/e501d78730372960957f6d9ca1ea7d52
2026-05-25T01:43:32.738+08:00  INFO 28612 --- [store] [http-nio-8888-exec-5] com.example.store.aspect.LogAspect       : 请求方式: GET
2026-05-25T01:43:32.738+08:00  INFO 28612 --- [store] [http-nio-8888-exec-5] com.example.store.aspect.LogAspect       : 执行方法: com.example.store.controller.ReviewController.getReviewList
2026-05-25T01:43:32.738+08:00  INFO 28612 --- [store] [http-nio-8888-exec-5] com.example.store.aspect.LogAspect       : 请求参数: [e501d78730372960957f6d9ca1ea7d52, 1, 10, false]
2026-05-25T01:43:32.738+08:00  INFO 28612 --- [store] [http-nio-8888-exec-5] com.example.store.aspect.LogAspect       : ============== AOP日志结束 ==============
2026-05-25T01:43:34.772+08:00  INFO 28612 --- [store] [http-nio-8888-exec-9] com.example.store.aspect.LogAspect       : ============== AOP日志开始 ==============
2026-05-25T01:43:34.772+08:00  INFO 28612 --- [store] [http-nio-8888-exec-3] com.example.store.aspect.LogAspect       : ============== AOP日志开始 ==============
2026-05-25T01:43:34.772+08:00  INFO 28612 --- [store] [http-nio-8888-exec-9] com.example.store.aspect.LogAspect       : 请求地址: http://localhost:8888/store/category/tree
2026-05-25T01:43:34.772+08:00  INFO 28612 --- [store] [http-nio-8888-exec-7] com.example.store.aspect.LogAspect       : ============== AOP日志开始 ==============
2026-05-25T01:43:34.772+08:00  INFO 28612 --- [store] [http-nio-8888-exec-3] com.example.store.aspect.LogAspect       : 请求地址: http://localhost:8888/store/goods/hot
2026-05-25T01:43:34.772+08:00  INFO 28612 --- [store] [http-nio-8888-exec-9] com.example.store.aspect.LogAspect       : 请求方式: GET
2026-05-25T01:43:34.772+08:00  INFO 28612 --- [store] [http-nio-8888-exec-7] com.example.store.aspect.LogAspect       : 请求地址: http://localhost:8888/store/user/info/c3d4587dcef6f7fc62cf35453516be76
2026-05-25T01:43:34.772+08:00  INFO 28612 --- [store] [http-nio-8888-exec-3] com.example.store.aspect.LogAspect       : 请求方式: GET
2026-05-25T01:43:34.773+08:00  INFO 28612 --- [store] [http-nio-8888-exec-7] com.example.store.aspect.LogAspect       : 请求方式: GET
2026-05-25T01:43:34.772+08:00  INFO 28612 --- [store] [http-nio-8888-exec-9] com.example.store.aspect.LogAspect       : 执行方法: com.example.store.controller.CategoryController.getTree
2026-05-25T01:43:34.773+08:00  INFO 28612 --- [store] [http-nio-8888-exec-3] com.example.store.aspect.LogAspect       : 执行方法: com.example.store.controller.GoodsController.hot
2026-05-25T01:43:34.773+08:00  INFO 28612 --- [store] [http-nio-8888-exec-7] com.example.store.aspect.LogAspect       : 执行方法: com.example.store.controller.UserController.getUserInfo
2026-05-25T01:43:34.773+08:00  INFO 28612 --- [store] [http-nio-8888-exec-3] com.example.store.aspect.LogAspect       : 请求参数: []
2026-05-25T01:43:34.773+08:00  INFO 28612 --- [store] [http-nio-8888-exec-7] com.example.store.aspect.LogAspect       : 请求参数: [c3d4587dcef6f7fc62cf35453516be76]
2026-05-25T01:43:34.773+08:00  INFO 28612 --- [store] [http-nio-8888-exec-9] com.example.store.aspect.LogAspect       : 请求参数: []
2026-05-25T01:43:34.773+08:00  INFO 28612 --- [store] [http-nio-8888-exec-3] com.example.store.aspect.LogAspect       : ============== AOP日志结束 ==============
2026-05-25T01:43:34.774+08:00  INFO 28612 --- [store] [http-nio-8888-exec-7] com.example.store.aspect.LogAspect       : ============== AOP日志结束 ==============
2026-05-25T01:43:34.774+08:00  INFO 28612 --- [store] [http-nio-8888-exec-6] com.example.store.aspect.LogAspect       : ============== AOP日志开始 ==============
2026-05-25T01:43:34.774+08:00  INFO 28612 --- [store] [http-nio-8888-exec-6] com.example.store.aspect.LogAspect       : 请求地址: http://localhost:8888/store/goods/list
2026-05-25T01:43:34.775+08:00  INFO 28612 --- [store] [http-nio-8888-exec-6] com.example.store.aspect.LogAspect       : 请求方式: GET
2026-05-25T01:43:34.774+08:00  INFO 28612 --- [store] [http-nio-8888-exec-9] com.example.store.aspect.LogAspect       : ============== AOP日志结束 ==============
2026-05-25T01:43:34.775+08:00  INFO 28612 --- [store] [http-nio-8888-exec-6] com.example.store.aspect.LogAspect       : 执行方法: com.example.store.controller.GoodsController.list
2026-05-25T01:43:34.776+08:00  INFO 28612 --- [store] [http-nio-8888-exec-6] com.example.store.aspect.LogAspect       : 请求参数: [1, 10, null, null, null]
2026-05-25T01:43:34.781+08:00  INFO 28612 --- [store] [http-nio-8888-exec-6] com.example.store.aspect.LogAspect       : ============== AOP日志结束 ==============
2026-05-25T01:44:05.766+08:00  INFO 28612 --- [store] [http-nio-8888-exec-3] com.example.store.aspect.LogAspect       : ============== AOP日志开始 ==============
2026-05-25T01:44:05.768+08:00  INFO 28612 --- [store] [http-nio-8888-exec-3] com.example.store.aspect.LogAspect       : 请求地址: http://localhost:8888/store/user/logout
2026-05-25T01:44:05.768+08:00  INFO 28612 --- [store] [http-nio-8888-exec-3] com.example.store.aspect.LogAspect       : 请求方式: POST
2026-05-25T01:44:05.768+08:00  INFO 28612 --- [store] [http-nio-8888-exec-3] com.example.store.aspect.LogAspect       : 执行方法: com.example.store.controller.UserController.logout
2026-05-25T01:44:05.769+08:00  INFO 28612 --- [store] [http-nio-8888-exec-3] com.example.store.aspect.LogAspect       : 请求参数: [eyJhbGciOiJIUzM4NCJ9.eyJqdGkiOiJhNmFjYTA0My0xYWY4LTQwYTQtOWNkMC1jZGFhM2MwMzkzNjMiLCJzdWIiOiJjM2Q0NTg3ZGNlZjZmN2ZjNjJjZjM1NDUzNTE2YmU3NiIsInR5cGUiOjMsImlhdCI6MTc3OTY0NDQ2MSwiZXhwIjoxNzc5NjQ2MjYxfQ.SYgFF67akQoAgZZkWNx50qlSUptc0uwP2JHrhIPgtRoXgyjG4SizGTP_mR9X9Rew]
2026-05-25T01:44:05.769+08:00  INFO 28612 --- [store] [http-nio-8888-exec-3] com.example.store.aspect.LogAspect       : ============== AOP日志结束 ==============
2026-05-25T01:44:05.801+08:00  INFO 28612 --- [store] [http-nio-8888-exec-6] com.example.store.aspect.LogAspect       : ============== AOP日志开始 ==============
2026-05-25T01:44:05.801+08:00  INFO 28612 --- [store] [http-nio-8888-exec-6] com.example.store.aspect.LogAspect       : 请求地址: http://localhost:8888/store/user/captcha
2026-05-25T01:44:05.801+08:00  INFO 28612 --- [store] [http-nio-8888-exec-6] com.example.store.aspect.LogAspect       : 请求方式: GET
2026-05-25T01:44:05.801+08:00  INFO 28612 --- [store] [http-nio-8888-exec-6] com.example.store.aspect.LogAspect       : 执行方法: com.example.store.controller.UserController.getCaptcha
2026-05-25T01:44:05.801+08:00  INFO 28612 --- [store] [http-nio-8888-exec-6] com.example.store.aspect.LogAspect       : 请求参数: []
2026-05-25T01:44:05.804+08:00  INFO 28612 --- [store] [http-nio-8888-exec-6] com.example.store.aspect.LogAspect       : ============== AOP日志结束 ==============
2026-05-25T01:44:16.890+08:00  INFO 28612 --- [store] [http-nio-8888-exec-2] com.example.store.aspect.LogAspect       : ============== AOP日志开始 ==============
2026-05-25T01:44:16.890+08:00  INFO 28612 --- [store] [http-nio-8888-exec-2] com.example.store.aspect.LogAspect       : 请求地址: http://localhost:8888/store/user/login
2026-05-25T01:44:16.893+08:00  INFO 28612 --- [store] [http-nio-8888-exec-2] com.example.store.aspect.LogAspect       : 请求方式: POST
2026-05-25T01:44:16.893+08:00  INFO 28612 --- [store] [http-nio-8888-exec-2] com.example.store.aspect.LogAspect       : 执行方法: com.example.store.controller.UserController.login
2026-05-25T01:44:16.893+08:00  INFO 28612 --- [store] [http-nio-8888-exec-2] com.example.store.aspect.LogAspect       : 请求参数: [LoginDTO(username=qq, password=123456, code=k94v, uuid=45489bb4-f9e1-413c-b77b-e08c56ba9db9)]
2026-05-25T01:44:16.895+08:00  INFO 28612 --- [store] [http-nio-8888-exec-2] com.example.store.aspect.LogAspect       : ============== AOP日志结束 ==============
2026-05-25T01:44:17.001+08:00  INFO 28612 --- [store] [http-nio-8888-exec-8] com.example.store.aspect.LogAspect       : ============== AOP日志开始 ==============
2026-05-25T01:44:17.002+08:00  INFO 28612 --- [store] [http-nio-8888-exec-8] com.example.store.aspect.LogAspect       : 请求地址: http://localhost:8888/store/shop/my
2026-05-25T01:44:17.002+08:00  INFO 28612 --- [store] [http-nio-8888-exec-8] com.example.store.aspect.LogAspect       : 请求方式: GET
2026-05-25T01:44:17.002+08:00  INFO 28612 --- [store] [http-nio-8888-exec-8] com.example.store.aspect.LogAspect       : 执行方法: com.example.store.controller.ShopController.myShops
2026-05-25T01:44:17.002+08:00  INFO 28612 --- [store] [http-nio-8888-exec-8] com.example.store.aspect.LogAspect       : 请求参数: [1, 10, null]
2026-05-25T01:44:17.002+08:00  INFO 28612 --- [store] [http-nio-8888-exec-8] com.example.store.aspect.LogAspect       : ============== AOP日志结束 ==============
2026-05-25T01:44:18.502+08:00  INFO 28612 --- [store] [http-nio-8888-exec-7] com.example.store.aspect.LogAspect       : ============== AOP日志开始 ==============
2026-05-25T01:44:18.503+08:00  INFO 28612 --- [store] [http-nio-8888-exec-7] com.example.store.aspect.LogAspect       : 请求地址: http://localhost:8888/store/category/tree
2026-05-25T01:44:18.504+08:00  INFO 28612 --- [store] [http-nio-8888-exec-7] com.example.store.aspect.LogAspect       : 请求方式: GET
2026-05-25T01:44:18.504+08:00  INFO 28612 --- [store] [http-nio-8888-exec-7] com.example.store.aspect.LogAspect       : 执行方法: com.example.store.controller.CategoryController.getTree
2026-05-25T01:44:18.504+08:00  INFO 28612 --- [store] [http-nio-8888-exec-7] com.example.store.aspect.LogAspect       : 请求参数: []
2026-05-25T01:44:18.505+08:00  INFO 28612 --- [store] [http-nio-8888-exec-7] com.example.store.aspect.LogAspect       : ============== AOP日志结束 ==============
2026-05-25T01:44:18.506+08:00  INFO 28612 --- [store] [http-nio-8888-exec-10] com.example.store.aspect.LogAspect       : ============== AOP日志开始 ==============
2026-05-25T01:44:18.506+08:00  INFO 28612 --- [store] [http-nio-8888-exec-10] com.example.store.aspect.LogAspect       : 请求地址: http://localhost:8888/store/shop/my
2026-05-25T01:44:18.507+08:00  INFO 28612 --- [store] [http-nio-8888-exec-10] com.example.store.aspect.LogAspect       : 请求方式: GET
2026-05-25T01:44:18.507+08:00  INFO 28612 --- [store] [http-nio-8888-exec-10] com.example.store.aspect.LogAspect       : 执行方法: com.example.store.controller.ShopController.myShops
2026-05-25T01:44:18.508+08:00  INFO 28612 --- [store] [http-nio-8888-exec-10] com.example.store.aspect.LogAspect       : 请求参数: [1, 100, null]
2026-05-25T01:44:18.508+08:00  INFO 28612 --- [store] [http-nio-8888-exec-10] com.example.store.aspect.LogAspect       : ============== AOP日志结束 ==============
2026-05-25T01:44:18.544+08:00  INFO 28612 --- [store] [http-nio-8888-exec-9] com.example.store.aspect.LogAspect       : ============== AOP日志开始 ==============
2026-05-25T01:44:18.545+08:00  INFO 28612 --- [store] [http-nio-8888-exec-9] com.example.store.aspect.LogAspect       : 请求地址: http://localhost:8888/store/goods/my
2026-05-25T01:44:18.545+08:00  INFO 28612 --- [store] [http-nio-8888-exec-9] com.example.store.aspect.LogAspect       : 请求方式: GET
2026-05-25T01:44:18.545+08:00  INFO 28612 --- [store] [http-nio-8888-exec-9] com.example.store.aspect.LogAspect       : 执行方法: com.example.store.controller.GoodsController.myGoods
2026-05-25T01:44:18.545+08:00  INFO 28612 --- [store] [http-nio-8888-exec-9] com.example.store.aspect.LogAspect       : 请求参数: [1, 10, , ]
2026-05-25T01:44:18.546+08:00  INFO 28612 --- [store] [http-nio-8888-exec-9] com.example.store.aspect.LogAspect       : ============== AOP日志结束 ==============
2026-05-25T01:44:19.504+08:00  INFO 28612 --- [store] [http-nio-8888-exec-6] com.example.store.aspect.LogAspect       : ============== AOP日志开始 ==============
2026-05-25T01:44:19.505+08:00  INFO 28612 --- [store] [http-nio-8888-exec-6] com.example.store.aspect.LogAspect       : 请求地址: http://localhost:8888/store/order/shop/list
2026-05-25T01:44:19.506+08:00  INFO 28612 --- [store] [http-nio-8888-exec-6] com.example.store.aspect.LogAspect       : 请求方式: GET
2026-05-25T01:44:19.506+08:00  INFO 28612 --- [store] [http-nio-8888-exec-6] com.example.store.aspect.LogAspect       : 执行方法: com.example.store.controller.OrderController.shopOrderList
2026-05-25T01:44:19.506+08:00  INFO 28612 --- [store] [http-nio-8888-exec-6] com.example.store.aspect.LogAspect       : 请求参数: [1, 10, null]
2026-05-25T01:44:19.507+08:00  INFO 28612 --- [store] [http-nio-8888-exec-6] com.example.store.aspect.LogAspect       : ============== AOP日志结束 ==============
2026-05-25T01:44:21.718+08:00  INFO 28612 --- [store] [http-nio-8888-exec-2] com.example.store.aspect.LogAspect       : ============== AOP日志开始 ==============
2026-05-25T01:44:21.718+08:00  INFO 28612 --- [store] [http-nio-8888-exec-2] com.example.store.aspect.LogAspect       : 请求地址: http://localhost:8888/store/user/logout
2026-05-25T01:44:21.719+08:00  INFO 28612 --- [store] [http-nio-8888-exec-2] com.example.store.aspect.LogAspect       : 请求方式: POST
2026-05-25T01:44:21.719+08:00  INFO 28612 --- [store] [http-nio-8888-exec-2] com.example.store.aspect.LogAspect       : 执行方法: com.example.store.controller.UserController.logout
2026-05-25T01:44:21.719+08:00  INFO 28612 --- [store] [http-nio-8888-exec-2] com.example.store.aspect.LogAspect       : 请求参数: [eyJhbGciOiJIUzM4NCJ9.eyJqdGkiOiJiMmRjYmMzYy1hZGY2LTQ4NDQtOTU1ZC1kNDliNGU1N2NiOTEiLCJzdWIiOiIwODE4ZjRhNjA3NDdjMmU4ZTc3ZTg1YzhlMDEyZDdlYSIsInR5cGUiOjIsImlhdCI6MTc3OTY0NDY1NiwiZXhwIjoxNzc5NjQ2NDU2fQ.bCu-I-rBCxZGr9OKPnMg09P01Ohmn4yNh0MD7Iv6EQG3rXdRT-NQXite0MwRaOG8]
2026-05-25T01:44:21.719+08:00  INFO 28612 --- [store] [http-nio-8888-exec-2] com.example.store.aspect.LogAspect       : ============== AOP日志结束 ==============
2026-05-25T01:44:21.744+08:00  INFO 28612 --- [store] [http-nio-8888-exec-4] com.example.store.aspect.LogAspect       : ============== AOP日志开始 ==============
2026-05-25T01:44:21.744+08:00  INFO 28612 --- [store] [http-nio-8888-exec-4] com.example.store.aspect.LogAspect       : 请求地址: http://localhost:8888/store/user/captcha
2026-05-25T01:44:21.745+08:00  INFO 28612 --- [store] [http-nio-8888-exec-4] com.example.store.aspect.LogAspect       : 请求方式: GET
2026-05-25T01:44:21.745+08:00  INFO 28612 --- [store] [http-nio-8888-exec-4] com.example.store.aspect.LogAspect       : 执行方法: com.example.store.controller.UserController.getCaptcha
2026-05-25T01:44:21.746+08:00  INFO 28612 --- [store] [http-nio-8888-exec-4] com.example.store.aspect.LogAspect       : 请求参数: []
2026-05-25T01:44:21.746+08:00  INFO 28612 --- [store] [http-nio-8888-exec-4] com.example.store.aspect.LogAspect       : ============== AOP日志结束 ==============
2026-05-25T01:44:36.109+08:00  INFO 28612 --- [store] [http-nio-8888-exec-7] com.example.store.aspect.LogAspect       : ============== AOP日志开始 ==============
2026-05-25T01:44:36.109+08:00  INFO 28612 --- [store] [http-nio-8888-exec-7] com.example.store.aspect.LogAspect       : 请求地址: http://localhost:8888/store/user/login
2026-05-25T01:44:36.109+08:00  INFO 28612 --- [store] [http-nio-8888-exec-7] com.example.store.aspect.LogAspect       : 请求方式: POST
2026-05-25T01:44:36.109+08:00  INFO 28612 --- [store] [http-nio-8888-exec-7] com.example.store.aspect.LogAspect       : 执行方法: com.example.store.controller.UserController.login
2026-05-25T01:44:36.109+08:00  INFO 28612 --- [store] [http-nio-8888-exec-7] com.example.store.aspect.LogAspect       : 请求参数: [LoginDTO(username=kk, password=123456, code=171c, uuid=faa41c59-5143-4ffd-9d52-0c7e4ad460ba)]
2026-05-25T01:44:36.109+08:00  INFO 28612 --- [store] [http-nio-8888-exec-7] com.example.store.aspect.LogAspect       : ============== AOP日志结束 ==============
2026-05-25T01:44:36.184+08:00  INFO 28612 --- [store] [http-nio-8888-exec-10] com.example.store.aspect.LogAspect       : ============== AOP日志开始 ==============
2026-05-25T01:44:36.185+08:00  INFO 28612 --- [store] [http-nio-8888-exec-10] com.example.store.aspect.LogAspect       : 请求地址: http://localhost:8888/store/shop/my
2026-05-25T01:44:36.185+08:00  INFO 28612 --- [store] [http-nio-8888-exec-10] com.example.store.aspect.LogAspect       : 请求方式: GET
2026-05-25T01:44:36.185+08:00  INFO 28612 --- [store] [http-nio-8888-exec-10] com.example.store.aspect.LogAspect       : 执行方法: com.example.store.controller.ShopController.myShops
2026-05-25T01:44:36.185+08:00  INFO 28612 --- [store] [http-nio-8888-exec-10] com.example.store.aspect.LogAspect       : 请求参数: [1, 10, null]
2026-05-25T01:44:36.185+08:00  INFO 28612 --- [store] [http-nio-8888-exec-10] com.example.store.aspect.LogAspect       : ============== AOP日志结束 ==============
2026-05-25T01:44:40.822+08:00  INFO 28612 --- [store] [http-nio-8888-exec-9] com.example.store.aspect.LogAspect       : ============== AOP日志开始 ==============
2026-05-25T01:44:40.823+08:00  INFO 28612 --- [store] [http-nio-8888-exec-5] com.example.store.aspect.LogAspect       : ============== AOP日志开始 ==============
2026-05-25T01:44:40.823+08:00  INFO 28612 --- [store] [http-nio-8888-exec-9] com.example.store.aspect.LogAspect       : 请求地址: http://localhost:8888/store/category/tree
2026-05-25T01:44:40.823+08:00  INFO 28612 --- [store] [http-nio-8888-exec-5] com.example.store.aspect.LogAspect       : 请求地址: http://localhost:8888/store/shop/my
2026-05-25T01:44:40.823+08:00  INFO 28612 --- [store] [http-nio-8888-exec-9] com.example.store.aspect.LogAspect       : 请求方式: GET
2026-05-25T01:44:40.823+08:00  INFO 28612 --- [store] [http-nio-8888-exec-5] com.example.store.aspect.LogAspect       : 请求方式: GET
2026-05-25T01:44:40.825+08:00  INFO 28612 --- [store] [http-nio-8888-exec-9] com.example.store.aspect.LogAspect       : 执行方法: com.example.store.controller.CategoryController.getTree
2026-05-25T01:44:40.825+08:00  INFO 28612 --- [store] [http-nio-8888-exec-5] com.example.store.aspect.LogAspect       : 执行方法: com.example.store.controller.ShopController.myShops
2026-05-25T01:44:40.825+08:00  INFO 28612 --- [store] [http-nio-8888-exec-9] com.example.store.aspect.LogAspect       : 请求参数: []
2026-05-25T01:44:40.825+08:00  INFO 28612 --- [store] [http-nio-8888-exec-5] com.example.store.aspect.LogAspect       : 请求参数: [1, 100, null]
2026-05-25T01:44:40.825+08:00  INFO 28612 --- [store] [http-nio-8888-exec-9] com.example.store.aspect.LogAspect       : ============== AOP日志结束 ==============
2026-05-25T01:44:40.827+08:00  INFO 28612 --- [store] [http-nio-8888-exec-5] com.example.store.aspect.LogAspect       : ============== AOP日志结束 ==============
2026-05-25T01:44:40.907+08:00  INFO 28612 --- [store] [http-nio-8888-exec-3] com.example.store.aspect.LogAspect       : ============== AOP日志开始 ==============
2026-05-25T01:44:40.907+08:00  INFO 28612 --- [store] [http-nio-8888-exec-3] com.example.store.aspect.LogAspect       : 请求地址: http://localhost:8888/store/goods/my
2026-05-25T01:44:40.908+08:00  INFO 28612 --- [store] [http-nio-8888-exec-3] com.example.store.aspect.LogAspect       : 请求方式: GET
2026-05-25T01:44:40.909+08:00  INFO 28612 --- [store] [http-nio-8888-exec-3] com.example.store.aspect.LogAspect       : 执行方法: com.example.store.controller.GoodsController.myGoods
2026-05-25T01:44:40.909+08:00  INFO 28612 --- [store] [http-nio-8888-exec-3] com.example.store.aspect.LogAspect       : 请求参数: [1, 10, , ]
2026-05-25T01:44:40.909+08:00  INFO 28612 --- [store] [http-nio-8888-exec-3] com.example.store.aspect.LogAspect       : ============== AOP日志结束 ==============
2026-05-25T01:44:49.793+08:00  INFO 28612 --- [store] [http-nio-8888-exec-9] com.example.store.aspect.LogAspect       : ============== AOP日志开始 ==============
2026-05-25T01:44:49.793+08:00  INFO 28612 --- [store] [http-nio-8888-exec-9] com.example.store.aspect.LogAspect       : 请求地址: http://localhost:8888/store/shop/my
2026-05-25T01:44:49.793+08:00  INFO 28612 --- [store] [http-nio-8888-exec-9] com.example.store.aspect.LogAspect       : 请求方式: GET
2026-05-25T01:44:49.794+08:00  INFO 28612 --- [store] [http-nio-8888-exec-9] com.example.store.aspect.LogAspect       : 执行方法: com.example.store.controller.ShopController.myShops
2026-05-25T01:44:49.794+08:00  INFO 28612 --- [store] [http-nio-8888-exec-9] com.example.store.aspect.LogAspect       : 请求参数: [1, 10, null]
2026-05-25T01:44:49.794+08:00  INFO 28612 --- [store] [http-nio-8888-exec-9] com.example.store.aspect.LogAspect       : ============== AOP日志结束 ==============
2026-05-25T01:44:50.770+08:00  INFO 28612 --- [store] [http-nio-8888-exec-3] com.example.store.aspect.LogAspect       : ============== AOP日志开始 ==============
2026-05-25T01:44:50.770+08:00  INFO 28612 --- [store] [http-nio-8888-exec-3] com.example.store.aspect.LogAspect       : 请求地址: http://localhost:8888/store/category/tree
2026-05-25T01:44:50.770+08:00  INFO 28612 --- [store] [http-nio-8888-exec-5] com.example.store.aspect.LogAspect       : ============== AOP日志开始 ==============
2026-05-25T01:44:50.770+08:00  INFO 28612 --- [store] [http-nio-8888-exec-3] com.example.store.aspect.LogAspect       : 请求方式: GET
2026-05-25T01:44:50.770+08:00  INFO 28612 --- [store] [http-nio-8888-exec-5] com.example.store.aspect.LogAspect       : 请求地址: http://localhost:8888/store/shop/my
2026-05-25T01:44:50.770+08:00  INFO 28612 --- [store] [http-nio-8888-exec-3] com.example.store.aspect.LogAspect       : 执行方法: com.example.store.controller.CategoryController.getTree
2026-05-25T01:44:50.773+08:00  INFO 28612 --- [store] [http-nio-8888-exec-5] com.example.store.aspect.LogAspect       : 请求方式: GET
2026-05-25T01:44:50.773+08:00  INFO 28612 --- [store] [http-nio-8888-exec-3] com.example.store.aspect.LogAspect       : 请求参数: []
2026-05-25T01:44:50.773+08:00  INFO 28612 --- [store] [http-nio-8888-exec-5] com.example.store.aspect.LogAspect       : 执行方法: com.example.store.controller.ShopController.myShops
2026-05-25T01:44:50.773+08:00  INFO 28612 --- [store] [http-nio-8888-exec-3] com.example.store.aspect.LogAspect       : ============== AOP日志结束 ==============
2026-05-25T01:44:50.773+08:00  INFO 28612 --- [store] [http-nio-8888-exec-5] com.example.store.aspect.LogAspect       : 请求参数: [1, 100, null]
2026-05-25T01:44:50.773+08:00  INFO 28612 --- [store] [http-nio-8888-exec-5] com.example.store.aspect.LogAspect       : ============== AOP日志结束 ==============
2026-05-25T01:44:50.803+08:00  INFO 28612 --- [store] [http-nio-8888-exec-6] com.example.store.aspect.LogAspect       : ============== AOP日志开始 ==============
2026-05-25T01:44:50.803+08:00  INFO 28612 --- [store] [http-nio-8888-exec-6] com.example.store.aspect.LogAspect       : 请求地址: http://localhost:8888/store/goods/my
2026-05-25T01:44:50.803+08:00  INFO 28612 --- [store] [http-nio-8888-exec-6] com.example.store.aspect.LogAspect       : 请求方式: GET
2026-05-25T01:44:50.804+08:00  INFO 28612 --- [store] [http-nio-8888-exec-6] com.example.store.aspect.LogAspect       : 执行方法: com.example.store.controller.GoodsController.myGoods
2026-05-25T01:44:50.804+08:00  INFO 28612 --- [store] [http-nio-8888-exec-6] com.example.store.aspect.LogAspect       : 请求参数: [1, 10, , ]
2026-05-25T01:44:50.804+08:00  INFO 28612 --- [store] [http-nio-8888-exec-6] com.example.store.aspect.LogAspect       : ============== AOP日志结束 ==============
2026-05-25T01:44:51.846+08:00  INFO 28612 --- [store] [http-nio-8888-exec-4] com.example.store.aspect.LogAspect       : ============== AOP日志开始 ==============
2026-05-25T01:44:51.846+08:00  INFO 28612 --- [store] [http-nio-8888-exec-4] com.example.store.aspect.LogAspect       : 请求地址: http://localhost:8888/store/goods/my
2026-05-25T01:44:51.846+08:00  INFO 28612 --- [store] [http-nio-8888-exec-4] com.example.store.aspect.LogAspect       : 请求方式: GET
2026-05-25T01:44:51.847+08:00  INFO 28612 --- [store] [http-nio-8888-exec-4] com.example.store.aspect.LogAspect       : 执行方法: com.example.store.controller.GoodsController.myGoods
2026-05-25T01:44:51.847+08:00  INFO 28612 --- [store] [http-nio-8888-exec-4] com.example.store.aspect.LogAspect       : 请求参数: [2, 10, , ]
2026-05-25T01:44:51.847+08:00  INFO 28612 --- [store] [http-nio-8888-exec-4] com.example.store.aspect.LogAspect       : ============== AOP日志结束 ==============
2026-05-25T01:44:54.126+08:00  INFO 28612 --- [store] [http-nio-8888-exec-7] com.example.store.aspect.LogAspect       : ============== AOP日志开始 ==============
2026-05-25T01:44:54.127+08:00  INFO 28612 --- [store] [http-nio-8888-exec-7] com.example.store.aspect.LogAspect       : 请求地址: http://localhost:8888/store/review/list/27d83564a605736d828c7cd7a4ee5256
2026-05-25T01:44:54.129+08:00  INFO 28612 --- [store] [http-nio-8888-exec-7] com.example.store.aspect.LogAspect       : 请求方式: GET
2026-05-25T01:44:54.129+08:00  INFO 28612 --- [store] [http-nio-8888-exec-7] com.example.store.aspect.LogAspect       : 执行方法: com.example.store.controller.ReviewController.getReviewList
2026-05-25T01:44:54.130+08:00  INFO 28612 --- [store] [http-nio-8888-exec-7] com.example.store.aspect.LogAspect       : 请求参数: [27d83564a605736d828c7cd7a4ee5256, 1, 10, null]
2026-05-25T01:44:54.130+08:00  INFO 28612 --- [store] [http-nio-8888-exec-7] com.example.store.aspect.LogAspect       : ============== AOP日志结束 ==============
2026-05-25T01:45:46.423+08:00  INFO 28612 --- [store] [http-nio-8888-exec-4] com.example.store.aspect.LogAspect       : ============== AOP日志开始 ==============
2026-05-25T01:45:46.424+08:00  INFO 28612 --- [store] [http-nio-8888-exec-4] com.example.store.aspect.LogAspect       : 请求地址: http://localhost:8888/store/review/merchant/reply
2026-05-25T01:45:46.424+08:00  INFO 28612 --- [store] [http-nio-8888-exec-4] com.example.store.aspect.LogAspect       : 请求方式: POST
2026-05-25T01:45:46.424+08:00  INFO 28612 --- [store] [http-nio-8888-exec-4] com.example.store.aspect.LogAspect       : 执行方法: com.example.store.controller.ReviewController.merchantReply
2026-05-25T01:45:46.425+08:00  INFO 28612 --- [store] [http-nio-8888-exec-4] com.example.store.aspect.LogAspect       : 请求参数: [MerchantReplyDTO(reviewId=575be180b322f4ddd3600c098fd67c25, content=亲！感谢您的评价，希望下次能给你带来更好的体验！)]
2026-05-25T01:45:46.425+08:00  INFO 28612 --- [store] [http-nio-8888-exec-4] com.example.store.aspect.LogAspect       : ============== AOP日志结束 ==============
2026-05-25T01:45:46.445+08:00 ERROR 28612 --- [store] [http-nio-8888-exec-4] o.a.c.c.C.[.[.[.[dispatcherServlet]      : Servlet.service() for servlet [dispatcherServlet] in context with path [/store] threw exception [Request processing failed: org.apache.ibatis.exceptions.TooManyResultsException: Expected one result (or null) to be returned by selectOne(), but found: 7] with root cause

org.apache.ibatis.exceptions.TooManyResultsException: Expected one result (or null) to be returned by selectOne(), but found: 7
	at com.baomidou.mybatisplus.core.mapper.BaseMapper.selectOne(BaseMapper.java:229) ~[mybatis-plus-core-3.5.6.jar:3.5.6]
	at java.base/java.lang.invoke.MethodHandle.invokeWithArguments(MethodHandle.java:735) ~[na:na]
	at com.baomidou.mybatisplus.core.override.MybatisMapperProxy$DefaultMethodInvoker.invoke(MybatisMapperProxy.java:163) ~[mybatis-plus-core-3.5.6.jar:3.5.6]
	at com.baomidou.mybatisplus.core.override.MybatisMapperProxy.invoke(MybatisMapperProxy.java:90) ~[mybatis-plus-core-3.5.6.jar:3.5.6]
	at jdk.proxy2/jdk.proxy2.$Proxy121.selectOne(Unknown Source) ~[na:na]
	at com.baomidou.mybatisplus.core.mapper.BaseMapper.selectOne(BaseMapper.java:212) ~[mybatis-plus-core-3.5.6.jar:3.5.6]
	at java.base/java.lang.invoke.MethodHandle.invokeWithArguments(MethodHandle.java:735) ~[na:na]
	at com.baomidou.mybatisplus.core.override.MybatisMapperProxy$DefaultMethodInvoker.invoke(MybatisMapperProxy.java:163) ~[mybatis-plus-core-3.5.6.jar:3.5.6]
	at com.baomidou.mybatisplus.core.override.MybatisMapperProxy.invoke(MybatisMapperProxy.java:90) ~[mybatis-plus-core-3.5.6.jar:3.5.6]
	at jdk.proxy2/jdk.proxy2.$Proxy121.selectOne(Unknown Source) ~[na:na]
	at com.example.store.service.impl.ReviewServiceImpl.merchantReply(ReviewServiceImpl.java:164) ~[classes/:na]
	at java.base/jdk.internal.reflect.DirectMethodHandleAccessor.invoke(DirectMethodHandleAccessor.java:103) ~[na:na]
	at java.base/java.lang.reflect.Method.invoke(Method.java:580) ~[na:na]
	at org.springframework.aop.support.AopUtils.invokeJoinpointUsingReflection(AopUtils.java:355) ~[spring-aop-6.1.19.jar:6.1.19]
	at org.springframework.aop.framework.ReflectiveMethodInvocation.invokeJoinpoint(ReflectiveMethodInvocation.java:196) ~[spring-aop-6.1.19.jar:6.1.19]
	at org.springframework.aop.framework.ReflectiveMethodInvocation.proceed(ReflectiveMethodInvocation.java:163) ~[spring-aop-6.1.19.jar:6.1.19]
	at org.springframework.aop.framework.CglibAopProxy$CglibMethodInvocation.proceed(CglibAopProxy.java:769) ~[spring-aop-6.1.19.jar:6.1.19]
	at org.springframework.transaction.interceptor.TransactionAspectSupport.invokeWithinTransaction(TransactionAspectSupport.java:379) ~[spring-tx-6.1.19.jar:6.1.19]
	at org.springframework.transaction.interceptor.TransactionInterceptor.invoke(TransactionInterceptor.java:119) ~[spring-tx-6.1.19.jar:6.1.19]
	at org.springframework.aop.framework.ReflectiveMethodInvocation.proceed(ReflectiveMethodInvocation.java:184) ~[spring-aop-6.1.19.jar:6.1.19]
	at org.springframework.aop.framework.CglibAopProxy$CglibMethodInvocation.proceed(CglibAopProxy.java:769) ~[spring-aop-6.1.19.jar:6.1.19]
	at org.springframework.aop.framework.CglibAopProxy$DynamicAdvisedInterceptor.intercept(CglibAopProxy.java:721) ~[spring-aop-6.1.19.jar:6.1.19]
	at com.example.store.service.impl.ReviewServiceImpl$$SpringCGLIB$$0.merchantReply(<generated>) ~[classes/:na]
	at com.example.store.controller.ReviewController.merchantReply(ReviewController.java:75) ~[classes/:na]
	at java.base/jdk.internal.reflect.DirectMethodHandleAccessor.invoke(DirectMethodHandleAccessor.java:103) ~[na:na]
	at java.base/java.lang.reflect.Method.invoke(Method.java:580) ~[na:na]
	at org.springframework.aop.support.AopUtils.invokeJoinpointUsingReflection(AopUtils.java:355) ~[spring-aop-6.1.19.jar:6.1.19]
	at org.springframework.aop.framework.ReflectiveMethodInvocation.invokeJoinpoint(ReflectiveMethodInvocation.java:196) ~[spring-aop-6.1.19.jar:6.1.19]
	at org.springframework.aop.framework.ReflectiveMethodInvocation.proceed(ReflectiveMethodInvocation.java:163) ~[spring-aop-6.1.19.jar:6.1.19]
	at org.springframework.aop.framework.CglibAopProxy$CglibMethodInvocation.proceed(CglibAopProxy.java:769) ~[spring-aop-6.1.19.jar:6.1.19]
	at org.springframework.aop.framework.adapter.MethodBeforeAdviceInterceptor.invoke(MethodBeforeAdviceInterceptor.java:58) ~[spring-aop-6.1.19.jar:6.1.19]
	at org.springframework.aop.framework.ReflectiveMethodInvocation.proceed(ReflectiveMethodInvocation.java:184) ~[spring-aop-6.1.19.jar:6.1.19]
	at org.springframework.aop.framework.CglibAopProxy$CglibMethodInvocation.proceed(CglibAopProxy.java:769) ~[spring-aop-6.1.19.jar:6.1.19]
	at org.springframework.aop.interceptor.ExposeInvocationInterceptor.invoke(ExposeInvocationInterceptor.java:97) ~[spring-aop-6.1.19.jar:6.1.19]
	at org.springframework.aop.framework.ReflectiveMethodInvocation.proceed(ReflectiveMethodInvocation.java:184) ~[spring-aop-6.1.19.jar:6.1.19]
	at org.springframework.aop.framework.CglibAopProxy$CglibMethodInvocation.proceed(CglibAopProxy.java:769) ~[spring-aop-6.1.19.jar:6.1.19]
	at org.springframework.aop.framework.CglibAopProxy$DynamicAdvisedInterceptor.intercept(CglibAopProxy.java:721) ~[spring-aop-6.1.19.jar:6.1.19]
	at com.example.store.controller.ReviewController$$SpringCGLIB$$0.merchantReply(<generated>) ~[classes/:na]
	at java.base/jdk.internal.reflect.DirectMethodHandleAccessor.invoke(DirectMethodHandleAccessor.java:103) ~[na:na]
	at java.base/java.lang.reflect.Method.invoke(Method.java:580) ~[na:na]
	at org.springframework.web.method.support.InvocableHandlerMethod.doInvoke(InvocableHandlerMethod.java:255) ~[spring-web-6.1.19.jar:6.1.19]
	at org.springframework.web.method.support.InvocableHandlerMethod.invokeForRequest(InvocableHandlerMethod.java:188) ~[spring-web-6.1.19.jar:6.1.19]
	at org.springframework.web.servlet.mvc.method.annotation.ServletInvocableHandlerMethod.invokeAndHandle(ServletInvocableHandlerMethod.java:118) ~[spring-webmvc-6.1.19.jar:6.1.19]
	at org.springframework.web.servlet.mvc.method.annotation.RequestMappingHandlerAdapter.invokeHandlerMethod(RequestMappingHandlerAdapter.java:926) ~[spring-webmvc-6.1.19.jar:6.1.19]
	at org.springframework.web.servlet.mvc.method.annotation.RequestMappingHandlerAdapter.handleInternal(RequestMappingHandlerAdapter.java:831) ~[spring-webmvc-6.1.19.jar:6.1.19]
	at org.springframework.web.servlet.mvc.method.AbstractHandlerMethodAdapter.handle(AbstractHandlerMethodAdapter.java:87) ~[spring-webmvc-6.1.19.jar:6.1.19]
	at org.springframework.web.servlet.DispatcherServlet.doDispatch(DispatcherServlet.java:1089) ~[spring-webmvc-6.1.19.jar:6.1.19]
	at org.springframework.web.servlet.DispatcherServlet.doService(DispatcherServlet.java:979) ~[spring-webmvc-6.1.19.jar:6.1.19]
	at org.springframework.web.servlet.FrameworkServlet.processRequest(FrameworkServlet.java:1014) ~[spring-webmvc-6.1.19.jar:6.1.19]
	at org.springframework.web.servlet.FrameworkServlet.doPost(FrameworkServlet.java:914) ~[spring-webmvc-6.1.19.jar:6.1.19]
	at jakarta.servlet.http.HttpServlet.service(HttpServlet.java:590) ~[tomcat-embed-core-10.1.40.jar:6.0]
	at org.springframework.web.servlet.FrameworkServlet.service(FrameworkServlet.java:885) ~[spring-webmvc-6.1.19.jar:6.1.19]
	at jakarta.servlet.http.HttpServlet.service(HttpServlet.java:658) ~[tomcat-embed-core-10.1.40.jar:6.0]
	at org.apache.catalina.core.ApplicationFilterChain.internalDoFilter(ApplicationFilterChain.java:195) ~[tomcat-embed-core-10.1.40.jar:10.1.40]
	at org.apache.catalina.core.ApplicationFilterChain.doFilter(ApplicationFilterChain.java:140) ~[tomcat-embed-core-10.1.40.jar:10.1.40]
	at org.apache.tomcat.websocket.server.WsFilter.doFilter(WsFilter.java:51) ~[tomcat-embed-websocket-10.1.40.jar:10.1.40]
	at org.apache.catalina.core.ApplicationFilterChain.internalDoFilter(ApplicationFilterChain.java:164) ~[tomcat-embed-core-10.1.40.jar:10.1.40]
	at org.apache.catalina.core.ApplicationFilterChain.doFilter(ApplicationFilterChain.java:140) ~[tomcat-embed-core-10.1.40.jar:10.1.40]
	at org.springframework.web.filter.OncePerRequestFilter.doFilter(OncePerRequestFilter.java:110) ~[spring-web-6.1.19.jar:6.1.19]
	at org.apache.catalina.core.ApplicationFilterChain.internalDoFilter(ApplicationFilterChain.java:164) ~[tomcat-embed-core-10.1.40.jar:10.1.40]
	at org.apache.catalina.core.ApplicationFilterChain.doFilter(ApplicationFilterChain.java:140) ~[tomcat-embed-core-10.1.40.jar:10.1.40]
	at org.springframework.web.filter.CompositeFilter$VirtualFilterChain.doFilter(CompositeFilter.java:108) ~[spring-web-6.1.19.jar:6.1.19]
	at org.springframework.security.web.FilterChainProxy.lambda$doFilterInternal$3(FilterChainProxy.java:231) ~[spring-security-web-6.3.9.jar:6.3.9]
	at org.springframework.security.web.FilterChainProxy$VirtualFilterChain.doFilter(FilterChainProxy.java:365) ~[spring-security-web-6.3.9.jar:6.3.9]
	at org.springframework.security.web.access.intercept.AuthorizationFilter.doFilter(AuthorizationFilter.java:100) ~[spring-security-web-6.3.9.jar:6.3.9]
	at org.springframework.security.web.FilterChainProxy$VirtualFilterChain.doFilter(FilterChainProxy.java:374) ~[spring-security-web-6.3.9.jar:6.3.9]
	at org.springframework.security.web.access.ExceptionTranslationFilter.doFilter(ExceptionTranslationFilter.java:126) ~[spring-security-web-6.3.9.jar:6.3.9]
	at org.springframework.security.web.access.ExceptionTranslationFilter.doFilter(ExceptionTranslationFilter.java:120) ~[spring-security-web-6.3.9.jar:6.3.9]
	at org.springframework.security.web.FilterChainProxy$VirtualFilterChain.doFilter(FilterChainProxy.java:374) ~[spring-security-web-6.3.9.jar:6.3.9]
	at org.springframework.security.web.session.SessionManagementFilter.doFilter(SessionManagementFilter.java:131) ~[spring-security-web-6.3.9.jar:6.3.9]
	at org.springframework.security.web.session.SessionManagementFilter.doFilter(SessionManagementFilter.java:85) ~[spring-security-web-6.3.9.jar:6.3.9]
	at org.springframework.security.web.FilterChainProxy$VirtualFilterChain.doFilter(FilterChainProxy.java:374) ~[spring-security-web-6.3.9.jar:6.3.9]
	at org.springframework.security.web.authentication.AnonymousAuthenticationFilter.doFilter(AnonymousAuthenticationFilter.java:100) ~[spring-security-web-6.3.9.jar:6.3.9]
	at org.springframework.security.web.FilterChainProxy$VirtualFilterChain.doFilter(FilterChainProxy.java:374) ~[spring-security-web-6.3.9.jar:6.3.9]
	at org.springframework.security.web.servletapi.SecurityContextHolderAwareRequestFilter.doFilter(SecurityContextHolderAwareRequestFilter.java:179) ~[spring-security-web-6.3.9.jar:6.3.9]
	at org.springframework.security.web.FilterChainProxy$VirtualFilterChain.doFilter(FilterChainProxy.java:374) ~[spring-security-web-6.3.9.jar:6.3.9]
	at org.springframework.security.web.savedrequest.RequestCacheAwareFilter.doFilter(RequestCacheAwareFilter.java:63) ~[spring-security-web-6.3.9.jar:6.3.9]
	at org.springframework.security.web.FilterChainProxy$VirtualFilterChain.doFilter(FilterChainProxy.java:374) ~[spring-security-web-6.3.9.jar:6.3.9]
	at com.example.store.security.JwtAuthenticationFilter.doFilterInternal(JwtAuthenticationFilter.java:92) ~[classes/:na]
	at org.springframework.web.filter.OncePerRequestFilter.doFilter(OncePerRequestFilter.java:116) ~[spring-web-6.1.19.jar:6.1.19]
	at org.springframework.security.web.FilterChainProxy$VirtualFilterChain.doFilter(FilterChainProxy.java:374) ~[spring-security-web-6.3.9.jar:6.3.9]
	at org.springframework.security.web.authentication.logout.LogoutFilter.doFilter(LogoutFilter.java:107) ~[spring-security-web-6.3.9.jar:6.3.9]
	at org.springframework.security.web.authentication.logout.LogoutFilter.doFilter(LogoutFilter.java:93) ~[spring-security-web-6.3.9.jar:6.3.9]
	at org.springframework.security.web.FilterChainProxy$VirtualFilterChain.doFilter(FilterChainProxy.java:374) ~[spring-security-web-6.3.9.jar:6.3.9]
	at org.springframework.web.filter.CorsFilter.doFilterInternal(CorsFilter.java:91) ~[spring-web-6.1.19.jar:6.1.19]
	at org.springframework.web.filter.OncePerRequestFilter.doFilter(OncePerRequestFilter.java:116) ~[spring-web-6.1.19.jar:6.1.19]
	at org.springframework.security.web.FilterChainProxy$VirtualFilterChain.doFilter(FilterChainProxy.java:374) ~[spring-security-web-6.3.9.jar:6.3.9]
	at org.springframework.security.web.header.HeaderWriterFilter.doHeadersAfter(HeaderWriterFilter.java:90) ~[spring-security-web-6.3.9.jar:6.3.9]
	at org.springframework.security.web.header.HeaderWriterFilter.doFilterInternal(HeaderWriterFilter.java:75) ~[spring-security-web-6.3.9.jar:6.3.9]
	at org.springframework.web.filter.OncePerRequestFilter.doFilter(OncePerRequestFilter.java:116) ~[spring-web-6.1.19.jar:6.1.19]
	at org.springframework.security.web.FilterChainProxy$VirtualFilterChain.doFilter(FilterChainProxy.java:374) ~[spring-security-web-6.3.9.jar:6.3.9]
	at org.springframework.security.web.context.SecurityContextHolderFilter.doFilter(SecurityContextHolderFilter.java:82) ~[spring-security-web-6.3.9.jar:6.3.9]
	at org.springframework.security.web.context.SecurityContextHolderFilter.doFilter(SecurityContextHolderFilter.java:69) ~[spring-security-web-6.3.9.jar:6.3.9]
	at org.springframework.security.web.FilterChainProxy$VirtualFilterChain.doFilter(FilterChainProxy.java:374) ~[spring-security-web-6.3.9.jar:6.3.9]
	at org.springframework.security.web.context.request.async.WebAsyncManagerIntegrationFilter.doFilterInternal(WebAsyncManagerIntegrationFilter.java:62) ~[spring-security-web-6.3.9.jar:6.3.9]
	at org.springframework.web.filter.OncePerRequestFilter.doFilter(OncePerRequestFilter.java:116) ~[spring-web-6.1.19.jar:6.1.19]
	at org.springframework.security.web.FilterChainProxy$VirtualFilterChain.doFilter(FilterChainProxy.java:374) ~[spring-security-web-6.3.9.jar:6.3.9]
	at org.springframework.security.web.session.DisableEncodeUrlFilter.doFilterInternal(DisableEncodeUrlFilter.java:42) ~[spring-security-web-6.3.9.jar:6.3.9]
	at org.springframework.web.filter.OncePerRequestFilter.doFilter(OncePerRequestFilter.java:116) ~[spring-web-6.1.19.jar:6.1.19]
	at org.springframework.security.web.FilterChainProxy$VirtualFilterChain.doFilter(FilterChainProxy.java:374) ~[spring-security-web-6.3.9.jar:6.3.9]
	at org.springframework.security.web.FilterChainProxy.doFilterInternal(FilterChainProxy.java:233) ~[spring-security-web-6.3.9.jar:6.3.9]
	at org.springframework.security.web.FilterChainProxy.doFilter(FilterChainProxy.java:191) ~[spring-security-web-6.3.9.jar:6.3.9]
	at org.springframework.web.filter.CompositeFilter$VirtualFilterChain.doFilter(CompositeFilter.java:113) ~[spring-web-6.1.19.jar:6.1.19]
	at org.springframework.web.servlet.handler.HandlerMappingIntrospector.lambda$createCacheFilter$3(HandlerMappingIntrospector.java:195) ~[spring-webmvc-6.1.19.jar:6.1.19]
	at org.springframework.web.filter.CompositeFilter$VirtualFilterChain.doFilter(CompositeFilter.java:113) ~[spring-web-6.1.19.jar:6.1.19]
	at org.springframework.web.filter.CompositeFilter.doFilter(CompositeFilter.java:74) ~[spring-web-6.1.19.jar:6.1.19]
	at org.springframework.security.config.annotation.web.configuration.WebMvcSecurityConfiguration$CompositeFilterChainProxy.doFilter(WebMvcSecurityConfiguration.java:230) ~[spring-security-config-6.3.9.jar:6.3.9]
	at org.springframework.web.filter.DelegatingFilterProxy.invokeDelegate(DelegatingFilterProxy.java:362) ~[spring-web-6.1.19.jar:6.1.19]
	at org.springframework.web.filter.DelegatingFilterProxy.doFilter(DelegatingFilterProxy.java:278) ~[spring-web-6.1.19.jar:6.1.19]
	at org.apache.catalina.core.ApplicationFilterChain.internalDoFilter(ApplicationFilterChain.java:164) ~[tomcat-embed-core-10.1.40.jar:10.1.40]
	at org.apache.catalina.core.ApplicationFilterChain.doFilter(ApplicationFilterChain.java:140) ~[tomcat-embed-core-10.1.40.jar:10.1.40]
	at org.springframework.web.filter.RequestContextFilter.doFilterInternal(RequestContextFilter.java:100) ~[spring-web-6.1.19.jar:6.1.19]
	at org.springframework.web.filter.OncePerRequestFilter.doFilter(OncePerRequestFilter.java:116) ~[spring-web-6.1.19.jar:6.1.19]
	at org.apache.catalina.core.ApplicationFilterChain.internalDoFilter(ApplicationFilterChain.java:164) ~[tomcat-embed-core-10.1.40.jar:10.1.40]
	at org.apache.catalina.core.ApplicationFilterChain.doFilter(ApplicationFilterChain.java:140) ~[tomcat-embed-core-10.1.40.jar:10.1.40]
	at org.springframework.web.filter.FormContentFilter.doFilterInternal(FormContentFilter.java:93) ~[spring-web-6.1.19.jar:6.1.19]
	at org.springframework.web.filter.OncePerRequestFilter.doFilter(OncePerRequestFilter.java:116) ~[spring-web-6.1.19.jar:6.1.19]
	at org.apache.catalina.core.ApplicationFilterChain.internalDoFilter(ApplicationFilterChain.java:164) ~[tomcat-embed-core-10.1.40.jar:10.1.40]
	at org.apache.catalina.core.ApplicationFilterChain.doFilter(ApplicationFilterChain.java:140) ~[tomcat-embed-core-10.1.40.jar:10.1.40]
	at org.springframework.web.filter.CharacterEncodingFilter.doFilterInternal(CharacterEncodingFilter.java:201) ~[spring-web-6.1.19.jar:6.1.19]
	at org.springframework.web.filter.OncePerRequestFilter.doFilter(OncePerRequestFilter.java:116) ~[spring-web-6.1.19.jar:6.1.19]
	at org.apache.catalina.core.ApplicationFilterChain.internalDoFilter(ApplicationFilterChain.java:164) ~[tomcat-embed-core-10.1.40.jar:10.1.40]
	at org.apache.catalina.core.ApplicationFilterChain.doFilter(ApplicationFilterChain.java:140) ~[tomcat-embed-core-10.1.40.jar:10.1.40]
	at org.apache.catalina.core.StandardWrapperValve.invoke(StandardWrapperValve.java:167) ~[tomcat-embed-core-10.1.40.jar:10.1.40]
	at org.apache.catalina.core.StandardContextValve.invoke(StandardContextValve.java:90) ~[tomcat-embed-core-10.1.40.jar:10.1.40]
	at org.apache.catalina.authenticator.AuthenticatorBase.invoke(AuthenticatorBase.java:483) ~[tomcat-embed-core-10.1.40.jar:10.1.40]
	at org.apache.catalina.core.StandardHostValve.invoke(StandardHostValve.java:116) ~[tomcat-embed-core-10.1.40.jar:10.1.40]
	at org.apache.catalina.valves.ErrorReportValve.invoke(ErrorReportValve.java:93) ~[tomcat-embed-core-10.1.40.jar:10.1.40]
	at org.apache.catalina.core.StandardEngineValve.invoke(StandardEngineValve.java:74) ~[tomcat-embed-core-10.1.40.jar:10.1.40]
	at org.apache.catalina.connector.CoyoteAdapter.service(CoyoteAdapter.java:344) ~[tomcat-embed-core-10.1.40.jar:10.1.40]
	at org.apache.coyote.http11.Http11Processor.service(Http11Processor.java:398) ~[tomcat-embed-core-10.1.40.jar:10.1.40]
	at org.apache.coyote.AbstractProcessorLight.process(AbstractProcessorLight.java:63) ~[tomcat-embed-core-10.1.40.jar:10.1.40]
	at org.apache.coyote.AbstractProtocol$ConnectionHandler.process(AbstractProtocol.java:903) ~[tomcat-embed-core-10.1.40.jar:10.1.40]
	at org.apache.tomcat.util.net.NioEndpoint$SocketProcessor.doRun(NioEndpoint.java:1740) ~[tomcat-embed-core-10.1.40.jar:10.1.40]
	at org.apache.tomcat.util.net.SocketProcessorBase.run(SocketProcessorBase.java:52) ~[tomcat-embed-core-10.1.40.jar:10.1.40]
	at org.apache.tomcat.util.threads.ThreadPoolExecutor.runWorker(ThreadPoolExecutor.java:1189) ~[tomcat-embed-core-10.1.40.jar:10.1.40]
	at org.apache.tomcat.util.threads.ThreadPoolExecutor$Worker.run(ThreadPoolExecutor.java:658) ~[tomcat-embed-core-10.1.40.jar:10.1.40]
	at org.apache.tomcat.util.threads.TaskThread$WrappingRunnable.run(TaskThread.java:63) ~[tomcat-embed-core-10.1.40.jar:10.1.40]
	at java.base/java.lang.Thread.run(Thread.java:1575) ~[na:na]

2026-05-25T01:45:46.870+08:00  INFO 28612 --- [store] [http-nio-8888-exec-2] com.example.store.aspect.LogAspect       : ============== AOP日志开始 ==============
2026-05-25T01:45:46.870+08:00  INFO 28612 --- [store] [http-nio-8888-exec-2] com.example.store.aspect.LogAspect       : 请求地址: http://localhost:8888/store/user/captcha
2026-05-25T01:45:46.870+08:00  INFO 28612 --- [store] [http-nio-8888-exec-2] com.example.store.aspect.LogAspect       : 请求方式: GET
2026-05-25T01:45:46.870+08:00  INFO 28612 --- [store] [http-nio-8888-exec-2] com.example.store.aspect.LogAspect       : 执行方法: com.example.store.controller.UserController.getCaptcha
2026-05-25T01:45:46.870+08:00  INFO 28612 --- [store] [http-nio-8888-exec-2] com.example.store.aspect.LogAspect       : 请求参数: []
2026-05-25T01:45:46.870+08:00  INFO 28612 --- [store] [http-nio-8888-exec-2] com.example.store.aspect.LogAspect       : ============== AOP日志结束 ==============
2026-05-25T01:45:58.698+08:00  INFO 28612 --- [store] [http-nio-8888-exec-7] com.example.store.aspect.LogAspect       : ============== AOP日志开始 ==============
2026-05-25T01:45:58.698+08:00  INFO 28612 --- [store] [http-nio-8888-exec-7] com.example.store.aspect.LogAspect       : 请求地址: http://localhost:8888/store/user/login
2026-05-25T01:45:58.698+08:00  INFO 28612 --- [store] [http-nio-8888-exec-7] com.example.store.aspect.LogAspect       : 请求方式: POST
2026-05-25T01:45:58.698+08:00  INFO 28612 --- [store] [http-nio-8888-exec-7] com.example.store.aspect.LogAspect       : 执行方法: com.example.store.controller.UserController.login
2026-05-25T01:45:58.698+08:00  INFO 28612 --- [store] [http-nio-8888-exec-7] com.example.store.aspect.LogAspect       : 请求参数: [LoginDTO(username=kk, password=123456, code=623f, uuid=4954960f-eca7-434c-8411-b78e54e68816)]
2026-05-25T01:45:58.698+08:00  INFO 28612 --- [store] [http-nio-8888-exec-7] com.example.store.aspect.LogAspect       : ============== AOP日志结束 ==============
2026-05-25T01:45:58.833+08:00  INFO 28612 --- [store] [http-nio-8888-exec-5] com.example.store.aspect.LogAspect       : ============== AOP日志开始 ==============
2026-05-25T01:45:58.833+08:00  INFO 28612 --- [store] [http-nio-8888-exec-5] com.example.store.aspect.LogAspect       : 请求地址: http://localhost:8888/store/shop/my
2026-05-25T01:45:58.834+08:00  INFO 28612 --- [store] [http-nio-8888-exec-5] com.example.store.aspect.LogAspect       : 请求方式: GET
2026-05-25T01:45:58.834+08:00  INFO 28612 --- [store] [http-nio-8888-exec-5] com.example.store.aspect.LogAspect       : 执行方法: com.example.store.controller.ShopController.myShops
2026-05-25T01:45:58.834+08:00  INFO 28612 --- [store] [http-nio-8888-exec-5] com.example.store.aspect.LogAspect       : 请求参数: [1, 10, null]
2026-05-25T01:45:58.835+08:00  INFO 28612 --- [store] [http-nio-8888-exec-5] com.example.store.aspect.LogAspect       : ============== AOP日志结束 ==============
2026-05-25T01:45:59.983+08:00  INFO 28612 --- [store] [http-nio-8888-exec-8] com.example.store.aspect.LogAspect       : ============== AOP日志开始 ==============
2026-05-25T01:45:59.983+08:00  INFO 28612 --- [store] [http-nio-8888-exec-6] com.example.store.aspect.LogAspect       : ============== AOP日志开始 ==============
2026-05-25T01:45:59.983+08:00  INFO 28612 --- [store] [http-nio-8888-exec-8] com.example.store.aspect.LogAspect       : 请求地址: http://localhost:8888/store/category/tree
2026-05-25T01:45:59.983+08:00  INFO 28612 --- [store] [http-nio-8888-exec-6] com.example.store.aspect.LogAspect       : 请求地址: http://localhost:8888/store/shop/my
2026-05-25T01:45:59.983+08:00  INFO 28612 --- [store] [http-nio-8888-exec-8] com.example.store.aspect.LogAspect       : 请求方式: GET
2026-05-25T01:45:59.983+08:00  INFO 28612 --- [store] [http-nio-8888-exec-6] com.example.store.aspect.LogAspect       : 请求方式: GET
2026-05-25T01:45:59.983+08:00  INFO 28612 --- [store] [http-nio-8888-exec-8] com.example.store.aspect.LogAspect       : 执行方法: com.example.store.controller.CategoryController.getTree
2026-05-25T01:45:59.986+08:00  INFO 28612 --- [store] [http-nio-8888-exec-6] com.example.store.aspect.LogAspect       : 执行方法: com.example.store.controller.ShopController.myShops
2026-05-25T01:45:59.986+08:00  INFO 28612 --- [store] [http-nio-8888-exec-8] com.example.store.aspect.LogAspect       : 请求参数: []
2026-05-25T01:45:59.986+08:00  INFO 28612 --- [store] [http-nio-8888-exec-6] com.example.store.aspect.LogAspect       : 请求参数: [1, 100, null]
2026-05-25T01:45:59.986+08:00  INFO 28612 --- [store] [http-nio-8888-exec-8] com.example.store.aspect.LogAspect       : ============== AOP日志结束 ==============
2026-05-25T01:45:59.986+08:00  INFO 28612 --- [store] [http-nio-8888-exec-6] com.example.store.aspect.LogAspect       : ============== AOP日志结束 ==============
2026-05-25T01:46:00.058+08:00  INFO 28612 --- [store] [http-nio-8888-exec-10] com.example.store.aspect.LogAspect       : ============== AOP日志开始 ==============
2026-05-25T01:46:00.058+08:00  INFO 28612 --- [store] [http-nio-8888-exec-10] com.example.store.aspect.LogAspect       : 请求地址: http://localhost:8888/store/goods/my
2026-05-25T01:46:00.059+08:00  INFO 28612 --- [store] [http-nio-8888-exec-10] com.example.store.aspect.LogAspect       : 请求方式: GET
2026-05-25T01:46:00.060+08:00  INFO 28612 --- [store] [http-nio-8888-exec-10] com.example.store.aspect.LogAspect       : 执行方法: com.example.store.controller.GoodsController.myGoods
2026-05-25T01:46:00.061+08:00  INFO 28612 --- [store] [http-nio-8888-exec-10] com.example.store.aspect.LogAspect       : 请求参数: [1, 10, , ]
2026-05-25T01:46:00.062+08:00  INFO 28612 --- [store] [http-nio-8888-exec-10] com.example.store.aspect.LogAspect       : ============== AOP日志结束 ==============
2026-05-25T01:46:01.937+08:00  INFO 28612 --- [store] [http-nio-8888-exec-5] com.example.store.aspect.LogAspect       : ============== AOP日志开始 ==============
2026-05-25T01:46:01.937+08:00  INFO 28612 --- [store] [http-nio-8888-exec-5] com.example.store.aspect.LogAspect       : 请求地址: http://localhost:8888/store/goods/my
2026-05-25T01:46:01.937+08:00  INFO 28612 --- [store] [http-nio-8888-exec-5] com.example.store.aspect.LogAspect       : 请求方式: GET
2026-05-25T01:46:01.937+08:00  INFO 28612 --- [store] [http-nio-8888-exec-5] com.example.store.aspect.LogAspect       : 执行方法: com.example.store.controller.GoodsController.myGoods
2026-05-25T01:46:01.938+08:00  INFO 28612 --- [store] [http-nio-8888-exec-5] com.example.store.aspect.LogAspect       : 请求参数: [2, 10, , ]
2026-05-25T01:46:01.939+08:00  INFO 28612 --- [store] [http-nio-8888-exec-5] com.example.store.aspect.LogAspect       : ============== AOP日志结束 ==============
2026-05-25T01:46:03.222+08:00  INFO 28612 --- [store] [http-nio-8888-exec-5] com.example.store.aspect.LogAspect       : ============== AOP日志开始 ==============
2026-05-25T01:46:03.223+08:00  INFO 28612 --- [store] [http-nio-8888-exec-5] com.example.store.aspect.LogAspect       : 请求地址: http://localhost:8888/store/review/list/27d83564a605736d828c7cd7a4ee5256
2026-05-25T01:46:03.224+08:00  INFO 28612 --- [store] [http-nio-8888-exec-5] com.example.store.aspect.LogAspect       : 请求方式: GET
2026-05-25T01:46:03.224+08:00  INFO 28612 --- [store] [http-nio-8888-exec-5] com.example.store.aspect.LogAspect       : 执行方法: com.example.store.controller.ReviewController.getReviewList
2026-05-25T01:46:03.224+08:00  INFO 28612 --- [store] [http-nio-8888-exec-5] com.example.store.aspect.LogAspect       : 请求参数: [27d83564a605736d828c7cd7a4ee5256, 1, 10, null]
2026-05-25T01:46:03.224+08:00  INFO 28612 --- [store] [http-nio-8888-exec-5] com.example.store.aspect.LogAspect       : ============== AOP日志结束 ==============
2026-05-25T01:47:05.410+08:00  INFO 28612 --- [store] [http-nio-8888-exec-9] com.example.store.aspect.LogAspect       : ============== AOP日志开始 ==============
2026-05-25T01:47:05.410+08:00  INFO 28612 --- [store] [http-nio-8888-exec-9] com.example.store.aspect.LogAspect       : 请求地址: http://localhost:8888/store/review/merchant/reply
2026-05-25T01:47:05.411+08:00  INFO 28612 --- [store] [http-nio-8888-exec-9] com.example.store.aspect.LogAspect       : 请求方式: POST
2026-05-25T01:47:05.411+08:00  INFO 28612 --- [store] [http-nio-8888-exec-9] com.example.store.aspect.LogAspect       : 执行方法: com.example.store.controller.ReviewController.merchantReply
2026-05-25T01:47:05.412+08:00  INFO 28612 --- [store] [http-nio-8888-exec-9] com.example.store.aspect.LogAspect       : 请求参数: [MerchantReplyDTO(reviewId=575be180b322f4ddd3600c098fd67c25, content=d)]
2026-05-25T01:47:05.413+08:00  INFO 28612 --- [store] [http-nio-8888-exec-9] com.example.store.aspect.LogAspect       : ============== AOP日志结束 ==============
2026-05-25T01:47:05.419+08:00 ERROR 28612 --- [store] [http-nio-8888-exec-9] o.a.c.c.C.[.[.[.[dispatcherServlet]      : Servlet.service() for servlet [dispatcherServlet] in context with path [/store] threw exception [Request processing failed: org.apache.ibatis.exceptions.TooManyResultsException: Expected one result (or null) to be returned by selectOne(), but found: 7] with root cause

org.apache.ibatis.exceptions.TooManyResultsException: Expected one result (or null) to be returned by selectOne(), but found: 7
	at com.baomidou.mybatisplus.core.mapper.BaseMapper.selectOne(BaseMapper.java:229) ~[mybatis-plus-core-3.5.6.jar:3.5.6]
	at java.base/java.lang.invoke.MethodHandle.invokeWithArguments(MethodHandle.java:735) ~[na:na]
	at com.baomidou.mybatisplus.core.override.MybatisMapperProxy$DefaultMethodInvoker.invoke(MybatisMapperProxy.java:163) ~[mybatis-plus-core-3.5.6.jar:3.5.6]
	at com.baomidou.mybatisplus.core.override.MybatisMapperProxy.invoke(MybatisMapperProxy.java:90) ~[mybatis-plus-core-3.5.6.jar:3.5.6]
	at jdk.proxy2/jdk.proxy2.$Proxy121.selectOne(Unknown Source) ~[na:na]
	at com.baomidou.mybatisplus.core.mapper.BaseMapper.selectOne(BaseMapper.java:212) ~[mybatis-plus-core-3.5.6.jar:3.5.6]
	at java.base/java.lang.invoke.MethodHandle.invokeWithArguments(MethodHandle.java:735) ~[na:na]
	at com.baomidou.mybatisplus.core.override.MybatisMapperProxy$DefaultMethodInvoker.invoke(MybatisMapperProxy.java:163) ~[mybatis-plus-core-3.5.6.jar:3.5.6]
	at com.baomidou.mybatisplus.core.override.MybatisMapperProxy.invoke(MybatisMapperProxy.java:90) ~[mybatis-plus-core-3.5.6.jar:3.5.6]
	at jdk.proxy2/jdk.proxy2.$Proxy121.selectOne(Unknown Source) ~[na:na]
	at com.example.store.service.impl.ReviewServiceImpl.merchantReply(ReviewServiceImpl.java:164) ~[classes/:na]
	at java.base/jdk.internal.reflect.DirectMethodHandleAccessor.invoke(DirectMethodHandleAccessor.java:103) ~[na:na]
	at java.base/java.lang.reflect.Method.invoke(Method.java:580) ~[na:na]
	at org.springframework.aop.support.AopUtils.invokeJoinpointUsingReflection(AopUtils.java:355) ~[spring-aop-6.1.19.jar:6.1.19]
	at org.springframework.aop.framework.ReflectiveMethodInvocation.invokeJoinpoint(ReflectiveMethodInvocation.java:196) ~[spring-aop-6.1.19.jar:6.1.19]
	at org.springframework.aop.framework.ReflectiveMethodInvocation.proceed(ReflectiveMethodInvocation.java:163) ~[spring-aop-6.1.19.jar:6.1.19]
	at org.springframework.aop.framework.CglibAopProxy$CglibMethodInvocation.proceed(CglibAopProxy.java:769) ~[spring-aop-6.1.19.jar:6.1.19]
	at org.springframework.transaction.interceptor.TransactionAspectSupport.invokeWithinTransaction(TransactionAspectSupport.java:379) ~[spring-tx-6.1.19.jar:6.1.19]
	at org.springframework.transaction.interceptor.TransactionInterceptor.invoke(TransactionInterceptor.java:119) ~[spring-tx-6.1.19.jar:6.1.19]
	at org.springframework.aop.framework.ReflectiveMethodInvocation.proceed(ReflectiveMethodInvocation.java:184) ~[spring-aop-6.1.19.jar:6.1.19]
	at org.springframework.aop.framework.CglibAopProxy$CglibMethodInvocation.proceed(CglibAopProxy.java:769) ~[spring-aop-6.1.19.jar:6.1.19]
	at org.springframework.aop.framework.CglibAopProxy$DynamicAdvisedInterceptor.intercept(CglibAopProxy.java:721) ~[spring-aop-6.1.19.jar:6.1.19]
	at com.example.store.service.impl.ReviewServiceImpl$$SpringCGLIB$$0.merchantReply(<generated>) ~[classes/:na]
	at com.example.store.controller.ReviewController.merchantReply(ReviewController.java:75) ~[classes/:na]
	at java.base/jdk.internal.reflect.DirectMethodHandleAccessor.invoke(DirectMethodHandleAccessor.java:103) ~[na:na]
	at java.base/java.lang.reflect.Method.invoke(Method.java:580) ~[na:na]
	at org.springframework.aop.support.AopUtils.invokeJoinpointUsingReflection(AopUtils.java:355) ~[spring-aop-6.1.19.jar:6.1.19]
	at org.springframework.aop.framework.ReflectiveMethodInvocation.invokeJoinpoint(ReflectiveMethodInvocation.java:196) ~[spring-aop-6.1.19.jar:6.1.19]
	at org.springframework.aop.framework.ReflectiveMethodInvocation.proceed(ReflectiveMethodInvocation.java:163) ~[spring-aop-6.1.19.jar:6.1.19]
	at org.springframework.aop.framework.CglibAopProxy$CglibMethodInvocation.proceed(CglibAopProxy.java:769) ~[spring-aop-6.1.19.jar:6.1.19]
	at org.springframework.aop.framework.adapter.MethodBeforeAdviceInterceptor.invoke(MethodBeforeAdviceInterceptor.java:58) ~[spring-aop-6.1.19.jar:6.1.19]
	at org.springframework.aop.framework.ReflectiveMethodInvocation.proceed(ReflectiveMethodInvocation.java:184) ~[spring-aop-6.1.19.jar:6.1.19]
	at org.springframework.aop.framework.CglibAopProxy$CglibMethodInvocation.proceed(CglibAopProxy.java:769) ~[spring-aop-6.1.19.jar:6.1.19]
	at org.springframework.aop.interceptor.ExposeInvocationInterceptor.invoke(ExposeInvocationInterceptor.java:97) ~[spring-aop-6.1.19.jar:6.1.19]
	at org.springframework.aop.framework.ReflectiveMethodInvocation.proceed(ReflectiveMethodInvocation.java:184) ~[spring-aop-6.1.19.jar:6.1.19]
	at org.springframework.aop.framework.CglibAopProxy$CglibMethodInvocation.proceed(CglibAopProxy.java:769) ~[spring-aop-6.1.19.jar:6.1.19]
	at org.springframework.aop.framework.CglibAopProxy$DynamicAdvisedInterceptor.intercept(CglibAopProxy.java:721) ~[spring-aop-6.1.19.jar:6.1.19]
	at com.example.store.controller.ReviewController$$SpringCGLIB$$0.merchantReply(<generated>) ~[classes/:na]
	at java.base/jdk.internal.reflect.DirectMethodHandleAccessor.invoke(DirectMethodHandleAccessor.java:103) ~[na:na]
	at java.base/java.lang.reflect.Method.invoke(Method.java:580) ~[na:na]
	at org.springframework.web.method.support.InvocableHandlerMethod.doInvoke(InvocableHandlerMethod.java:255) ~[spring-web-6.1.19.jar:6.1.19]
	at org.springframework.web.method.support.InvocableHandlerMethod.invokeForRequest(InvocableHandlerMethod.java:188) ~[spring-web-6.1.19.jar:6.1.19]
	at org.springframework.web.servlet.mvc.method.annotation.ServletInvocableHandlerMethod.invokeAndHandle(ServletInvocableHandlerMethod.java:118) ~[spring-webmvc-6.1.19.jar:6.1.19]
	at org.springframework.web.servlet.mvc.method.annotation.RequestMappingHandlerAdapter.invokeHandlerMethod(RequestMappingHandlerAdapter.java:926) ~[spring-webmvc-6.1.19.jar:6.1.19]
	at org.springframework.web.servlet.mvc.method.annotation.RequestMappingHandlerAdapter.handleInternal(RequestMappingHandlerAdapter.java:831) ~[spring-webmvc-6.1.19.jar:6.1.19]
	at org.springframework.web.servlet.mvc.method.AbstractHandlerMethodAdapter.handle(AbstractHandlerMethodAdapter.java:87) ~[spring-webmvc-6.1.19.jar:6.1.19]
	at org.springframework.web.servlet.DispatcherServlet.doDispatch(DispatcherServlet.java:1089) ~[spring-webmvc-6.1.19.jar:6.1.19]
	at org.springframework.web.servlet.DispatcherServlet.doService(DispatcherServlet.java:979) ~[spring-webmvc-6.1.19.jar:6.1.19]
	at org.springframework.web.servlet.FrameworkServlet.processRequest(FrameworkServlet.java:1014) ~[spring-webmvc-6.1.19.jar:6.1.19]
	at org.springframework.web.servlet.FrameworkServlet.doPost(FrameworkServlet.java:914) ~[spring-webmvc-6.1.19.jar:6.1.19]
	at jakarta.servlet.http.HttpServlet.service(HttpServlet.java:590) ~[tomcat-embed-core-10.1.40.jar:6.0]
	at org.springframework.web.servlet.FrameworkServlet.service(FrameworkServlet.java:885) ~[spring-webmvc-6.1.19.jar:6.1.19]
	at jakarta.servlet.http.HttpServlet.service(HttpServlet.java:658) ~[tomcat-embed-core-10.1.40.jar:6.0]
	at org.apache.catalina.core.ApplicationFilterChain.internalDoFilter(ApplicationFilterChain.java:195) ~[tomcat-embed-core-10.1.40.jar:10.1.40]
	at org.apache.catalina.core.ApplicationFilterChain.doFilter(ApplicationFilterChain.java:140) ~[tomcat-embed-core-10.1.40.jar:10.1.40]
	at org.apache.tomcat.websocket.server.WsFilter.doFilter(WsFilter.java:51) ~[tomcat-embed-websocket-10.1.40.jar:10.1.40]
	at org.apache.catalina.core.ApplicationFilterChain.internalDoFilter(ApplicationFilterChain.java:164) ~[tomcat-embed-core-10.1.40.jar:10.1.40]
	at org.apache.catalina.core.ApplicationFilterChain.doFilter(ApplicationFilterChain.java:140) ~[tomcat-embed-core-10.1.40.jar:10.1.40]
	at org.springframework.web.filter.OncePerRequestFilter.doFilter(OncePerRequestFilter.java:110) ~[spring-web-6.1.19.jar:6.1.19]
	at org.apache.catalina.core.ApplicationFilterChain.internalDoFilter(ApplicationFilterChain.java:164) ~[tomcat-embed-core-10.1.40.jar:10.1.40]
	at org.apache.catalina.core.ApplicationFilterChain.doFilter(ApplicationFilterChain.java:140) ~[tomcat-embed-core-10.1.40.jar:10.1.40]
	at org.springframework.web.filter.CompositeFilter$VirtualFilterChain.doFilter(CompositeFilter.java:108) ~[spring-web-6.1.19.jar:6.1.19]
	at org.springframework.security.web.FilterChainProxy.lambda$doFilterInternal$3(FilterChainProxy.java:231) ~[spring-security-web-6.3.9.jar:6.3.9]
	at org.springframework.security.web.FilterChainProxy$VirtualFilterChain.doFilter(FilterChainProxy.java:365) ~[spring-security-web-6.3.9.jar:6.3.9]
	at org.springframework.security.web.access.intercept.AuthorizationFilter.doFilter(AuthorizationFilter.java:100) ~[spring-security-web-6.3.9.jar:6.3.9]
	at org.springframework.security.web.FilterChainProxy$VirtualFilterChain.doFilter(FilterChainProxy.java:374) ~[spring-security-web-6.3.9.jar:6.3.9]
	at org.springframework.security.web.access.ExceptionTranslationFilter.doFilter(ExceptionTranslationFilter.java:126) ~[spring-security-web-6.3.9.jar:6.3.9]
	at org.springframework.security.web.access.ExceptionTranslationFilter.doFilter(ExceptionTranslationFilter.java:120) ~[spring-security-web-6.3.9.jar:6.3.9]
	at org.springframework.security.web.FilterChainProxy$VirtualFilterChain.doFilter(FilterChainProxy.java:374) ~[spring-security-web-6.3.9.jar:6.3.9]
	at org.springframework.security.web.session.SessionManagementFilter.doFilter(SessionManagementFilter.java:131) ~[spring-security-web-6.3.9.jar:6.3.9]
	at org.springframework.security.web.session.SessionManagementFilter.doFilter(SessionManagementFilter.java:85) ~[spring-security-web-6.3.9.jar:6.3.9]
	at org.springframework.security.web.FilterChainProxy$VirtualFilterChain.doFilter(FilterChainProxy.java:374) ~[spring-security-web-6.3.9.jar:6.3.9]
	at org.springframework.security.web.authentication.AnonymousAuthenticationFilter.doFilter(AnonymousAuthenticationFilter.java:100) ~[spring-security-web-6.3.9.jar:6.3.9]
	at org.springframework.security.web.FilterChainProxy$VirtualFilterChain.doFilter(FilterChainProxy.java:374) ~[spring-security-web-6.3.9.jar:6.3.9]
	at org.springframework.security.web.servletapi.SecurityContextHolderAwareRequestFilter.doFilter(SecurityContextHolderAwareRequestFilter.java:179) ~[spring-security-web-6.3.9.jar:6.3.9]
	at org.springframework.security.web.FilterChainProxy$VirtualFilterChain.doFilter(FilterChainProxy.java:374) ~[spring-security-web-6.3.9.jar:6.3.9]
	at org.springframework.security.web.savedrequest.RequestCacheAwareFilter.doFilter(RequestCacheAwareFilter.java:63) ~[spring-security-web-6.3.9.jar:6.3.9]
	at org.springframework.security.web.FilterChainProxy$VirtualFilterChain.doFilter(FilterChainProxy.java:374) ~[spring-security-web-6.3.9.jar:6.3.9]
	at com.example.store.security.JwtAuthenticationFilter.doFilterInternal(JwtAuthenticationFilter.java:92) ~[classes/:na]
	at org.springframework.web.filter.OncePerRequestFilter.doFilter(OncePerRequestFilter.java:116) ~[spring-web-6.1.19.jar:6.1.19]
	at org.springframework.security.web.FilterChainProxy$VirtualFilterChain.doFilter(FilterChainProxy.java:374) ~[spring-security-web-6.3.9.jar:6.3.9]
	at org.springframework.security.web.authentication.logout.LogoutFilter.doFilter(LogoutFilter.java:107) ~[spring-security-web-6.3.9.jar:6.3.9]
	at org.springframework.security.web.authentication.logout.LogoutFilter.doFilter(LogoutFilter.java:93) ~[spring-security-web-6.3.9.jar:6.3.9]
	at org.springframework.security.web.FilterChainProxy$VirtualFilterChain.doFilter(FilterChainProxy.java:374) ~[spring-security-web-6.3.9.jar:6.3.9]
	at org.springframework.web.filter.CorsFilter.doFilterInternal(CorsFilter.java:91) ~[spring-web-6.1.19.jar:6.1.19]
	at org.springframework.web.filter.OncePerRequestFilter.doFilter(OncePerRequestFilter.java:116) ~[spring-web-6.1.19.jar:6.1.19]
	at org.springframework.security.web.FilterChainProxy$VirtualFilterChain.doFilter(FilterChainProxy.java:374) ~[spring-security-web-6.3.9.jar:6.3.9]
	at org.springframework.security.web.header.HeaderWriterFilter.doHeadersAfter(HeaderWriterFilter.java:90) ~[spring-security-web-6.3.9.jar:6.3.9]
	at org.springframework.security.web.header.HeaderWriterFilter.doFilterInternal(HeaderWriterFilter.java:75) ~[spring-security-web-6.3.9.jar:6.3.9]
	at org.springframework.web.filter.OncePerRequestFilter.doFilter(OncePerRequestFilter.java:116) ~[spring-web-6.1.19.jar:6.1.19]
	at org.springframework.security.web.FilterChainProxy$VirtualFilterChain.doFilter(FilterChainProxy.java:374) ~[spring-security-web-6.3.9.jar:6.3.9]
	at org.springframework.security.web.context.SecurityContextHolderFilter.doFilter(SecurityContextHolderFilter.java:82) ~[spring-security-web-6.3.9.jar:6.3.9]
	at org.springframework.security.web.context.SecurityContextHolderFilter.doFilter(SecurityContextHolderFilter.java:69) ~[spring-security-web-6.3.9.jar:6.3.9]
	at org.springframework.security.web.FilterChainProxy$VirtualFilterChain.doFilter(FilterChainProxy.java:374) ~[spring-security-web-6.3.9.jar:6.3.9]
	at org.springframework.security.web.context.request.async.WebAsyncManagerIntegrationFilter.doFilterInternal(WebAsyncManagerIntegrationFilter.java:62) ~[spring-security-web-6.3.9.jar:6.3.9]
	at org.springframework.web.filter.OncePerRequestFilter.doFilter(OncePerRequestFilter.java:116) ~[spring-web-6.1.19.jar:6.1.19]
	at org.springframework.security.web.FilterChainProxy$VirtualFilterChain.doFilter(FilterChainProxy.java:374) ~[spring-security-web-6.3.9.jar:6.3.9]
	at org.springframework.security.web.session.DisableEncodeUrlFilter.doFilterInternal(DisableEncodeUrlFilter.java:42) ~[spring-security-web-6.3.9.jar:6.3.9]
	at org.springframework.web.filter.OncePerRequestFilter.doFilter(OncePerRequestFilter.java:116) ~[spring-web-6.1.19.jar:6.1.19]
	at org.springframework.security.web.FilterChainProxy$VirtualFilterChain.doFilter(FilterChainProxy.java:374) ~[spring-security-web-6.3.9.jar:6.3.9]
	at org.springframework.security.web.FilterChainProxy.doFilterInternal(FilterChainProxy.java:233) ~[spring-security-web-6.3.9.jar:6.3.9]
	at org.springframework.security.web.FilterChainProxy.doFilter(FilterChainProxy.java:191) ~[spring-security-web-6.3.9.jar:6.3.9]
	at org.springframework.web.filter.CompositeFilter$VirtualFilterChain.doFilter(CompositeFilter.java:113) ~[spring-web-6.1.19.jar:6.1.19]
	at org.springframework.web.servlet.handler.HandlerMappingIntrospector.lambda$createCacheFilter$3(HandlerMappingIntrospector.java:195) ~[spring-webmvc-6.1.19.jar:6.1.19]
	at org.springframework.web.filter.CompositeFilter$VirtualFilterChain.doFilter(CompositeFilter.java:113) ~[spring-web-6.1.19.jar:6.1.19]
	at org.springframework.web.filter.CompositeFilter.doFilter(CompositeFilter.java:74) ~[spring-web-6.1.19.jar:6.1.19]
	at org.springframework.security.config.annotation.web.configuration.WebMvcSecurityConfiguration$CompositeFilterChainProxy.doFilter(WebMvcSecurityConfiguration.java:230) ~[spring-security-config-6.3.9.jar:6.3.9]
	at org.springframework.web.filter.DelegatingFilterProxy.invokeDelegate(DelegatingFilterProxy.java:362) ~[spring-web-6.1.19.jar:6.1.19]
	at org.springframework.web.filter.DelegatingFilterProxy.doFilter(DelegatingFilterProxy.java:278) ~[spring-web-6.1.19.jar:6.1.19]
	at org.apache.catalina.core.ApplicationFilterChain.internalDoFilter(ApplicationFilterChain.java:164) ~[tomcat-embed-core-10.1.40.jar:10.1.40]
	at org.apache.catalina.core.ApplicationFilterChain.doFilter(ApplicationFilterChain.java:140) ~[tomcat-embed-core-10.1.40.jar:10.1.40]
	at org.springframework.web.filter.RequestContextFilter.doFilterInternal(RequestContextFilter.java:100) ~[spring-web-6.1.19.jar:6.1.19]
	at org.springframework.web.filter.OncePerRequestFilter.doFilter(OncePerRequestFilter.java:116) ~[spring-web-6.1.19.jar:6.1.19]
	at org.apache.catalina.core.ApplicationFilterChain.internalDoFilter(ApplicationFilterChain.java:164) ~[tomcat-embed-core-10.1.40.jar:10.1.40]
	at org.apache.catalina.core.ApplicationFilterChain.doFilter(ApplicationFilterChain.java:140) ~[tomcat-embed-core-10.1.40.jar:10.1.40]
	at org.springframework.web.filter.FormContentFilter.doFilterInternal(FormContentFilter.java:93) ~[spring-web-6.1.19.jar:6.1.19]
	at org.springframework.web.filter.OncePerRequestFilter.doFilter(OncePerRequestFilter.java:116) ~[spring-web-6.1.19.jar:6.1.19]
	at org.apache.catalina.core.ApplicationFilterChain.internalDoFilter(ApplicationFilterChain.java:164) ~[tomcat-embed-core-10.1.40.jar:10.1.40]
	at org.apache.catalina.core.ApplicationFilterChain.doFilter(ApplicationFilterChain.java:140) ~[tomcat-embed-core-10.1.40.jar:10.1.40]
	at org.springframework.web.filter.CharacterEncodingFilter.doFilterInternal(CharacterEncodingFilter.java:201) ~[spring-web-6.1.19.jar:6.1.19]
	at org.springframework.web.filter.OncePerRequestFilter.doFilter(OncePerRequestFilter.java:116) ~[spring-web-6.1.19.jar:6.1.19]
	at org.apache.catalina.core.ApplicationFilterChain.internalDoFilter(ApplicationFilterChain.java:164) ~[tomcat-embed-core-10.1.40.jar:10.1.40]
	at org.apache.catalina.core.ApplicationFilterChain.doFilter(ApplicationFilterChain.java:140) ~[tomcat-embed-core-10.1.40.jar:10.1.40]
	at org.apache.catalina.core.StandardWrapperValve.invoke(StandardWrapperValve.java:167) ~[tomcat-embed-core-10.1.40.jar:10.1.40]
	at org.apache.catalina.core.StandardContextValve.invoke(StandardContextValve.java:90) ~[tomcat-embed-core-10.1.40.jar:10.1.40]
	at org.apache.catalina.authenticator.AuthenticatorBase.invoke(AuthenticatorBase.java:483) ~[tomcat-embed-core-10.1.40.jar:10.1.40]
	at org.apache.catalina.core.StandardHostValve.invoke(StandardHostValve.java:116) ~[tomcat-embed-core-10.1.40.jar:10.1.40]
	at org.apache.catalina.valves.ErrorReportValve.invoke(ErrorReportValve.java:93) ~[tomcat-embed-core-10.1.40.jar:10.1.40]
	at org.apache.catalina.core.StandardEngineValve.invoke(StandardEngineValve.java:74) ~[tomcat-embed-core-10.1.40.jar:10.1.40]
	at org.apache.catalina.connector.CoyoteAdapter.service(CoyoteAdapter.java:344) ~[tomcat-embed-core-10.1.40.jar:10.1.40]
	at org.apache.coyote.http11.Http11Processor.service(Http11Processor.java:398) ~[tomcat-embed-core-10.1.40.jar:10.1.40]
	at org.apache.coyote.AbstractProcessorLight.process(AbstractProcessorLight.java:63) ~[tomcat-embed-core-10.1.40.jar:10.1.40]
	at org.apache.coyote.AbstractProtocol$ConnectionHandler.process(AbstractProtocol.java:903) ~[tomcat-embed-core-10.1.40.jar:10.1.40]
	at org.apache.tomcat.util.net.NioEndpoint$SocketProcessor.doRun(NioEndpoint.java:1740) ~[tomcat-embed-core-10.1.40.jar:10.1.40]
	at org.apache.tomcat.util.net.SocketProcessorBase.run(SocketProcessorBase.java:52) ~[tomcat-embed-core-10.1.40.jar:10.1.40]
	at org.apache.tomcat.util.threads.ThreadPoolExecutor.runWorker(ThreadPoolExecutor.java:1189) ~[tomcat-embed-core-10.1.40.jar:10.1.40]
	at org.apache.tomcat.util.threads.ThreadPoolExecutor$Worker.run(ThreadPoolExecutor.java:658) ~[tomcat-embed-core-10.1.40.jar:10.1.40]
	at org.apache.tomcat.util.threads.TaskThread$WrappingRunnable.run(TaskThread.java:63) ~[tomcat-embed-core-10.1.40.jar:10.1.40]
	at java.base/java.lang.Thread.run(Thread.java:1575) ~[na:na]

2026-05-25T01:47:05.794+08:00  INFO 28612 --- [store] [http-nio-8888-exec-5] com.example.store.aspect.LogAspect       : ============== AOP日志开始 ==============
2026-05-25T01:47:05.794+08:00  INFO 28612 --- [store] [http-nio-8888-exec-5] com.example.store.aspect.LogAspect       : 请求地址: http://localhost:8888/store/user/captcha
2026-05-25T01:47:05.794+08:00  INFO 28612 --- [store] [http-nio-8888-exec-5] com.example.store.aspect.LogAspect       : 请求方式: GET
2026-05-25T01:47:05.794+08:00  INFO 28612 --- [store] [http-nio-8888-exec-5] com.example.store.aspect.LogAspect       : 执行方法: com.example.store.controller.UserController.getCaptcha
2026-05-25T01:47:05.797+08:00  INFO 28612 --- [store] [http-nio-8888-exec-5] com.example.store.aspect.LogAspect       : 请求参数: []
2026-05-25T01:47:05.797+08:00  INFO 28612 --- [store] [http-nio-8888-exec-5] com.example.store.aspect.LogAspect       : ============== AOP日志结束 ==============
2026-05-25T02:04:44.697+08:00  INFO 28612 --- [store] [org.springframework.amqp.rabbit.RabbitListenerEndpointContainer#0-2] o.s.a.r.l.SimpleMessageListenerContainer : Waiting for workers to finish.
2026-05-25T02:04:44.702+08:00  INFO 28612 --- [store] [org.springframework.amqp.rabbit.RabbitListenerEndpointContainer#1-2] o.s.a.r.l.SimpleMessageListenerContainer : Waiting for workers to finish.
2026-05-25T02:04:44.707+08:00  INFO 28612 --- [store] [org.springframework.amqp.rabbit.RabbitListenerEndpointContainer#2-2] o.s.a.r.l.SimpleMessageListenerContainer : Waiting for workers to finish.
2026-05-25T02:04:44.849+08:00  INFO 28612 --- [store] [org.springframework.amqp.rabbit.RabbitListenerEndpointContainer#1-2] o.s.a.r.l.SimpleMessageListenerContainer : Successfully waited for workers to finish.
2026-05-25T02:04:44.849+08:00  INFO 28612 --- [store] [org.springframework.amqp.rabbit.RabbitListenerEndpointContainer#0-2] o.s.a.r.l.SimpleMessageListenerContainer : Successfully waited for workers to finish.
2026-05-25T02:04:44.849+08:00  INFO 28612 --- [store] [org.springframework.amqp.rabbit.RabbitListenerEndpointContainer#2-2] o.s.a.r.l.SimpleMessageListenerContainer : Successfully waited for workers to finish.
2026-05-25T02:04:44.894+08:00  INFO 28612 --- [store] [SpringApplicationShutdownHook] com.zaxxer.hikari.HikariDataSource       : HikariPool-1 - Shutdown initiated...
2026-05-25T02:04:44.901+08:00  INFO 28612 --- [store] [SpringApplicationShutdownHook] com.zaxxer.hikari.HikariDataSource       : HikariPool-1 - Shutdown completed.
